[2026-05-13T15:35:28.699+0000] {processor.py:161} INFO - Started process (PID=2767) to work on /opt/airflow/dags/main.py
[2026-05-13T15:35:28.701+0000] {processor.py:830} INFO - Processing file /opt/airflow/dags/main.py for tasks to queue
[2026-05-13T15:35:28.703+0000] {logging_mixin.py:188} INFO - [2026-05-13T15:35:28.702+0000] {dagbag.py:545} INFO - Filling up the DagBag from /opt/airflow/dags/main.py
[2026-05-13T15:35:29.189+0000] {processor.py:840} INFO - DAG(s) 'produce_json' retrieved from /opt/airflow/dags/main.py
[2026-05-13T15:35:29.497+0000] {logging_mixin.py:188} INFO - [2026-05-13T15:35:29.496+0000] {override.py:1829} INFO - Created Permission View: can edit on DAG:produce_json
[2026-05-13T15:35:29.514+0000] {logging_mixin.py:188} INFO - [2026-05-13T15:35:29.513+0000] {override.py:1829} INFO - Created Permission View: can read on DAG:produce_json
[2026-05-13T15:35:29.527+0000] {logging_mixin.py:188} INFO - [2026-05-13T15:35:29.527+0000] {override.py:1829} INFO - Created Permission View: can delete on DAG:produce_json
[2026-05-13T15:35:29.529+0000] {logging_mixin.py:188} INFO - [2026-05-13T15:35:29.529+0000] {dag.py:3096} INFO - Sync 1 DAGs
[2026-05-13T15:35:29.561+0000] {logging_mixin.py:188} INFO - [2026-05-13T15:35:29.561+0000] {dag.py:3118} INFO - Creating ORM DAG for produce_json
[2026-05-13T15:35:29.598+0000] {logging_mixin.py:188} INFO - [2026-05-13T15:35:29.597+0000] {dag.py:3954} INFO - Setting next_dagrun for produce_json to 2026-05-12 13:00:00+00:00, run_after=2026-05-13 13:00:00+00:00
[2026-05-13T15:35:29.681+0000] {processor.py:183} INFO - Processing /opt/airflow/dags/main.py took 0.994 seconds
[2026-05-13T15:36:00.399+0000] {processor.py:161} INFO - Started process (PID=2774) to work on /opt/airflow/dags/main.py
[2026-05-13T15:36:00.403+0000] {processor.py:830} INFO - Processing file /opt/airflow/dags/main.py for tasks to queue
[2026-05-13T15:36:00.405+0000] {logging_mixin.py:188} INFO - [2026-05-13T15:36:00.404+0000] {dagbag.py:545} INFO - Filling up the DagBag from /opt/airflow/dags/main.py
[2026-05-13T15:36:00.551+0000] {processor.py:840} INFO - DAG(s) 'produce_json' retrieved from /opt/airflow/dags/main.py
[2026-05-13T15:36:00.589+0000] {logging_mixin.py:188} INFO - [2026-05-13T15:36:00.589+0000] {dag.py:3096} INFO - Sync 1 DAGs
[2026-05-13T15:36:00.643+0000] {logging_mixin.py:188} INFO - [2026-05-13T15:36:00.643+0000] {dag.py:3954} INFO - Setting next_dagrun for produce_json to 2026-05-12 13:00:00+00:00, run_after=2026-05-13 13:00:00+00:00
[2026-05-13T15:36:00.685+0000] {processor.py:183} INFO - Processing /opt/airflow/dags/main.py took 0.358 seconds
[2026-05-13T15:37:42.710+0000] {processor.py:161} INFO - Started process (PID=67) to work on /opt/airflow/dags/main.py
[2026-05-13T15:37:42.715+0000] {processor.py:830} INFO - Processing file /opt/airflow/dags/main.py for tasks to queue
[2026-05-13T15:37:42.720+0000] {logging_mixin.py:188} INFO - [2026-05-13T15:37:42.720+0000] {dagbag.py:545} INFO - Filling up the DagBag from /opt/airflow/dags/main.py
[2026-05-13T15:37:42.885+0000] {processor.py:840} INFO - DAG(s) 'produce_json' retrieved from /opt/airflow/dags/main.py
[2026-05-13T15:37:43.569+0000] {logging_mixin.py:188} INFO - [2026-05-13T15:37:43.567+0000] {override.py:1829} INFO - Created Permission View: can edit on DAG:produce_json
[2026-05-13T15:37:43.617+0000] {logging_mixin.py:188} INFO - [2026-05-13T15:37:43.615+0000] {override.py:1829} INFO - Created Permission View: can delete on DAG:produce_json
[2026-05-13T15:37:43.652+0000] {logging_mixin.py:188} INFO - [2026-05-13T15:37:43.651+0000] {override.py:1829} INFO - Created Permission View: can read on DAG:produce_json
[2026-05-13T15:37:43.653+0000] {logging_mixin.py:188} INFO - [2026-05-13T15:37:43.653+0000] {dag.py:3096} INFO - Sync 1 DAGs
[2026-05-13T15:37:43.696+0000] {logging_mixin.py:188} INFO - [2026-05-13T15:37:43.695+0000] {dag.py:3118} INFO - Creating ORM DAG for produce_json
[2026-05-13T15:37:43.755+0000] {logging_mixin.py:188} INFO - [2026-05-13T15:37:43.754+0000] {dag.py:3954} INFO - Setting next_dagrun for produce_json to 2026-05-12 13:00:00+00:00, run_after=2026-05-13 13:00:00+00:00
[2026-05-13T15:37:43.864+0000] {processor.py:183} INFO - Processing /opt/airflow/dags/main.py took 1.187 seconds
[2026-05-13T15:38:14.183+0000] {processor.py:161} INFO - Started process (PID=74) to work on /opt/airflow/dags/main.py
[2026-05-13T15:38:14.185+0000] {processor.py:830} INFO - Processing file /opt/airflow/dags/main.py for tasks to queue
[2026-05-13T15:38:14.191+0000] {logging_mixin.py:188} INFO - [2026-05-13T15:38:14.190+0000] {dagbag.py:545} INFO - Filling up the DagBag from /opt/airflow/dags/main.py
[2026-05-13T15:38:14.358+0000] {processor.py:840} INFO - DAG(s) 'produce_json' retrieved from /opt/airflow/dags/main.py
[2026-05-13T15:38:14.402+0000] {logging_mixin.py:188} INFO - [2026-05-13T15:38:14.402+0000] {dag.py:3096} INFO - Sync 1 DAGs
[2026-05-13T15:38:14.436+0000] {logging_mixin.py:188} INFO - [2026-05-13T15:38:14.436+0000] {dag.py:3954} INFO - Setting next_dagrun for produce_json to 2026-05-12 13:00:00+00:00, run_after=2026-05-13 13:00:00+00:00
[2026-05-13T15:38:14.472+0000] {processor.py:183} INFO - Processing /opt/airflow/dags/main.py took 0.298 seconds
[2026-05-13T15:38:44.817+0000] {processor.py:161} INFO - Started process (PID=81) to work on /opt/airflow/dags/main.py
[2026-05-13T15:38:44.821+0000] {processor.py:830} INFO - Processing file /opt/airflow/dags/main.py for tasks to queue
[2026-05-13T15:38:44.826+0000] {logging_mixin.py:188} INFO - [2026-05-13T15:38:44.826+0000] {dagbag.py:545} INFO - Filling up the DagBag from /opt/airflow/dags/main.py
[2026-05-13T15:38:45.064+0000] {processor.py:840} INFO - DAG(s) 'produce_json' retrieved from /opt/airflow/dags/main.py
[2026-05-13T15:38:45.135+0000] {logging_mixin.py:188} INFO - [2026-05-13T15:38:45.134+0000] {dag.py:3096} INFO - Sync 1 DAGs
[2026-05-13T15:38:45.214+0000] {logging_mixin.py:188} INFO - [2026-05-13T15:38:45.212+0000] {dag.py:3954} INFO - Setting next_dagrun for produce_json to 2026-05-12 13:00:00+00:00, run_after=2026-05-13 13:00:00+00:00
[2026-05-13T15:38:45.310+0000] {processor.py:183} INFO - Processing /opt/airflow/dags/main.py took 0.515 seconds
[2026-05-13T15:39:15.427+0000] {processor.py:161} INFO - Started process (PID=88) to work on /opt/airflow/dags/main.py
[2026-05-13T15:39:15.429+0000] {processor.py:830} INFO - Processing file /opt/airflow/dags/main.py for tasks to queue
[2026-05-13T15:39:15.433+0000] {logging_mixin.py:188} INFO - [2026-05-13T15:39:15.432+0000] {dagbag.py:545} INFO - Filling up the DagBag from /opt/airflow/dags/main.py
[2026-05-13T15:39:15.543+0000] {processor.py:840} INFO - DAG(s) 'produce_json' retrieved from /opt/airflow/dags/main.py
[2026-05-13T15:39:15.579+0000] {logging_mixin.py:188} INFO - [2026-05-13T15:39:15.579+0000] {dag.py:3096} INFO - Sync 1 DAGs
[2026-05-13T15:39:15.617+0000] {logging_mixin.py:188} INFO - [2026-05-13T15:39:15.616+0000] {dag.py:3954} INFO - Setting next_dagrun for produce_json to 2026-05-12 13:00:00+00:00, run_after=2026-05-13 13:00:00+00:00
[2026-05-13T15:39:15.693+0000] {processor.py:183} INFO - Processing /opt/airflow/dags/main.py took 0.277 seconds
[2026-05-13T15:39:45.877+0000] {processor.py:161} INFO - Started process (PID=95) to work on /opt/airflow/dags/main.py
[2026-05-13T15:39:45.885+0000] {processor.py:830} INFO - Processing file /opt/airflow/dags/main.py for tasks to queue
[2026-05-13T15:39:45.908+0000] {logging_mixin.py:188} INFO - [2026-05-13T15:39:45.906+0000] {dagbag.py:545} INFO - Filling up the DagBag from /opt/airflow/dags/main.py
[2026-05-13T15:39:46.225+0000] {processor.py:840} INFO - DAG(s) 'produce_json' retrieved from /opt/airflow/dags/main.py
[2026-05-13T15:39:46.297+0000] {logging_mixin.py:188} INFO - [2026-05-13T15:39:46.296+0000] {dag.py:3096} INFO - Sync 1 DAGs
[2026-05-13T15:39:46.420+0000] {logging_mixin.py:188} INFO - [2026-05-13T15:39:46.420+0000] {dag.py:3954} INFO - Setting next_dagrun for produce_json to 2026-05-12 13:00:00+00:00, run_after=2026-05-13 13:00:00+00:00
[2026-05-13T15:39:46.568+0000] {processor.py:183} INFO - Processing /opt/airflow/dags/main.py took 0.726 seconds
[2026-05-13T15:40:17.152+0000] {processor.py:161} INFO - Started process (PID=118) to work on /opt/airflow/dags/main.py
[2026-05-13T15:40:17.154+0000] {processor.py:830} INFO - Processing file /opt/airflow/dags/main.py for tasks to queue
[2026-05-13T15:40:17.159+0000] {logging_mixin.py:188} INFO - [2026-05-13T15:40:17.158+0000] {dagbag.py:545} INFO - Filling up the DagBag from /opt/airflow/dags/main.py
[2026-05-13T15:40:17.360+0000] {processor.py:840} INFO - DAG(s) 'produce_json' retrieved from /opt/airflow/dags/main.py
[2026-05-13T15:40:17.392+0000] {logging_mixin.py:188} INFO - [2026-05-13T15:40:17.392+0000] {dag.py:3096} INFO - Sync 1 DAGs
[2026-05-13T15:40:17.425+0000] {logging_mixin.py:188} INFO - [2026-05-13T15:40:17.425+0000] {dag.py:3954} INFO - Setting next_dagrun for produce_json to 2026-05-13 13:00:00+00:00, run_after=2026-05-14 13:00:00+00:00
[2026-05-13T15:40:17.511+0000] {processor.py:183} INFO - Processing /opt/airflow/dags/main.py took 0.369 seconds
[2026-05-13T15:40:47.957+0000] {processor.py:161} INFO - Started process (PID=125) to work on /opt/airflow/dags/main.py
[2026-05-13T15:40:47.959+0000] {processor.py:830} INFO - Processing file /opt/airflow/dags/main.py for tasks to queue
[2026-05-13T15:40:47.963+0000] {logging_mixin.py:188} INFO - [2026-05-13T15:40:47.963+0000] {dagbag.py:545} INFO - Filling up the DagBag from /opt/airflow/dags/main.py
[2026-05-13T15:40:48.092+0000] {processor.py:840} INFO - DAG(s) 'produce_json' retrieved from /opt/airflow/dags/main.py
[2026-05-13T15:40:48.122+0000] {logging_mixin.py:188} INFO - [2026-05-13T15:40:48.122+0000] {dag.py:3096} INFO - Sync 1 DAGs
[2026-05-13T15:40:48.151+0000] {logging_mixin.py:188} INFO - [2026-05-13T15:40:48.151+0000] {dag.py:3954} INFO - Setting next_dagrun for produce_json to 2026-05-13 13:00:00+00:00, run_after=2026-05-14 13:00:00+00:00
[2026-05-13T15:40:48.241+0000] {processor.py:183} INFO - Processing /opt/airflow/dags/main.py took 0.295 seconds
[2026-05-13T15:41:18.365+0000] {processor.py:161} INFO - Started process (PID=132) to work on /opt/airflow/dags/main.py
[2026-05-13T15:41:18.367+0000] {processor.py:830} INFO - Processing file /opt/airflow/dags/main.py for tasks to queue
[2026-05-13T15:41:18.371+0000] {logging_mixin.py:188} INFO - [2026-05-13T15:41:18.370+0000] {dagbag.py:545} INFO - Filling up the DagBag from /opt/airflow/dags/main.py
[2026-05-13T15:41:18.475+0000] {processor.py:840} INFO - DAG(s) 'produce_json' retrieved from /opt/airflow/dags/main.py
[2026-05-13T15:41:18.515+0000] {logging_mixin.py:188} INFO - [2026-05-13T15:41:18.514+0000] {dag.py:3096} INFO - Sync 1 DAGs
[2026-05-13T15:41:18.550+0000] {logging_mixin.py:188} INFO - [2026-05-13T15:41:18.549+0000] {dag.py:3954} INFO - Setting next_dagrun for produce_json to 2026-05-13 13:00:00+00:00, run_after=2026-05-14 13:00:00+00:00
[2026-05-13T15:41:18.639+0000] {processor.py:183} INFO - Processing /opt/airflow/dags/main.py took 0.282 seconds
[2026-05-13T15:41:49.094+0000] {processor.py:161} INFO - Started process (PID=139) to work on /opt/airflow/dags/main.py
[2026-05-13T15:41:49.096+0000] {processor.py:830} INFO - Processing file /opt/airflow/dags/main.py for tasks to queue
[2026-05-13T15:41:49.098+0000] {logging_mixin.py:188} INFO - [2026-05-13T15:41:49.098+0000] {dagbag.py:545} INFO - Filling up the DagBag from /opt/airflow/dags/main.py
[2026-05-13T15:41:49.217+0000] {processor.py:840} INFO - DAG(s) 'produce_json' retrieved from /opt/airflow/dags/main.py
[2026-05-13T15:41:49.281+0000] {logging_mixin.py:188} INFO - [2026-05-13T15:41:49.281+0000] {dag.py:3096} INFO - Sync 1 DAGs
[2026-05-13T15:41:49.322+0000] {logging_mixin.py:188} INFO - [2026-05-13T15:41:49.321+0000] {dag.py:3954} INFO - Setting next_dagrun for produce_json to 2026-05-13 13:00:00+00:00, run_after=2026-05-14 13:00:00+00:00
[2026-05-13T15:41:49.392+0000] {processor.py:183} INFO - Processing /opt/airflow/dags/main.py took 0.310 seconds
[2026-05-13T15:42:19.983+0000] {processor.py:161} INFO - Started process (PID=146) to work on /opt/airflow/dags/main.py
[2026-05-13T15:42:19.985+0000] {processor.py:830} INFO - Processing file /opt/airflow/dags/main.py for tasks to queue
[2026-05-13T15:42:19.992+0000] {logging_mixin.py:188} INFO - [2026-05-13T15:42:19.991+0000] {dagbag.py:545} INFO - Filling up the DagBag from /opt/airflow/dags/main.py
[2026-05-13T15:42:20.215+0000] {processor.py:840} INFO - DAG(s) 'produce_json' retrieved from /opt/airflow/dags/main.py
[2026-05-13T15:42:20.273+0000] {logging_mixin.py:188} INFO - [2026-05-13T15:42:20.272+0000] {dag.py:3096} INFO - Sync 1 DAGs
[2026-05-13T15:42:20.324+0000] {logging_mixin.py:188} INFO - [2026-05-13T15:42:20.323+0000] {dag.py:3954} INFO - Setting next_dagrun for produce_json to 2026-05-13 13:00:00+00:00, run_after=2026-05-14 13:00:00+00:00
[2026-05-13T15:42:20.429+0000] {processor.py:183} INFO - Processing /opt/airflow/dags/main.py took 0.459 seconds
[2026-05-13T15:42:51.146+0000] {processor.py:161} INFO - Started process (PID=154) to work on /opt/airflow/dags/main.py
[2026-05-13T15:42:51.148+0000] {processor.py:830} INFO - Processing file /opt/airflow/dags/main.py for tasks to queue
[2026-05-13T15:42:51.151+0000] {logging_mixin.py:188} INFO - [2026-05-13T15:42:51.150+0000] {dagbag.py:545} INFO - Filling up the DagBag from /opt/airflow/dags/main.py
[2026-05-13T15:42:51.269+0000] {processor.py:840} INFO - DAG(s) 'produce_json' retrieved from /opt/airflow/dags/main.py
[2026-05-13T15:42:51.321+0000] {logging_mixin.py:188} INFO - [2026-05-13T15:42:51.320+0000] {dag.py:3096} INFO - Sync 1 DAGs
[2026-05-13T15:42:51.371+0000] {logging_mixin.py:188} INFO - [2026-05-13T15:42:51.371+0000] {dag.py:3954} INFO - Setting next_dagrun for produce_json to 2026-05-13 13:00:00+00:00, run_after=2026-05-14 13:00:00+00:00
[2026-05-13T15:42:51.482+0000] {processor.py:183} INFO - Processing /opt/airflow/dags/main.py took 0.344 seconds
[2026-05-13T15:43:21.631+0000] {processor.py:161} INFO - Started process (PID=161) to work on /opt/airflow/dags/main.py
[2026-05-13T15:43:21.634+0000] {processor.py:830} INFO - Processing file /opt/airflow/dags/main.py for tasks to queue
[2026-05-13T15:43:21.638+0000] {logging_mixin.py:188} INFO - [2026-05-13T15:43:21.638+0000] {dagbag.py:545} INFO - Filling up the DagBag from /opt/airflow/dags/main.py
[2026-05-13T15:43:21.735+0000] {processor.py:840} INFO - DAG(s) 'produce_json' retrieved from /opt/airflow/dags/main.py
[2026-05-13T15:43:21.768+0000] {logging_mixin.py:188} INFO - [2026-05-13T15:43:21.767+0000] {dag.py:3096} INFO - Sync 1 DAGs
[2026-05-13T15:43:21.799+0000] {logging_mixin.py:188} INFO - [2026-05-13T15:43:21.799+0000] {dag.py:3954} INFO - Setting next_dagrun for produce_json to 2026-05-13 13:00:00+00:00, run_after=2026-05-14 13:00:00+00:00
[2026-05-13T15:43:21.912+0000] {processor.py:183} INFO - Processing /opt/airflow/dags/main.py took 0.290 seconds
[2026-05-13T15:43:52.263+0000] {processor.py:161} INFO - Started process (PID=168) to work on /opt/airflow/dags/main.py
[2026-05-13T15:43:52.266+0000] {processor.py:830} INFO - Processing file /opt/airflow/dags/main.py for tasks to queue
[2026-05-13T15:43:52.270+0000] {logging_mixin.py:188} INFO - [2026-05-13T15:43:52.270+0000] {dagbag.py:545} INFO - Filling up the DagBag from /opt/airflow/dags/main.py
[2026-05-13T15:43:52.377+0000] {processor.py:840} INFO - DAG(s) 'produce_json' retrieved from /opt/airflow/dags/main.py
[2026-05-13T15:43:52.437+0000] {logging_mixin.py:188} INFO - [2026-05-13T15:43:52.436+0000] {dag.py:3096} INFO - Sync 1 DAGs
[2026-05-13T15:43:52.483+0000] {logging_mixin.py:188} INFO - [2026-05-13T15:43:52.483+0000] {dag.py:3954} INFO - Setting next_dagrun for produce_json to 2026-05-13 13:00:00+00:00, run_after=2026-05-14 13:00:00+00:00
[2026-05-13T15:43:52.522+0000] {processor.py:183} INFO - Processing /opt/airflow/dags/main.py took 0.274 seconds
[2026-05-13T15:44:22.868+0000] {processor.py:161} INFO - Started process (PID=175) to work on /opt/airflow/dags/main.py
[2026-05-13T15:44:22.870+0000] {processor.py:830} INFO - Processing file /opt/airflow/dags/main.py for tasks to queue
[2026-05-13T15:44:22.874+0000] {logging_mixin.py:188} INFO - [2026-05-13T15:44:22.873+0000] {dagbag.py:545} INFO - Filling up the DagBag from /opt/airflow/dags/main.py
[2026-05-13T15:44:22.993+0000] {processor.py:840} INFO - DAG(s) 'produce_json' retrieved from /opt/airflow/dags/main.py
[2026-05-13T15:44:23.042+0000] {logging_mixin.py:188} INFO - [2026-05-13T15:44:23.042+0000] {dag.py:3096} INFO - Sync 1 DAGs
[2026-05-13T15:44:23.075+0000] {logging_mixin.py:188} INFO - [2026-05-13T15:44:23.074+0000] {dag.py:3954} INFO - Setting next_dagrun for produce_json to 2026-05-13 13:00:00+00:00, run_after=2026-05-14 13:00:00+00:00
[2026-05-13T15:44:23.141+0000] {processor.py:183} INFO - Processing /opt/airflow/dags/main.py took 0.287 seconds
[2026-05-13T15:44:53.617+0000] {processor.py:161} INFO - Started process (PID=182) to work on /opt/airflow/dags/main.py
[2026-05-13T15:44:53.623+0000] {processor.py:830} INFO - Processing file /opt/airflow/dags/main.py for tasks to queue
[2026-05-13T15:44:53.635+0000] {logging_mixin.py:188} INFO - [2026-05-13T15:44:53.633+0000] {dagbag.py:545} INFO - Filling up the DagBag from /opt/airflow/dags/main.py
[2026-05-13T15:44:53.869+0000] {processor.py:840} INFO - DAG(s) 'produce_json' retrieved from /opt/airflow/dags/main.py
[2026-05-13T15:44:54.025+0000] {logging_mixin.py:188} INFO - [2026-05-13T15:44:54.024+0000] {dag.py:3096} INFO - Sync 1 DAGs
[2026-05-13T15:44:54.128+0000] {logging_mixin.py:188} INFO - [2026-05-13T15:44:54.128+0000] {dag.py:3954} INFO - Setting next_dagrun for produce_json to 2026-05-13 13:00:00+00:00, run_after=2026-05-14 13:00:00+00:00
[2026-05-13T15:44:54.211+0000] {processor.py:183} INFO - Processing /opt/airflow/dags/main.py took 0.614 seconds
[2026-05-13T15:45:24.881+0000] {processor.py:161} INFO - Started process (PID=189) to work on /opt/airflow/dags/main.py
[2026-05-13T15:45:24.883+0000] {processor.py:830} INFO - Processing file /opt/airflow/dags/main.py for tasks to queue
[2026-05-13T15:45:24.887+0000] {logging_mixin.py:188} INFO - [2026-05-13T15:45:24.887+0000] {dagbag.py:545} INFO - Filling up the DagBag from /opt/airflow/dags/main.py
[2026-05-13T15:45:24.980+0000] {processor.py:840} INFO - DAG(s) 'produce_json' retrieved from /opt/airflow/dags/main.py
[2026-05-13T15:45:25.009+0000] {logging_mixin.py:188} INFO - [2026-05-13T15:45:25.009+0000] {dag.py:3096} INFO - Sync 1 DAGs
[2026-05-13T15:45:25.053+0000] {logging_mixin.py:188} INFO - [2026-05-13T15:45:25.052+0000] {dag.py:3954} INFO - Setting next_dagrun for produce_json to 2026-05-13 13:00:00+00:00, run_after=2026-05-14 13:00:00+00:00
[2026-05-13T15:45:25.137+0000] {processor.py:183} INFO - Processing /opt/airflow/dags/main.py took 0.268 seconds
[2026-05-13T15:45:55.430+0000] {processor.py:161} INFO - Started process (PID=196) to work on /opt/airflow/dags/main.py
[2026-05-13T15:45:55.434+0000] {processor.py:830} INFO - Processing file /opt/airflow/dags/main.py for tasks to queue
[2026-05-13T15:45:55.437+0000] {logging_mixin.py:188} INFO - [2026-05-13T15:45:55.436+0000] {dagbag.py:545} INFO - Filling up the DagBag from /opt/airflow/dags/main.py
[2026-05-13T15:45:55.504+0000] {processor.py:840} INFO - DAG(s) 'produce_json' retrieved from /opt/airflow/dags/main.py
[2026-05-13T15:45:55.535+0000] {logging_mixin.py:188} INFO - [2026-05-13T15:45:55.535+0000] {dag.py:3096} INFO - Sync 1 DAGs
[2026-05-13T15:45:55.564+0000] {logging_mixin.py:188} INFO - [2026-05-13T15:45:55.564+0000] {dag.py:3954} INFO - Setting next_dagrun for produce_json to 2026-05-13 13:00:00+00:00, run_after=2026-05-14 13:00:00+00:00
[2026-05-13T15:45:55.635+0000] {processor.py:183} INFO - Processing /opt/airflow/dags/main.py took 0.212 seconds
[2026-05-13T15:46:25.895+0000] {processor.py:161} INFO - Started process (PID=203) to work on /opt/airflow/dags/main.py
[2026-05-13T15:46:25.897+0000] {processor.py:830} INFO - Processing file /opt/airflow/dags/main.py for tasks to queue
[2026-05-13T15:46:25.900+0000] {logging_mixin.py:188} INFO - [2026-05-13T15:46:25.900+0000] {dagbag.py:545} INFO - Filling up the DagBag from /opt/airflow/dags/main.py
[2026-05-13T15:46:25.966+0000] {processor.py:840} INFO - DAG(s) 'produce_json' retrieved from /opt/airflow/dags/main.py
[2026-05-13T15:46:25.990+0000] {logging_mixin.py:188} INFO - [2026-05-13T15:46:25.990+0000] {dag.py:3096} INFO - Sync 1 DAGs
[2026-05-13T15:46:26.015+0000] {logging_mixin.py:188} INFO - [2026-05-13T15:46:26.014+0000] {dag.py:3954} INFO - Setting next_dagrun for produce_json to 2026-05-13 13:00:00+00:00, run_after=2026-05-14 13:00:00+00:00
[2026-05-13T15:46:26.090+0000] {processor.py:183} INFO - Processing /opt/airflow/dags/main.py took 0.202 seconds
[2026-05-13T15:46:56.341+0000] {processor.py:161} INFO - Started process (PID=210) to work on /opt/airflow/dags/main.py
[2026-05-13T15:46:56.344+0000] {processor.py:830} INFO - Processing file /opt/airflow/dags/main.py for tasks to queue
[2026-05-13T15:46:56.349+0000] {logging_mixin.py:188} INFO - [2026-05-13T15:46:56.349+0000] {dagbag.py:545} INFO - Filling up the DagBag from /opt/airflow/dags/main.py
[2026-05-13T15:46:56.508+0000] {processor.py:840} INFO - DAG(s) 'produce_json' retrieved from /opt/airflow/dags/main.py
[2026-05-13T15:46:56.546+0000] {logging_mixin.py:188} INFO - [2026-05-13T15:46:56.546+0000] {dag.py:3096} INFO - Sync 1 DAGs
[2026-05-13T15:46:56.578+0000] {logging_mixin.py:188} INFO - [2026-05-13T15:46:56.578+0000] {dag.py:3954} INFO - Setting next_dagrun for produce_json to 2026-05-13 13:00:00+00:00, run_after=2026-05-14 13:00:00+00:00
[2026-05-13T15:46:56.649+0000] {processor.py:183} INFO - Processing /opt/airflow/dags/main.py took 0.324 seconds
[2026-05-13T15:47:26.753+0000] {processor.py:161} INFO - Started process (PID=217) to work on /opt/airflow/dags/main.py
[2026-05-13T15:47:26.754+0000] {processor.py:830} INFO - Processing file /opt/airflow/dags/main.py for tasks to queue
[2026-05-13T15:47:26.757+0000] {logging_mixin.py:188} INFO - [2026-05-13T15:47:26.757+0000] {dagbag.py:545} INFO - Filling up the DagBag from /opt/airflow/dags/main.py
[2026-05-13T15:47:26.834+0000] {processor.py:840} INFO - DAG(s) 'produce_json' retrieved from /opt/airflow/dags/main.py
[2026-05-13T15:47:26.872+0000] {logging_mixin.py:188} INFO - [2026-05-13T15:47:26.872+0000] {dag.py:3096} INFO - Sync 1 DAGs
[2026-05-13T15:47:26.908+0000] {logging_mixin.py:188} INFO - [2026-05-13T15:47:26.907+0000] {dag.py:3954} INFO - Setting next_dagrun for produce_json to 2026-05-13 13:00:00+00:00, run_after=2026-05-14 13:00:00+00:00
[2026-05-13T15:47:26.974+0000] {processor.py:183} INFO - Processing /opt/airflow/dags/main.py took 0.231 seconds
[2026-05-13T15:47:57.468+0000] {processor.py:161} INFO - Started process (PID=224) to work on /opt/airflow/dags/main.py
[2026-05-13T15:47:57.471+0000] {processor.py:830} INFO - Processing file /opt/airflow/dags/main.py for tasks to queue
[2026-05-13T15:47:57.477+0000] {logging_mixin.py:188} INFO - [2026-05-13T15:47:57.476+0000] {dagbag.py:545} INFO - Filling up the DagBag from /opt/airflow/dags/main.py
[2026-05-13T15:47:57.640+0000] {processor.py:840} INFO - DAG(s) 'produce_json' retrieved from /opt/airflow/dags/main.py
[2026-05-13T15:47:57.667+0000] {logging_mixin.py:188} INFO - [2026-05-13T15:47:57.667+0000] {dag.py:3096} INFO - Sync 1 DAGs
[2026-05-13T15:47:57.701+0000] {logging_mixin.py:188} INFO - [2026-05-13T15:47:57.701+0000] {dag.py:3954} INFO - Setting next_dagrun for produce_json to 2026-05-13 13:00:00+00:00, run_after=2026-05-14 13:00:00+00:00
[2026-05-13T15:47:57.778+0000] {processor.py:183} INFO - Processing /opt/airflow/dags/main.py took 0.323 seconds
[2026-05-13T15:48:28.150+0000] {processor.py:161} INFO - Started process (PID=231) to work on /opt/airflow/dags/main.py
[2026-05-13T15:48:28.152+0000] {processor.py:830} INFO - Processing file /opt/airflow/dags/main.py for tasks to queue
[2026-05-13T15:48:28.154+0000] {logging_mixin.py:188} INFO - [2026-05-13T15:48:28.154+0000] {dagbag.py:545} INFO - Filling up the DagBag from /opt/airflow/dags/main.py
[2026-05-13T15:48:28.222+0000] {processor.py:840} INFO - DAG(s) 'produce_json' retrieved from /opt/airflow/dags/main.py
[2026-05-13T15:48:28.247+0000] {logging_mixin.py:188} INFO - [2026-05-13T15:48:28.247+0000] {dag.py:3096} INFO - Sync 1 DAGs
[2026-05-13T15:48:28.272+0000] {logging_mixin.py:188} INFO - [2026-05-13T15:48:28.272+0000] {dag.py:3954} INFO - Setting next_dagrun for produce_json to 2026-05-13 13:00:00+00:00, run_after=2026-05-14 13:00:00+00:00
[2026-05-13T15:48:28.299+0000] {processor.py:183} INFO - Processing /opt/airflow/dags/main.py took 0.157 seconds
[2026-05-13T15:48:58.497+0000] {processor.py:161} INFO - Started process (PID=238) to work on /opt/airflow/dags/main.py
[2026-05-13T15:48:58.499+0000] {processor.py:830} INFO - Processing file /opt/airflow/dags/main.py for tasks to queue
[2026-05-13T15:48:58.501+0000] {logging_mixin.py:188} INFO - [2026-05-13T15:48:58.501+0000] {dagbag.py:545} INFO - Filling up the DagBag from /opt/airflow/dags/main.py
[2026-05-13T15:48:58.583+0000] {processor.py:840} INFO - DAG(s) 'produce_json' retrieved from /opt/airflow/dags/main.py
[2026-05-13T15:48:58.627+0000] {logging_mixin.py:188} INFO - [2026-05-13T15:48:58.627+0000] {dag.py:3096} INFO - Sync 1 DAGs
[2026-05-13T15:48:58.661+0000] {logging_mixin.py:188} INFO - [2026-05-13T15:48:58.661+0000] {dag.py:3954} INFO - Setting next_dagrun for produce_json to 2026-05-13 13:00:00+00:00, run_after=2026-05-14 13:00:00+00:00
[2026-05-13T15:48:58.721+0000] {processor.py:183} INFO - Processing /opt/airflow/dags/main.py took 0.232 seconds
[2026-05-13T15:49:28.964+0000] {processor.py:161} INFO - Started process (PID=245) to work on /opt/airflow/dags/main.py
[2026-05-13T15:49:28.967+0000] {processor.py:830} INFO - Processing file /opt/airflow/dags/main.py for tasks to queue
[2026-05-13T15:49:28.971+0000] {logging_mixin.py:188} INFO - [2026-05-13T15:49:28.970+0000] {dagbag.py:545} INFO - Filling up the DagBag from /opt/airflow/dags/main.py
[2026-05-13T15:49:29.068+0000] {processor.py:840} INFO - DAG(s) 'produce_json' retrieved from /opt/airflow/dags/main.py
[2026-05-13T15:49:29.099+0000] {logging_mixin.py:188} INFO - [2026-05-13T15:49:29.098+0000] {dag.py:3096} INFO - Sync 1 DAGs
[2026-05-13T15:49:29.134+0000] {logging_mixin.py:188} INFO - [2026-05-13T15:49:29.134+0000] {dag.py:3954} INFO - Setting next_dagrun for produce_json to 2026-05-13 13:00:00+00:00, run_after=2026-05-14 13:00:00+00:00
[2026-05-13T15:49:29.202+0000] {processor.py:183} INFO - Processing /opt/airflow/dags/main.py took 0.252 seconds
[2026-05-13T15:49:59.366+0000] {processor.py:161} INFO - Started process (PID=252) to work on /opt/airflow/dags/main.py
[2026-05-13T15:49:59.368+0000] {processor.py:830} INFO - Processing file /opt/airflow/dags/main.py for tasks to queue
[2026-05-13T15:49:59.371+0000] {logging_mixin.py:188} INFO - [2026-05-13T15:49:59.370+0000] {dagbag.py:545} INFO - Filling up the DagBag from /opt/airflow/dags/main.py
[2026-05-13T15:49:59.446+0000] {processor.py:840} INFO - DAG(s) 'produce_json' retrieved from /opt/airflow/dags/main.py
[2026-05-13T15:49:59.477+0000] {logging_mixin.py:188} INFO - [2026-05-13T15:49:59.477+0000] {dag.py:3096} INFO - Sync 1 DAGs
[2026-05-13T15:49:59.505+0000] {logging_mixin.py:188} INFO - [2026-05-13T15:49:59.505+0000] {dag.py:3954} INFO - Setting next_dagrun for produce_json to 2026-05-13 13:00:00+00:00, run_after=2026-05-14 13:00:00+00:00
[2026-05-13T15:49:59.531+0000] {processor.py:183} INFO - Processing /opt/airflow/dags/main.py took 0.173 seconds
[2026-05-13T15:50:29.883+0000] {processor.py:161} INFO - Started process (PID=259) to work on /opt/airflow/dags/main.py
[2026-05-13T15:50:29.884+0000] {processor.py:830} INFO - Processing file /opt/airflow/dags/main.py for tasks to queue
[2026-05-13T15:50:29.887+0000] {logging_mixin.py:188} INFO - [2026-05-13T15:50:29.887+0000] {dagbag.py:545} INFO - Filling up the DagBag from /opt/airflow/dags/main.py
[2026-05-13T15:50:29.953+0000] {processor.py:840} INFO - DAG(s) 'produce_json' retrieved from /opt/airflow/dags/main.py
[2026-05-13T15:50:29.978+0000] {logging_mixin.py:188} INFO - [2026-05-13T15:50:29.978+0000] {dag.py:3096} INFO - Sync 1 DAGs
[2026-05-13T15:50:30.005+0000] {logging_mixin.py:188} INFO - [2026-05-13T15:50:30.004+0000] {dag.py:3954} INFO - Setting next_dagrun for produce_json to 2026-05-13 13:00:00+00:00, run_after=2026-05-14 13:00:00+00:00
[2026-05-13T15:50:30.083+0000] {processor.py:183} INFO - Processing /opt/airflow/dags/main.py took 0.207 seconds
[2026-05-13T15:51:00.278+0000] {processor.py:161} INFO - Started process (PID=266) to work on /opt/airflow/dags/main.py
[2026-05-13T15:51:00.281+0000] {processor.py:830} INFO - Processing file /opt/airflow/dags/main.py for tasks to queue
[2026-05-13T15:51:00.285+0000] {logging_mixin.py:188} INFO - [2026-05-13T15:51:00.285+0000] {dagbag.py:545} INFO - Filling up the DagBag from /opt/airflow/dags/main.py
[2026-05-13T15:51:00.405+0000] {processor.py:840} INFO - DAG(s) 'produce_json' retrieved from /opt/airflow/dags/main.py
[2026-05-13T15:51:00.430+0000] {logging_mixin.py:188} INFO - [2026-05-13T15:51:00.429+0000] {dag.py:3096} INFO - Sync 1 DAGs
[2026-05-13T15:51:00.454+0000] {logging_mixin.py:188} INFO - [2026-05-13T15:51:00.454+0000] {dag.py:3954} INFO - Setting next_dagrun for produce_json to 2026-05-13 13:00:00+00:00, run_after=2026-05-14 13:00:00+00:00
[2026-05-13T15:51:00.528+0000] {processor.py:183} INFO - Processing /opt/airflow/dags/main.py took 0.263 seconds
[2026-05-13T15:51:30.737+0000] {processor.py:161} INFO - Started process (PID=273) to work on /opt/airflow/dags/main.py
[2026-05-13T15:51:30.739+0000] {processor.py:830} INFO - Processing file /opt/airflow/dags/main.py for tasks to queue
[2026-05-13T15:51:30.742+0000] {logging_mixin.py:188} INFO - [2026-05-13T15:51:30.741+0000] {dagbag.py:545} INFO - Filling up the DagBag from /opt/airflow/dags/main.py
[2026-05-13T15:51:30.805+0000] {processor.py:840} INFO - DAG(s) 'produce_json' retrieved from /opt/airflow/dags/main.py
[2026-05-13T15:51:30.837+0000] {logging_mixin.py:188} INFO - [2026-05-13T15:51:30.837+0000] {dag.py:3096} INFO - Sync 1 DAGs
[2026-05-13T15:51:30.865+0000] {logging_mixin.py:188} INFO - [2026-05-13T15:51:30.865+0000] {dag.py:3954} INFO - Setting next_dagrun for produce_json to 2026-05-13 13:00:00+00:00, run_after=2026-05-14 13:00:00+00:00
[2026-05-13T15:51:30.907+0000] {processor.py:183} INFO - Processing /opt/airflow/dags/main.py took 0.177 seconds
[2026-05-13T15:52:01.202+0000] {processor.py:161} INFO - Started process (PID=280) to work on /opt/airflow/dags/main.py
[2026-05-13T15:52:01.204+0000] {processor.py:830} INFO - Processing file /opt/airflow/dags/main.py for tasks to queue
[2026-05-13T15:52:01.209+0000] {logging_mixin.py:188} INFO - [2026-05-13T15:52:01.208+0000] {dagbag.py:545} INFO - Filling up the DagBag from /opt/airflow/dags/main.py
[2026-05-13T15:52:01.337+0000] {processor.py:840} INFO - DAG(s) 'produce_json' retrieved from /opt/airflow/dags/main.py
[2026-05-13T15:52:01.368+0000] {logging_mixin.py:188} INFO - [2026-05-13T15:52:01.368+0000] {dag.py:3096} INFO - Sync 1 DAGs
[2026-05-13T15:52:01.415+0000] {logging_mixin.py:188} INFO - [2026-05-13T15:52:01.415+0000] {dag.py:3954} INFO - Setting next_dagrun for produce_json to 2026-05-13 13:00:00+00:00, run_after=2026-05-14 13:00:00+00:00
[2026-05-13T15:52:01.506+0000] {processor.py:183} INFO - Processing /opt/airflow/dags/main.py took 0.313 seconds
[2026-05-13T15:52:31.862+0000] {processor.py:161} INFO - Started process (PID=287) to work on /opt/airflow/dags/main.py
[2026-05-13T15:52:31.864+0000] {processor.py:830} INFO - Processing file /opt/airflow/dags/main.py for tasks to queue
[2026-05-13T15:52:31.867+0000] {logging_mixin.py:188} INFO - [2026-05-13T15:52:31.866+0000] {dagbag.py:545} INFO - Filling up the DagBag from /opt/airflow/dags/main.py
[2026-05-13T15:52:31.934+0000] {processor.py:840} INFO - DAG(s) 'produce_json' retrieved from /opt/airflow/dags/main.py
[2026-05-13T15:52:31.959+0000] {logging_mixin.py:188} INFO - [2026-05-13T15:52:31.959+0000] {dag.py:3096} INFO - Sync 1 DAGs
[2026-05-13T15:52:31.984+0000] {logging_mixin.py:188} INFO - [2026-05-13T15:52:31.984+0000] {dag.py:3954} INFO - Setting next_dagrun for produce_json to 2026-05-13 13:00:00+00:00, run_after=2026-05-14 13:00:00+00:00
[2026-05-13T15:52:32.049+0000] {processor.py:183} INFO - Processing /opt/airflow/dags/main.py took 0.195 seconds
[2026-05-13T15:53:02.221+0000] {processor.py:161} INFO - Started process (PID=293) to work on /opt/airflow/dags/main.py
[2026-05-13T15:53:02.224+0000] {processor.py:830} INFO - Processing file /opt/airflow/dags/main.py for tasks to queue
[2026-05-13T15:53:02.230+0000] {logging_mixin.py:188} INFO - [2026-05-13T15:53:02.229+0000] {dagbag.py:545} INFO - Filling up the DagBag from /opt/airflow/dags/main.py
[2026-05-13T15:53:02.383+0000] {processor.py:840} INFO - DAG(s) 'produce_json' retrieved from /opt/airflow/dags/main.py
[2026-05-13T15:53:02.432+0000] {logging_mixin.py:188} INFO - [2026-05-13T15:53:02.432+0000] {dag.py:3096} INFO - Sync 1 DAGs
[2026-05-13T15:53:02.470+0000] {logging_mixin.py:188} INFO - [2026-05-13T15:53:02.470+0000] {dag.py:3954} INFO - Setting next_dagrun for produce_json to 2026-05-13 13:00:00+00:00, run_after=2026-05-14 13:00:00+00:00
[2026-05-13T15:53:02.507+0000] {processor.py:183} INFO - Processing /opt/airflow/dags/main.py took 0.294 seconds
[2026-05-13T15:53:32.884+0000] {processor.py:161} INFO - Started process (PID=300) to work on /opt/airflow/dags/main.py
[2026-05-13T15:53:32.886+0000] {processor.py:830} INFO - Processing file /opt/airflow/dags/main.py for tasks to queue
[2026-05-13T15:53:32.889+0000] {logging_mixin.py:188} INFO - [2026-05-13T15:53:32.889+0000] {dagbag.py:545} INFO - Filling up the DagBag from /opt/airflow/dags/main.py
[2026-05-13T15:53:33.049+0000] {processor.py:840} INFO - DAG(s) 'produce_json' retrieved from /opt/airflow/dags/main.py
[2026-05-13T15:53:33.075+0000] {logging_mixin.py:188} INFO - [2026-05-13T15:53:33.075+0000] {dag.py:3096} INFO - Sync 1 DAGs
[2026-05-13T15:53:33.101+0000] {logging_mixin.py:188} INFO - [2026-05-13T15:53:33.101+0000] {dag.py:3954} INFO - Setting next_dagrun for produce_json to 2026-05-13 13:00:00+00:00, run_after=2026-05-14 13:00:00+00:00
[2026-05-13T15:53:33.176+0000] {processor.py:183} INFO - Processing /opt/airflow/dags/main.py took 0.298 seconds
[2026-05-13T15:54:03.535+0000] {processor.py:161} INFO - Started process (PID=307) to work on /opt/airflow/dags/main.py
[2026-05-13T15:54:03.537+0000] {processor.py:830} INFO - Processing file /opt/airflow/dags/main.py for tasks to queue
[2026-05-13T15:54:03.539+0000] {logging_mixin.py:188} INFO - [2026-05-13T15:54:03.539+0000] {dagbag.py:545} INFO - Filling up the DagBag from /opt/airflow/dags/main.py
[2026-05-13T15:54:03.652+0000] {processor.py:840} INFO - DAG(s) 'produce_json' retrieved from /opt/airflow/dags/main.py
[2026-05-13T15:54:03.694+0000] {logging_mixin.py:188} INFO - [2026-05-13T15:54:03.693+0000] {dag.py:3096} INFO - Sync 1 DAGs
[2026-05-13T15:54:03.746+0000] {logging_mixin.py:188} INFO - [2026-05-13T15:54:03.746+0000] {dag.py:3954} INFO - Setting next_dagrun for produce_json to 2026-05-13 13:00:00+00:00, run_after=2026-05-14 13:00:00+00:00
[2026-05-13T15:54:03.791+0000] {processor.py:183} INFO - Processing /opt/airflow/dags/main.py took 0.263 seconds
[2026-05-13T15:54:34.115+0000] {processor.py:161} INFO - Started process (PID=315) to work on /opt/airflow/dags/main.py
[2026-05-13T15:54:34.117+0000] {processor.py:830} INFO - Processing file /opt/airflow/dags/main.py for tasks to queue
[2026-05-13T15:54:34.120+0000] {logging_mixin.py:188} INFO - [2026-05-13T15:54:34.119+0000] {dagbag.py:545} INFO - Filling up the DagBag from /opt/airflow/dags/main.py
[2026-05-13T15:54:34.280+0000] {processor.py:840} INFO - DAG(s) 'produce_json' retrieved from /opt/airflow/dags/main.py
[2026-05-13T15:54:34.337+0000] {logging_mixin.py:188} INFO - [2026-05-13T15:54:34.336+0000] {dag.py:3096} INFO - Sync 1 DAGs
[2026-05-13T15:54:34.409+0000] {logging_mixin.py:188} INFO - [2026-05-13T15:54:34.409+0000] {dag.py:3954} INFO - Setting next_dagrun for produce_json to 2026-05-13 13:00:00+00:00, run_after=2026-05-14 13:00:00+00:00
[2026-05-13T15:54:34.495+0000] {processor.py:183} INFO - Processing /opt/airflow/dags/main.py took 0.389 seconds
[2026-05-13T15:55:04.876+0000] {processor.py:161} INFO - Started process (PID=322) to work on /opt/airflow/dags/main.py
[2026-05-13T15:55:04.878+0000] {processor.py:830} INFO - Processing file /opt/airflow/dags/main.py for tasks to queue
[2026-05-13T15:55:04.881+0000] {logging_mixin.py:188} INFO - [2026-05-13T15:55:04.881+0000] {dagbag.py:545} INFO - Filling up the DagBag from /opt/airflow/dags/main.py
[2026-05-13T15:55:05.026+0000] {processor.py:840} INFO - DAG(s) 'produce_json' retrieved from /opt/airflow/dags/main.py
[2026-05-13T15:55:05.063+0000] {logging_mixin.py:188} INFO - [2026-05-13T15:55:05.063+0000] {dag.py:3096} INFO - Sync 1 DAGs
[2026-05-13T15:55:05.096+0000] {logging_mixin.py:188} INFO - [2026-05-13T15:55:05.096+0000] {dag.py:3954} INFO - Setting next_dagrun for produce_json to 2026-05-13 13:00:00+00:00, run_after=2026-05-14 13:00:00+00:00
[2026-05-13T15:55:05.180+0000] {processor.py:183} INFO - Processing /opt/airflow/dags/main.py took 0.315 seconds
[2026-05-13T15:55:35.575+0000] {processor.py:161} INFO - Started process (PID=329) to work on /opt/airflow/dags/main.py
[2026-05-13T15:55:35.578+0000] {processor.py:830} INFO - Processing file /opt/airflow/dags/main.py for tasks to queue
[2026-05-13T15:55:35.583+0000] {logging_mixin.py:188} INFO - [2026-05-13T15:55:35.582+0000] {dagbag.py:545} INFO - Filling up the DagBag from /opt/airflow/dags/main.py
[2026-05-13T15:55:35.695+0000] {processor.py:840} INFO - DAG(s) 'produce_json' retrieved from /opt/airflow/dags/main.py
[2026-05-13T15:55:35.733+0000] {logging_mixin.py:188} INFO - [2026-05-13T15:55:35.732+0000] {dag.py:3096} INFO - Sync 1 DAGs
[2026-05-13T15:55:35.765+0000] {logging_mixin.py:188} INFO - [2026-05-13T15:55:35.765+0000] {dag.py:3954} INFO - Setting next_dagrun for produce_json to 2026-05-13 13:00:00+00:00, run_after=2026-05-14 13:00:00+00:00
[2026-05-13T15:55:35.839+0000] {processor.py:183} INFO - Processing /opt/airflow/dags/main.py took 0.273 seconds
[2026-05-13T15:56:06.206+0000] {processor.py:161} INFO - Started process (PID=336) to work on /opt/airflow/dags/main.py
[2026-05-13T15:56:06.207+0000] {processor.py:830} INFO - Processing file /opt/airflow/dags/main.py for tasks to queue
[2026-05-13T15:56:06.210+0000] {logging_mixin.py:188} INFO - [2026-05-13T15:56:06.210+0000] {dagbag.py:545} INFO - Filling up the DagBag from /opt/airflow/dags/main.py
[2026-05-13T15:56:06.281+0000] {processor.py:840} INFO - DAG(s) 'produce_json' retrieved from /opt/airflow/dags/main.py
[2026-05-13T15:56:06.307+0000] {logging_mixin.py:188} INFO - [2026-05-13T15:56:06.307+0000] {dag.py:3096} INFO - Sync 1 DAGs
[2026-05-13T15:56:06.333+0000] {logging_mixin.py:188} INFO - [2026-05-13T15:56:06.333+0000] {dag.py:3954} INFO - Setting next_dagrun for produce_json to 2026-05-13 13:00:00+00:00, run_after=2026-05-14 13:00:00+00:00
[2026-05-13T15:56:06.414+0000] {processor.py:183} INFO - Processing /opt/airflow/dags/main.py took 0.215 seconds
[2026-05-13T15:56:36.534+0000] {processor.py:161} INFO - Started process (PID=343) to work on /opt/airflow/dags/main.py
[2026-05-13T15:56:36.537+0000] {processor.py:830} INFO - Processing file /opt/airflow/dags/main.py for tasks to queue
[2026-05-13T15:56:36.541+0000] {logging_mixin.py:188} INFO - [2026-05-13T15:56:36.540+0000] {dagbag.py:545} INFO - Filling up the DagBag from /opt/airflow/dags/main.py
[2026-05-13T15:56:36.686+0000] {processor.py:840} INFO - DAG(s) 'produce_json' retrieved from /opt/airflow/dags/main.py
[2026-05-13T15:56:36.755+0000] {logging_mixin.py:188} INFO - [2026-05-13T15:56:36.754+0000] {dag.py:3096} INFO - Sync 1 DAGs
[2026-05-13T15:56:36.806+0000] {logging_mixin.py:188} INFO - [2026-05-13T15:56:36.805+0000] {dag.py:3954} INFO - Setting next_dagrun for produce_json to 2026-05-13 13:00:00+00:00, run_after=2026-05-14 13:00:00+00:00
[2026-05-13T15:56:36.881+0000] {processor.py:183} INFO - Processing /opt/airflow/dags/main.py took 0.364 seconds
[2026-05-13T15:57:07.105+0000] {processor.py:161} INFO - Started process (PID=350) to work on /opt/airflow/dags/main.py
[2026-05-13T15:57:07.107+0000] {processor.py:830} INFO - Processing file /opt/airflow/dags/main.py for tasks to queue
[2026-05-13T15:57:07.111+0000] {logging_mixin.py:188} INFO - [2026-05-13T15:57:07.111+0000] {dagbag.py:545} INFO - Filling up the DagBag from /opt/airflow/dags/main.py
[2026-05-13T15:57:07.233+0000] {processor.py:840} INFO - DAG(s) 'produce_json' retrieved from /opt/airflow/dags/main.py
[2026-05-13T15:57:07.269+0000] {logging_mixin.py:188} INFO - [2026-05-13T15:57:07.268+0000] {dag.py:3096} INFO - Sync 1 DAGs
[2026-05-13T15:57:07.296+0000] {logging_mixin.py:188} INFO - [2026-05-13T15:57:07.296+0000] {dag.py:3954} INFO - Setting next_dagrun for produce_json to 2026-05-13 13:00:00+00:00, run_after=2026-05-14 13:00:00+00:00
[2026-05-13T15:57:07.336+0000] {processor.py:183} INFO - Processing /opt/airflow/dags/main.py took 0.244 seconds
[2026-05-13T15:57:37.525+0000] {processor.py:161} INFO - Started process (PID=357) to work on /opt/airflow/dags/main.py
[2026-05-13T15:57:37.527+0000] {processor.py:830} INFO - Processing file /opt/airflow/dags/main.py for tasks to queue
[2026-05-13T15:57:37.530+0000] {logging_mixin.py:188} INFO - [2026-05-13T15:57:37.530+0000] {dagbag.py:545} INFO - Filling up the DagBag from /opt/airflow/dags/main.py
[2026-05-13T15:57:37.638+0000] {processor.py:840} INFO - DAG(s) 'produce_json' retrieved from /opt/airflow/dags/main.py
[2026-05-13T15:57:37.687+0000] {logging_mixin.py:188} INFO - [2026-05-13T15:57:37.686+0000] {dag.py:3096} INFO - Sync 1 DAGs
[2026-05-13T15:57:37.731+0000] {logging_mixin.py:188} INFO - [2026-05-13T15:57:37.731+0000] {dag.py:3954} INFO - Setting next_dagrun for produce_json to 2026-05-13 13:00:00+00:00, run_after=2026-05-14 13:00:00+00:00
[2026-05-13T15:57:37.778+0000] {processor.py:183} INFO - Processing /opt/airflow/dags/main.py took 0.261 seconds
[2026-05-13T15:58:08.688+0000] {processor.py:161} INFO - Started process (PID=364) to work on /opt/airflow/dags/main.py
[2026-05-13T15:58:08.690+0000] {processor.py:830} INFO - Processing file /opt/airflow/dags/main.py for tasks to queue
[2026-05-13T15:58:08.694+0000] {logging_mixin.py:188} INFO - [2026-05-13T15:58:08.693+0000] {dagbag.py:545} INFO - Filling up the DagBag from /opt/airflow/dags/main.py
[2026-05-13T15:58:08.866+0000] {processor.py:840} INFO - DAG(s) 'produce_json' retrieved from /opt/airflow/dags/main.py
[2026-05-13T15:58:08.919+0000] {logging_mixin.py:188} INFO - [2026-05-13T15:58:08.917+0000] {dag.py:3096} INFO - Sync 1 DAGs
[2026-05-13T15:58:09.011+0000] {logging_mixin.py:188} INFO - [2026-05-13T15:58:09.010+0000] {dag.py:3954} INFO - Setting next_dagrun for produce_json to 2026-05-13 13:00:00+00:00, run_after=2026-05-14 13:00:00+00:00
[2026-05-13T15:58:09.083+0000] {processor.py:183} INFO - Processing /opt/airflow/dags/main.py took 0.410 seconds
[2026-05-13T15:58:39.499+0000] {processor.py:161} INFO - Started process (PID=372) to work on /opt/airflow/dags/main.py
[2026-05-13T15:58:39.501+0000] {processor.py:830} INFO - Processing file /opt/airflow/dags/main.py for tasks to queue
[2026-05-13T15:58:39.504+0000] {logging_mixin.py:188} INFO - [2026-05-13T15:58:39.504+0000] {dagbag.py:545} INFO - Filling up the DagBag from /opt/airflow/dags/main.py
[2026-05-13T15:58:39.608+0000] {processor.py:840} INFO - DAG(s) 'produce_json' retrieved from /opt/airflow/dags/main.py
[2026-05-13T15:58:39.648+0000] {logging_mixin.py:188} INFO - [2026-05-13T15:58:39.647+0000] {dag.py:3096} INFO - Sync 1 DAGs
[2026-05-13T15:58:39.683+0000] {logging_mixin.py:188} INFO - [2026-05-13T15:58:39.683+0000] {dag.py:3954} INFO - Setting next_dagrun for produce_json to 2026-05-13 13:00:00+00:00, run_after=2026-05-14 13:00:00+00:00
[2026-05-13T15:58:39.718+0000] {processor.py:183} INFO - Processing /opt/airflow/dags/main.py took 0.229 seconds
[2026-05-13T15:59:09.998+0000] {processor.py:161} INFO - Started process (PID=379) to work on /opt/airflow/dags/main.py
[2026-05-13T15:59:10.001+0000] {processor.py:830} INFO - Processing file /opt/airflow/dags/main.py for tasks to queue
[2026-05-13T15:59:10.005+0000] {logging_mixin.py:188} INFO - [2026-05-13T15:59:10.004+0000] {dagbag.py:545} INFO - Filling up the DagBag from /opt/airflow/dags/main.py
[2026-05-13T15:59:10.108+0000] {processor.py:840} INFO - DAG(s) 'produce_json' retrieved from /opt/airflow/dags/main.py
[2026-05-13T15:59:10.143+0000] {logging_mixin.py:188} INFO - [2026-05-13T15:59:10.143+0000] {dag.py:3096} INFO - Sync 1 DAGs
[2026-05-13T15:59:10.178+0000] {logging_mixin.py:188} INFO - [2026-05-13T15:59:10.178+0000] {dag.py:3954} INFO - Setting next_dagrun for produce_json to 2026-05-13 13:00:00+00:00, run_after=2026-05-14 13:00:00+00:00
[2026-05-13T15:59:10.203+0000] {processor.py:183} INFO - Processing /opt/airflow/dags/main.py took 0.219 seconds
[2026-05-13T15:59:40.300+0000] {processor.py:161} INFO - Started process (PID=387) to work on /opt/airflow/dags/main.py
[2026-05-13T15:59:40.303+0000] {processor.py:830} INFO - Processing file /opt/airflow/dags/main.py for tasks to queue
[2026-05-13T15:59:40.307+0000] {logging_mixin.py:188} INFO - [2026-05-13T15:59:40.306+0000] {dagbag.py:545} INFO - Filling up the DagBag from /opt/airflow/dags/main.py
[2026-05-13T15:59:40.426+0000] {processor.py:840} INFO - DAG(s) 'produce_json' retrieved from /opt/airflow/dags/main.py
[2026-05-13T15:59:40.457+0000] {logging_mixin.py:188} INFO - [2026-05-13T15:59:40.457+0000] {dag.py:3096} INFO - Sync 1 DAGs
[2026-05-13T15:59:40.493+0000] {logging_mixin.py:188} INFO - [2026-05-13T15:59:40.492+0000] {dag.py:3954} INFO - Setting next_dagrun for produce_json to 2026-05-13 13:00:00+00:00, run_after=2026-05-14 13:00:00+00:00
[2026-05-13T15:59:40.526+0000] {processor.py:183} INFO - Processing /opt/airflow/dags/main.py took 0.236 seconds
[2026-05-13T16:00:10.839+0000] {processor.py:161} INFO - Started process (PID=394) to work on /opt/airflow/dags/main.py
[2026-05-13T16:00:10.840+0000] {processor.py:830} INFO - Processing file /opt/airflow/dags/main.py for tasks to queue
[2026-05-13T16:00:10.844+0000] {logging_mixin.py:188} INFO - [2026-05-13T16:00:10.843+0000] {dagbag.py:545} INFO - Filling up the DagBag from /opt/airflow/dags/main.py
[2026-05-13T16:00:10.910+0000] {processor.py:840} INFO - DAG(s) 'produce_json' retrieved from /opt/airflow/dags/main.py
[2026-05-13T16:00:10.935+0000] {logging_mixin.py:188} INFO - [2026-05-13T16:00:10.935+0000] {dag.py:3096} INFO - Sync 1 DAGs
[2026-05-13T16:00:10.961+0000] {logging_mixin.py:188} INFO - [2026-05-13T16:00:10.961+0000] {dag.py:3954} INFO - Setting next_dagrun for produce_json to 2026-05-13 13:00:00+00:00, run_after=2026-05-14 13:00:00+00:00
[2026-05-13T16:00:11.035+0000] {processor.py:183} INFO - Processing /opt/airflow/dags/main.py took 0.203 seconds
[2026-05-13T16:00:41.173+0000] {processor.py:161} INFO - Started process (PID=401) to work on /opt/airflow/dags/main.py
[2026-05-13T16:00:41.174+0000] {processor.py:830} INFO - Processing file /opt/airflow/dags/main.py for tasks to queue
[2026-05-13T16:00:41.177+0000] {logging_mixin.py:188} INFO - [2026-05-13T16:00:41.177+0000] {dagbag.py:545} INFO - Filling up the DagBag from /opt/airflow/dags/main.py
[2026-05-13T16:00:41.245+0000] {processor.py:840} INFO - DAG(s) 'produce_json' retrieved from /opt/airflow/dags/main.py
[2026-05-13T16:00:41.277+0000] {logging_mixin.py:188} INFO - [2026-05-13T16:00:41.276+0000] {dag.py:3096} INFO - Sync 1 DAGs
[2026-05-13T16:00:41.326+0000] {logging_mixin.py:188} INFO - [2026-05-13T16:00:41.326+0000] {dag.py:3954} INFO - Setting next_dagrun for produce_json to 2026-05-13 13:00:00+00:00, run_after=2026-05-14 13:00:00+00:00
[2026-05-13T16:00:41.356+0000] {processor.py:183} INFO - Processing /opt/airflow/dags/main.py took 0.191 seconds
[2026-05-13T16:01:11.682+0000] {processor.py:161} INFO - Started process (PID=408) to work on /opt/airflow/dags/main.py
[2026-05-13T16:01:11.684+0000] {processor.py:830} INFO - Processing file /opt/airflow/dags/main.py for tasks to queue
[2026-05-13T16:01:11.688+0000] {logging_mixin.py:188} INFO - [2026-05-13T16:01:11.687+0000] {dagbag.py:545} INFO - Filling up the DagBag from /opt/airflow/dags/main.py
[2026-05-13T16:01:11.798+0000] {processor.py:840} INFO - DAG(s) 'produce_json' retrieved from /opt/airflow/dags/main.py
[2026-05-13T16:01:11.847+0000] {logging_mixin.py:188} INFO - [2026-05-13T16:01:11.847+0000] {dag.py:3096} INFO - Sync 1 DAGs
[2026-05-13T16:01:11.903+0000] {logging_mixin.py:188} INFO - [2026-05-13T16:01:11.902+0000] {dag.py:3954} INFO - Setting next_dagrun for produce_json to 2026-05-13 13:00:00+00:00, run_after=2026-05-14 13:00:00+00:00
[2026-05-13T16:01:11.940+0000] {processor.py:183} INFO - Processing /opt/airflow/dags/main.py took 0.267 seconds
[2026-05-13T16:01:42.026+0000] {processor.py:161} INFO - Started process (PID=415) to work on /opt/airflow/dags/main.py
[2026-05-13T16:01:42.028+0000] {processor.py:830} INFO - Processing file /opt/airflow/dags/main.py for tasks to queue
[2026-05-13T16:01:42.031+0000] {logging_mixin.py:188} INFO - [2026-05-13T16:01:42.030+0000] {dagbag.py:545} INFO - Filling up the DagBag from /opt/airflow/dags/main.py
[2026-05-13T16:01:42.107+0000] {processor.py:840} INFO - DAG(s) 'produce_json' retrieved from /opt/airflow/dags/main.py
[2026-05-13T16:01:42.133+0000] {logging_mixin.py:188} INFO - [2026-05-13T16:01:42.132+0000] {dag.py:3096} INFO - Sync 1 DAGs
[2026-05-13T16:01:42.158+0000] {logging_mixin.py:188} INFO - [2026-05-13T16:01:42.157+0000] {dag.py:3954} INFO - Setting next_dagrun for produce_json to 2026-05-13 13:00:00+00:00, run_after=2026-05-14 13:00:00+00:00
[2026-05-13T16:01:42.225+0000] {processor.py:183} INFO - Processing /opt/airflow/dags/main.py took 0.207 seconds
[2026-05-13T16:02:12.635+0000] {processor.py:161} INFO - Started process (PID=422) to work on /opt/airflow/dags/main.py
[2026-05-13T16:02:12.638+0000] {processor.py:830} INFO - Processing file /opt/airflow/dags/main.py for tasks to queue
[2026-05-13T16:02:12.642+0000] {logging_mixin.py:188} INFO - [2026-05-13T16:02:12.642+0000] {dagbag.py:545} INFO - Filling up the DagBag from /opt/airflow/dags/main.py
[2026-05-13T16:02:12.762+0000] {processor.py:840} INFO - DAG(s) 'produce_json' retrieved from /opt/airflow/dags/main.py
[2026-05-13T16:02:12.801+0000] {logging_mixin.py:188} INFO - [2026-05-13T16:02:12.801+0000] {dag.py:3096} INFO - Sync 1 DAGs
[2026-05-13T16:02:12.837+0000] {logging_mixin.py:188} INFO - [2026-05-13T16:02:12.836+0000] {dag.py:3954} INFO - Setting next_dagrun for produce_json to 2026-05-13 13:00:00+00:00, run_after=2026-05-14 13:00:00+00:00
[2026-05-13T16:02:12.923+0000] {processor.py:183} INFO - Processing /opt/airflow/dags/main.py took 0.300 seconds
[2026-05-13T16:02:43.253+0000] {processor.py:161} INFO - Started process (PID=430) to work on /opt/airflow/dags/main.py
[2026-05-13T16:02:43.255+0000] {processor.py:830} INFO - Processing file /opt/airflow/dags/main.py for tasks to queue
[2026-05-13T16:02:43.258+0000] {logging_mixin.py:188} INFO - [2026-05-13T16:02:43.258+0000] {dagbag.py:545} INFO - Filling up the DagBag from /opt/airflow/dags/main.py
[2026-05-13T16:02:43.358+0000] {processor.py:840} INFO - DAG(s) 'produce_json' retrieved from /opt/airflow/dags/main.py
[2026-05-13T16:02:43.397+0000] {logging_mixin.py:188} INFO - [2026-05-13T16:02:43.397+0000] {dag.py:3096} INFO - Sync 1 DAGs
[2026-05-13T16:02:43.429+0000] {logging_mixin.py:188} INFO - [2026-05-13T16:02:43.429+0000] {dag.py:3954} INFO - Setting next_dagrun for produce_json to 2026-05-13 13:00:00+00:00, run_after=2026-05-14 13:00:00+00:00
[2026-05-13T16:02:43.466+0000] {processor.py:183} INFO - Processing /opt/airflow/dags/main.py took 0.224 seconds
[2026-05-13T16:03:13.717+0000] {processor.py:161} INFO - Started process (PID=437) to work on /opt/airflow/dags/main.py
[2026-05-13T16:03:13.718+0000] {processor.py:830} INFO - Processing file /opt/airflow/dags/main.py for tasks to queue
[2026-05-13T16:03:13.722+0000] {logging_mixin.py:188} INFO - [2026-05-13T16:03:13.722+0000] {dagbag.py:545} INFO - Filling up the DagBag from /opt/airflow/dags/main.py
[2026-05-13T16:03:13.791+0000] {processor.py:840} INFO - DAG(s) 'produce_json' retrieved from /opt/airflow/dags/main.py
[2026-05-13T16:03:13.819+0000] {logging_mixin.py:188} INFO - [2026-05-13T16:03:13.818+0000] {dag.py:3096} INFO - Sync 1 DAGs
[2026-05-13T16:03:13.846+0000] {logging_mixin.py:188} INFO - [2026-05-13T16:03:13.846+0000] {dag.py:3954} INFO - Setting next_dagrun for produce_json to 2026-05-13 13:00:00+00:00, run_after=2026-05-14 13:00:00+00:00
[2026-05-13T16:03:13.921+0000] {processor.py:183} INFO - Processing /opt/airflow/dags/main.py took 0.214 seconds
[2026-05-13T16:03:44.105+0000] {processor.py:161} INFO - Started process (PID=444) to work on /opt/airflow/dags/main.py
[2026-05-13T16:03:44.107+0000] {processor.py:830} INFO - Processing file /opt/airflow/dags/main.py for tasks to queue
[2026-05-13T16:03:44.110+0000] {logging_mixin.py:188} INFO - [2026-05-13T16:03:44.110+0000] {dagbag.py:545} INFO - Filling up the DagBag from /opt/airflow/dags/main.py
[2026-05-13T16:03:44.179+0000] {processor.py:840} INFO - DAG(s) 'produce_json' retrieved from /opt/airflow/dags/main.py
[2026-05-13T16:03:44.212+0000] {logging_mixin.py:188} INFO - [2026-05-13T16:03:44.212+0000] {dag.py:3096} INFO - Sync 1 DAGs
[2026-05-13T16:03:44.239+0000] {logging_mixin.py:188} INFO - [2026-05-13T16:03:44.239+0000] {dag.py:3954} INFO - Setting next_dagrun for produce_json to 2026-05-13 13:00:00+00:00, run_after=2026-05-14 13:00:00+00:00
[2026-05-13T16:03:44.310+0000] {processor.py:183} INFO - Processing /opt/airflow/dags/main.py took 0.216 seconds
[2026-05-13T16:04:14.559+0000] {processor.py:161} INFO - Started process (PID=451) to work on /opt/airflow/dags/main.py
[2026-05-13T16:04:14.561+0000] {processor.py:830} INFO - Processing file /opt/airflow/dags/main.py for tasks to queue
[2026-05-13T16:04:14.563+0000] {logging_mixin.py:188} INFO - [2026-05-13T16:04:14.563+0000] {dagbag.py:545} INFO - Filling up the DagBag from /opt/airflow/dags/main.py
[2026-05-13T16:04:14.629+0000] {processor.py:840} INFO - DAG(s) 'produce_json' retrieved from /opt/airflow/dags/main.py
[2026-05-13T16:04:14.664+0000] {logging_mixin.py:188} INFO - [2026-05-13T16:04:14.664+0000] {dag.py:3096} INFO - Sync 1 DAGs
[2026-05-13T16:04:14.705+0000] {logging_mixin.py:188} INFO - [2026-05-13T16:04:14.705+0000] {dag.py:3954} INFO - Setting next_dagrun for produce_json to 2026-05-13 13:00:00+00:00, run_after=2026-05-14 13:00:00+00:00
[2026-05-13T16:04:14.735+0000] {processor.py:183} INFO - Processing /opt/airflow/dags/main.py took 0.183 seconds
[2026-05-13T16:04:44.950+0000] {processor.py:161} INFO - Started process (PID=458) to work on /opt/airflow/dags/main.py
[2026-05-13T16:04:44.952+0000] {processor.py:830} INFO - Processing file /opt/airflow/dags/main.py for tasks to queue
[2026-05-13T16:04:44.956+0000] {logging_mixin.py:188} INFO - [2026-05-13T16:04:44.955+0000] {dagbag.py:545} INFO - Filling up the DagBag from /opt/airflow/dags/main.py
[2026-05-13T16:04:45.084+0000] {processor.py:840} INFO - DAG(s) 'produce_json' retrieved from /opt/airflow/dags/main.py
[2026-05-13T16:04:45.135+0000] {logging_mixin.py:188} INFO - [2026-05-13T16:04:45.134+0000] {dag.py:3096} INFO - Sync 1 DAGs
[2026-05-13T16:04:45.221+0000] {logging_mixin.py:188} INFO - [2026-05-13T16:04:45.220+0000] {dag.py:3954} INFO - Setting next_dagrun for produce_json to 2026-05-13 13:00:00+00:00, run_after=2026-05-14 13:00:00+00:00
[2026-05-13T16:04:45.264+0000] {processor.py:183} INFO - Processing /opt/airflow/dags/main.py took 0.326 seconds
[2026-05-13T16:05:15.368+0000] {processor.py:161} INFO - Started process (PID=465) to work on /opt/airflow/dags/main.py
[2026-05-13T16:05:15.370+0000] {processor.py:830} INFO - Processing file /opt/airflow/dags/main.py for tasks to queue
[2026-05-13T16:05:15.373+0000] {logging_mixin.py:188} INFO - [2026-05-13T16:05:15.372+0000] {dagbag.py:545} INFO - Filling up the DagBag from /opt/airflow/dags/main.py
[2026-05-13T16:05:15.463+0000] {processor.py:840} INFO - DAG(s) 'produce_json' retrieved from /opt/airflow/dags/main.py
[2026-05-13T16:05:15.509+0000] {logging_mixin.py:188} INFO - [2026-05-13T16:05:15.508+0000] {dag.py:3096} INFO - Sync 1 DAGs
[2026-05-13T16:05:15.551+0000] {logging_mixin.py:188} INFO - [2026-05-13T16:05:15.551+0000] {dag.py:3954} INFO - Setting next_dagrun for produce_json to 2026-05-13 13:00:00+00:00, run_after=2026-05-14 13:00:00+00:00
[2026-05-13T16:05:15.584+0000] {processor.py:183} INFO - Processing /opt/airflow/dags/main.py took 0.227 seconds
[2026-05-13T16:05:45.891+0000] {processor.py:161} INFO - Started process (PID=472) to work on /opt/airflow/dags/main.py
[2026-05-13T16:05:45.892+0000] {processor.py:830} INFO - Processing file /opt/airflow/dags/main.py for tasks to queue
[2026-05-13T16:05:45.895+0000] {logging_mixin.py:188} INFO - [2026-05-13T16:05:45.894+0000] {dagbag.py:545} INFO - Filling up the DagBag from /opt/airflow/dags/main.py
[2026-05-13T16:05:45.961+0000] {processor.py:840} INFO - DAG(s) 'produce_json' retrieved from /opt/airflow/dags/main.py
[2026-05-13T16:05:45.985+0000] {logging_mixin.py:188} INFO - [2026-05-13T16:05:45.985+0000] {dag.py:3096} INFO - Sync 1 DAGs
[2026-05-13T16:05:46.014+0000] {logging_mixin.py:188} INFO - [2026-05-13T16:05:46.014+0000] {dag.py:3954} INFO - Setting next_dagrun for produce_json to 2026-05-13 13:00:00+00:00, run_after=2026-05-14 13:00:00+00:00
[2026-05-13T16:05:46.084+0000] {processor.py:183} INFO - Processing /opt/airflow/dags/main.py took 0.199 seconds
[2026-05-13T16:06:16.256+0000] {processor.py:161} INFO - Started process (PID=479) to work on /opt/airflow/dags/main.py
[2026-05-13T16:06:16.258+0000] {processor.py:830} INFO - Processing file /opt/airflow/dags/main.py for tasks to queue
[2026-05-13T16:06:16.260+0000] {logging_mixin.py:188} INFO - [2026-05-13T16:06:16.260+0000] {dagbag.py:545} INFO - Filling up the DagBag from /opt/airflow/dags/main.py
[2026-05-13T16:06:16.327+0000] {processor.py:840} INFO - DAG(s) 'produce_json' retrieved from /opt/airflow/dags/main.py
[2026-05-13T16:06:16.360+0000] {logging_mixin.py:188} INFO - [2026-05-13T16:06:16.360+0000] {dag.py:3096} INFO - Sync 1 DAGs
[2026-05-13T16:06:16.392+0000] {logging_mixin.py:188} INFO - [2026-05-13T16:06:16.392+0000] {dag.py:3954} INFO - Setting next_dagrun for produce_json to 2026-05-13 13:00:00+00:00, run_after=2026-05-14 13:00:00+00:00
[2026-05-13T16:06:16.463+0000] {processor.py:183} INFO - Processing /opt/airflow/dags/main.py took 0.214 seconds
[2026-05-13T16:06:46.742+0000] {processor.py:161} INFO - Started process (PID=486) to work on /opt/airflow/dags/main.py
[2026-05-13T16:06:46.744+0000] {processor.py:830} INFO - Processing file /opt/airflow/dags/main.py for tasks to queue
[2026-05-13T16:06:46.747+0000] {logging_mixin.py:188} INFO - [2026-05-13T16:06:46.746+0000] {dagbag.py:545} INFO - Filling up the DagBag from /opt/airflow/dags/main.py
[2026-05-13T16:06:46.817+0000] {processor.py:840} INFO - DAG(s) 'produce_json' retrieved from /opt/airflow/dags/main.py
[2026-05-13T16:06:46.844+0000] {logging_mixin.py:188} INFO - [2026-05-13T16:06:46.843+0000] {dag.py:3096} INFO - Sync 1 DAGs
[2026-05-13T16:06:46.871+0000] {logging_mixin.py:188} INFO - [2026-05-13T16:06:46.871+0000] {dag.py:3954} INFO - Setting next_dagrun for produce_json to 2026-05-13 13:00:00+00:00, run_after=2026-05-14 13:00:00+00:00
[2026-05-13T16:06:46.952+0000] {processor.py:183} INFO - Processing /opt/airflow/dags/main.py took 0.219 seconds
[2026-05-13T16:07:17.104+0000] {processor.py:161} INFO - Started process (PID=493) to work on /opt/airflow/dags/main.py
[2026-05-13T16:07:17.108+0000] {processor.py:830} INFO - Processing file /opt/airflow/dags/main.py for tasks to queue
[2026-05-13T16:07:17.112+0000] {logging_mixin.py:188} INFO - [2026-05-13T16:07:17.111+0000] {dagbag.py:545} INFO - Filling up the DagBag from /opt/airflow/dags/main.py
[2026-05-13T16:07:17.290+0000] {processor.py:840} INFO - DAG(s) 'produce_json' retrieved from /opt/airflow/dags/main.py
[2026-05-13T16:07:17.346+0000] {logging_mixin.py:188} INFO - [2026-05-13T16:07:17.346+0000] {dag.py:3096} INFO - Sync 1 DAGs
[2026-05-13T16:07:17.392+0000] {logging_mixin.py:188} INFO - [2026-05-13T16:07:17.392+0000] {dag.py:3954} INFO - Setting next_dagrun for produce_json to 2026-05-13 13:00:00+00:00, run_after=2026-05-14 13:00:00+00:00
[2026-05-13T16:07:17.459+0000] {processor.py:183} INFO - Processing /opt/airflow/dags/main.py took 0.367 seconds
[2026-05-13T16:07:47.693+0000] {processor.py:161} INFO - Started process (PID=500) to work on /opt/airflow/dags/main.py
[2026-05-13T16:07:47.695+0000] {processor.py:830} INFO - Processing file /opt/airflow/dags/main.py for tasks to queue
[2026-05-13T16:07:47.698+0000] {logging_mixin.py:188} INFO - [2026-05-13T16:07:47.698+0000] {dagbag.py:545} INFO - Filling up the DagBag from /opt/airflow/dags/main.py
[2026-05-13T16:07:47.858+0000] {processor.py:840} INFO - DAG(s) 'produce_json' retrieved from /opt/airflow/dags/main.py
[2026-05-13T16:07:47.888+0000] {logging_mixin.py:188} INFO - [2026-05-13T16:07:47.888+0000] {dag.py:3096} INFO - Sync 1 DAGs
[2026-05-13T16:07:47.919+0000] {logging_mixin.py:188} INFO - [2026-05-13T16:07:47.919+0000] {dag.py:3954} INFO - Setting next_dagrun for produce_json to 2026-05-13 13:00:00+00:00, run_after=2026-05-14 13:00:00+00:00
[2026-05-13T16:07:48.015+0000] {processor.py:183} INFO - Processing /opt/airflow/dags/main.py took 0.331 seconds
[2026-05-13T16:08:18.165+0000] {processor.py:161} INFO - Started process (PID=507) to work on /opt/airflow/dags/main.py
[2026-05-13T16:08:18.168+0000] {processor.py:830} INFO - Processing file /opt/airflow/dags/main.py for tasks to queue
[2026-05-13T16:08:18.173+0000] {logging_mixin.py:188} INFO - [2026-05-13T16:08:18.172+0000] {dagbag.py:545} INFO - Filling up the DagBag from /opt/airflow/dags/main.py
[2026-05-13T16:08:18.277+0000] {processor.py:840} INFO - DAG(s) 'produce_json' retrieved from /opt/airflow/dags/main.py
[2026-05-13T16:08:18.310+0000] {logging_mixin.py:188} INFO - [2026-05-13T16:08:18.310+0000] {dag.py:3096} INFO - Sync 1 DAGs
[2026-05-13T16:08:18.348+0000] {logging_mixin.py:188} INFO - [2026-05-13T16:08:18.348+0000] {dag.py:3954} INFO - Setting next_dagrun for produce_json to 2026-05-13 13:00:00+00:00, run_after=2026-05-14 13:00:00+00:00
[2026-05-13T16:08:18.435+0000] {processor.py:183} INFO - Processing /opt/airflow/dags/main.py took 0.282 seconds
[2026-05-13T16:08:48.680+0000] {processor.py:161} INFO - Started process (PID=520) to work on /opt/airflow/dags/main.py
[2026-05-13T16:08:48.683+0000] {processor.py:830} INFO - Processing file /opt/airflow/dags/main.py for tasks to queue
[2026-05-13T16:08:48.686+0000] {logging_mixin.py:188} INFO - [2026-05-13T16:08:48.686+0000] {dagbag.py:545} INFO - Filling up the DagBag from /opt/airflow/dags/main.py
[2026-05-13T16:08:48.843+0000] {processor.py:840} INFO - DAG(s) 'produce_json' retrieved from /opt/airflow/dags/main.py
[2026-05-13T16:08:48.895+0000] {logging_mixin.py:188} INFO - [2026-05-13T16:08:48.893+0000] {dag.py:3096} INFO - Sync 1 DAGs
[2026-05-13T16:08:48.977+0000] {logging_mixin.py:188} INFO - [2026-05-13T16:08:48.976+0000] {dag.py:3954} INFO - Setting next_dagrun for produce_json to 2026-05-13 13:00:00+00:00, run_after=2026-05-14 13:00:00+00:00
[2026-05-13T16:08:49.055+0000] {processor.py:183} INFO - Processing /opt/airflow/dags/main.py took 0.389 seconds
[2026-05-13T16:09:19.445+0000] {processor.py:161} INFO - Started process (PID=527) to work on /opt/airflow/dags/main.py
[2026-05-13T16:09:19.448+0000] {processor.py:830} INFO - Processing file /opt/airflow/dags/main.py for tasks to queue
[2026-05-13T16:09:19.452+0000] {logging_mixin.py:188} INFO - [2026-05-13T16:09:19.451+0000] {dagbag.py:545} INFO - Filling up the DagBag from /opt/airflow/dags/main.py
[2026-05-13T16:09:19.564+0000] {processor.py:840} INFO - DAG(s) 'produce_json' retrieved from /opt/airflow/dags/main.py
[2026-05-13T16:09:19.600+0000] {logging_mixin.py:188} INFO - [2026-05-13T16:09:19.600+0000] {dag.py:3096} INFO - Sync 1 DAGs
[2026-05-13T16:09:19.638+0000] {logging_mixin.py:188} INFO - [2026-05-13T16:09:19.638+0000] {dag.py:3954} INFO - Setting next_dagrun for produce_json to 2026-05-13 13:00:00+00:00, run_after=2026-05-14 13:00:00+00:00
[2026-05-13T16:09:19.713+0000] {processor.py:183} INFO - Processing /opt/airflow/dags/main.py took 0.279 seconds
[2026-05-13T16:09:50.119+0000] {processor.py:161} INFO - Started process (PID=534) to work on /opt/airflow/dags/main.py
[2026-05-13T16:09:50.122+0000] {processor.py:830} INFO - Processing file /opt/airflow/dags/main.py for tasks to queue
[2026-05-13T16:09:50.125+0000] {logging_mixin.py:188} INFO - [2026-05-13T16:09:50.124+0000] {dagbag.py:545} INFO - Filling up the DagBag from /opt/airflow/dags/main.py
[2026-05-13T16:09:50.214+0000] {processor.py:840} INFO - DAG(s) 'produce_json' retrieved from /opt/airflow/dags/main.py
[2026-05-13T16:09:50.275+0000] {logging_mixin.py:188} INFO - [2026-05-13T16:09:50.275+0000] {dag.py:3096} INFO - Sync 1 DAGs
[2026-05-13T16:09:50.310+0000] {logging_mixin.py:188} INFO - [2026-05-13T16:09:50.310+0000] {dag.py:3954} INFO - Setting next_dagrun for produce_json to 2026-05-13 13:00:00+00:00, run_after=2026-05-14 13:00:00+00:00
[2026-05-13T16:09:50.342+0000] {processor.py:183} INFO - Processing /opt/airflow/dags/main.py took 0.230 seconds
[2026-05-13T16:10:20.437+0000] {processor.py:161} INFO - Started process (PID=541) to work on /opt/airflow/dags/main.py
[2026-05-13T16:10:20.438+0000] {processor.py:830} INFO - Processing file /opt/airflow/dags/main.py for tasks to queue
[2026-05-13T16:10:20.441+0000] {logging_mixin.py:188} INFO - [2026-05-13T16:10:20.440+0000] {dagbag.py:545} INFO - Filling up the DagBag from /opt/airflow/dags/main.py
[2026-05-13T16:10:20.506+0000] {processor.py:840} INFO - DAG(s) 'produce_json' retrieved from /opt/airflow/dags/main.py
[2026-05-13T16:10:20.537+0000] {logging_mixin.py:188} INFO - [2026-05-13T16:10:20.537+0000] {dag.py:3096} INFO - Sync 1 DAGs
[2026-05-13T16:10:20.565+0000] {logging_mixin.py:188} INFO - [2026-05-13T16:10:20.564+0000] {dag.py:3954} INFO - Setting next_dagrun for produce_json to 2026-05-13 13:00:00+00:00, run_after=2026-05-14 13:00:00+00:00
[2026-05-13T16:10:20.631+0000] {processor.py:183} INFO - Processing /opt/airflow/dags/main.py took 0.201 seconds
[2026-05-13T16:10:50.756+0000] {processor.py:161} INFO - Started process (PID=548) to work on /opt/airflow/dags/main.py
[2026-05-13T16:10:50.758+0000] {processor.py:830} INFO - Processing file /opt/airflow/dags/main.py for tasks to queue
[2026-05-13T16:10:50.760+0000] {logging_mixin.py:188} INFO - [2026-05-13T16:10:50.760+0000] {dagbag.py:545} INFO - Filling up the DagBag from /opt/airflow/dags/main.py
[2026-05-13T16:10:50.825+0000] {processor.py:840} INFO - DAG(s) 'produce_json' retrieved from /opt/airflow/dags/main.py
[2026-05-13T16:10:50.857+0000] {logging_mixin.py:188} INFO - [2026-05-13T16:10:50.857+0000] {dag.py:3096} INFO - Sync 1 DAGs
[2026-05-13T16:10:50.884+0000] {logging_mixin.py:188} INFO - [2026-05-13T16:10:50.884+0000] {dag.py:3954} INFO - Setting next_dagrun for produce_json to 2026-05-13 13:00:00+00:00, run_after=2026-05-14 13:00:00+00:00
[2026-05-13T16:10:50.954+0000] {processor.py:183} INFO - Processing /opt/airflow/dags/main.py took 0.205 seconds
[2026-05-13T16:11:21.256+0000] {processor.py:161} INFO - Started process (PID=555) to work on /opt/airflow/dags/main.py
[2026-05-13T16:11:21.258+0000] {processor.py:830} INFO - Processing file /opt/airflow/dags/main.py for tasks to queue
[2026-05-13T16:11:21.261+0000] {logging_mixin.py:188} INFO - [2026-05-13T16:11:21.261+0000] {dagbag.py:545} INFO - Filling up the DagBag from /opt/airflow/dags/main.py
[2026-05-13T16:11:21.330+0000] {processor.py:840} INFO - DAG(s) 'produce_json' retrieved from /opt/airflow/dags/main.py
[2026-05-13T16:11:21.358+0000] {logging_mixin.py:188} INFO - [2026-05-13T16:11:21.358+0000] {dag.py:3096} INFO - Sync 1 DAGs
[2026-05-13T16:11:21.386+0000] {logging_mixin.py:188} INFO - [2026-05-13T16:11:21.386+0000] {dag.py:3954} INFO - Setting next_dagrun for produce_json to 2026-05-13 13:00:00+00:00, run_after=2026-05-14 13:00:00+00:00
[2026-05-13T16:11:21.463+0000] {processor.py:183} INFO - Processing /opt/airflow/dags/main.py took 0.212 seconds
[2026-05-13T16:11:51.603+0000] {processor.py:161} INFO - Started process (PID=562) to work on /opt/airflow/dags/main.py
[2026-05-13T16:11:51.605+0000] {processor.py:830} INFO - Processing file /opt/airflow/dags/main.py for tasks to queue
[2026-05-13T16:11:51.607+0000] {logging_mixin.py:188} INFO - [2026-05-13T16:11:51.607+0000] {dagbag.py:545} INFO - Filling up the DagBag from /opt/airflow/dags/main.py
[2026-05-13T16:11:51.668+0000] {processor.py:840} INFO - DAG(s) 'produce_json' retrieved from /opt/airflow/dags/main.py
[2026-05-13T16:11:51.692+0000] {logging_mixin.py:188} INFO - [2026-05-13T16:11:51.692+0000] {dag.py:3096} INFO - Sync 1 DAGs
[2026-05-13T16:11:51.723+0000] {logging_mixin.py:188} INFO - [2026-05-13T16:11:51.723+0000] {dag.py:3954} INFO - Setting next_dagrun for produce_json to 2026-05-13 13:00:00+00:00, run_after=2026-05-14 13:00:00+00:00
[2026-05-13T16:11:51.802+0000] {processor.py:183} INFO - Processing /opt/airflow/dags/main.py took 0.205 seconds
[2026-05-13T16:12:22.096+0000] {processor.py:161} INFO - Started process (PID=569) to work on /opt/airflow/dags/main.py
[2026-05-13T16:12:22.098+0000] {processor.py:830} INFO - Processing file /opt/airflow/dags/main.py for tasks to queue
[2026-05-13T16:12:22.100+0000] {logging_mixin.py:188} INFO - [2026-05-13T16:12:22.100+0000] {dagbag.py:545} INFO - Filling up the DagBag from /opt/airflow/dags/main.py
[2026-05-13T16:12:22.170+0000] {processor.py:840} INFO - DAG(s) 'produce_json' retrieved from /opt/airflow/dags/main.py
[2026-05-13T16:12:22.198+0000] {logging_mixin.py:188} INFO - [2026-05-13T16:12:22.198+0000] {dag.py:3096} INFO - Sync 1 DAGs
[2026-05-13T16:12:22.230+0000] {logging_mixin.py:188} INFO - [2026-05-13T16:12:22.229+0000] {dag.py:3954} INFO - Setting next_dagrun for produce_json to 2026-05-13 13:00:00+00:00, run_after=2026-05-14 13:00:00+00:00
[2026-05-13T16:12:22.303+0000] {processor.py:183} INFO - Processing /opt/airflow/dags/main.py took 0.214 seconds
[2026-05-13T16:12:52.425+0000] {processor.py:161} INFO - Started process (PID=576) to work on /opt/airflow/dags/main.py
[2026-05-13T16:12:52.427+0000] {processor.py:830} INFO - Processing file /opt/airflow/dags/main.py for tasks to queue
[2026-05-13T16:12:52.433+0000] {logging_mixin.py:188} INFO - [2026-05-13T16:12:52.432+0000] {dagbag.py:545} INFO - Filling up the DagBag from /opt/airflow/dags/main.py
[2026-05-13T16:12:52.593+0000] {processor.py:840} INFO - DAG(s) 'produce_json' retrieved from /opt/airflow/dags/main.py
[2026-05-13T16:12:52.635+0000] {logging_mixin.py:188} INFO - [2026-05-13T16:12:52.634+0000] {dag.py:3096} INFO - Sync 1 DAGs
[2026-05-13T16:12:52.690+0000] {logging_mixin.py:188} INFO - [2026-05-13T16:12:52.690+0000] {dag.py:3954} INFO - Setting next_dagrun for produce_json to 2026-05-13 13:00:00+00:00, run_after=2026-05-14 13:00:00+00:00
[2026-05-13T16:12:52.728+0000] {processor.py:183} INFO - Processing /opt/airflow/dags/main.py took 0.312 seconds
[2026-05-13T16:13:23.083+0000] {processor.py:161} INFO - Started process (PID=583) to work on /opt/airflow/dags/main.py
[2026-05-13T16:13:23.084+0000] {processor.py:830} INFO - Processing file /opt/airflow/dags/main.py for tasks to queue
[2026-05-13T16:13:23.087+0000] {logging_mixin.py:188} INFO - [2026-05-13T16:13:23.086+0000] {dagbag.py:545} INFO - Filling up the DagBag from /opt/airflow/dags/main.py
[2026-05-13T16:13:23.158+0000] {processor.py:840} INFO - DAG(s) 'produce_json' retrieved from /opt/airflow/dags/main.py
[2026-05-13T16:13:23.189+0000] {logging_mixin.py:188} INFO - [2026-05-13T16:13:23.188+0000] {dag.py:3096} INFO - Sync 1 DAGs
[2026-05-13T16:13:23.217+0000] {logging_mixin.py:188} INFO - [2026-05-13T16:13:23.217+0000] {dag.py:3954} INFO - Setting next_dagrun for produce_json to 2026-05-13 13:00:00+00:00, run_after=2026-05-14 13:00:00+00:00
[2026-05-13T16:13:23.280+0000] {processor.py:183} INFO - Processing /opt/airflow/dags/main.py took 0.204 seconds
[2026-05-13T16:13:53.471+0000] {processor.py:161} INFO - Started process (PID=590) to work on /opt/airflow/dags/main.py
[2026-05-13T16:13:53.485+0000] {processor.py:830} INFO - Processing file /opt/airflow/dags/main.py for tasks to queue
[2026-05-13T16:13:53.494+0000] {logging_mixin.py:188} INFO - [2026-05-13T16:13:53.493+0000] {dagbag.py:545} INFO - Filling up the DagBag from /opt/airflow/dags/main.py
[2026-05-13T16:13:53.626+0000] {processor.py:840} INFO - DAG(s) 'produce_json' retrieved from /opt/airflow/dags/main.py
[2026-05-13T16:13:53.680+0000] {logging_mixin.py:188} INFO - [2026-05-13T16:13:53.679+0000] {dag.py:3096} INFO - Sync 1 DAGs
[2026-05-13T16:13:53.753+0000] {logging_mixin.py:188} INFO - [2026-05-13T16:13:53.752+0000] {dag.py:3954} INFO - Setting next_dagrun for produce_json to 2026-05-13 13:00:00+00:00, run_after=2026-05-14 13:00:00+00:00
[2026-05-13T16:13:53.834+0000] {processor.py:183} INFO - Processing /opt/airflow/dags/main.py took 0.375 seconds
[2026-05-13T16:14:23.991+0000] {processor.py:161} INFO - Started process (PID=597) to work on /opt/airflow/dags/main.py
[2026-05-13T16:14:23.994+0000] {processor.py:830} INFO - Processing file /opt/airflow/dags/main.py for tasks to queue
[2026-05-13T16:14:23.998+0000] {logging_mixin.py:188} INFO - [2026-05-13T16:14:23.997+0000] {dagbag.py:545} INFO - Filling up the DagBag from /opt/airflow/dags/main.py
[2026-05-13T16:14:24.109+0000] {processor.py:840} INFO - DAG(s) 'produce_json' retrieved from /opt/airflow/dags/main.py
[2026-05-13T16:14:24.146+0000] {logging_mixin.py:188} INFO - [2026-05-13T16:14:24.146+0000] {dag.py:3096} INFO - Sync 1 DAGs
[2026-05-13T16:14:24.207+0000] {logging_mixin.py:188} INFO - [2026-05-13T16:14:24.207+0000] {dag.py:3954} INFO - Setting next_dagrun for produce_json to 2026-05-13 13:00:00+00:00, run_after=2026-05-14 13:00:00+00:00
[2026-05-13T16:14:24.281+0000] {processor.py:183} INFO - Processing /opt/airflow/dags/main.py took 0.301 seconds
[2026-05-13T16:14:54.406+0000] {processor.py:161} INFO - Started process (PID=604) to work on /opt/airflow/dags/main.py
[2026-05-13T16:14:54.408+0000] {processor.py:830} INFO - Processing file /opt/airflow/dags/main.py for tasks to queue
[2026-05-13T16:14:54.413+0000] {logging_mixin.py:188} INFO - [2026-05-13T16:14:54.413+0000] {dagbag.py:545} INFO - Filling up the DagBag from /opt/airflow/dags/main.py
[2026-05-13T16:14:54.537+0000] {processor.py:840} INFO - DAG(s) 'produce_json' retrieved from /opt/airflow/dags/main.py
[2026-05-13T16:14:54.574+0000] {logging_mixin.py:188} INFO - [2026-05-13T16:14:54.574+0000] {dag.py:3096} INFO - Sync 1 DAGs
[2026-05-13T16:14:54.624+0000] {logging_mixin.py:188} INFO - [2026-05-13T16:14:54.624+0000] {dag.py:3954} INFO - Setting next_dagrun for produce_json to 2026-05-13 13:00:00+00:00, run_after=2026-05-14 13:00:00+00:00
[2026-05-13T16:14:54.702+0000] {processor.py:183} INFO - Processing /opt/airflow/dags/main.py took 0.306 seconds
[2026-05-13T16:15:24.847+0000] {processor.py:161} INFO - Started process (PID=611) to work on /opt/airflow/dags/main.py
[2026-05-13T16:15:24.849+0000] {processor.py:830} INFO - Processing file /opt/airflow/dags/main.py for tasks to queue
[2026-05-13T16:15:24.851+0000] {logging_mixin.py:188} INFO - [2026-05-13T16:15:24.851+0000] {dagbag.py:545} INFO - Filling up the DagBag from /opt/airflow/dags/main.py
[2026-05-13T16:15:24.922+0000] {processor.py:840} INFO - DAG(s) 'produce_json' retrieved from /opt/airflow/dags/main.py
[2026-05-13T16:15:24.954+0000] {logging_mixin.py:188} INFO - [2026-05-13T16:15:24.954+0000] {dag.py:3096} INFO - Sync 1 DAGs
[2026-05-13T16:15:24.986+0000] {logging_mixin.py:188} INFO - [2026-05-13T16:15:24.985+0000] {dag.py:3954} INFO - Setting next_dagrun for produce_json to 2026-05-13 13:00:00+00:00, run_after=2026-05-14 13:00:00+00:00
[2026-05-13T16:15:25.013+0000] {processor.py:183} INFO - Processing /opt/airflow/dags/main.py took 0.175 seconds
[2026-05-13T16:15:55.342+0000] {processor.py:161} INFO - Started process (PID=618) to work on /opt/airflow/dags/main.py
[2026-05-13T16:15:55.345+0000] {processor.py:830} INFO - Processing file /opt/airflow/dags/main.py for tasks to queue
[2026-05-13T16:15:55.349+0000] {logging_mixin.py:188} INFO - [2026-05-13T16:15:55.348+0000] {dagbag.py:545} INFO - Filling up the DagBag from /opt/airflow/dags/main.py
[2026-05-13T16:15:55.485+0000] {processor.py:840} INFO - DAG(s) 'produce_json' retrieved from /opt/airflow/dags/main.py
[2026-05-13T16:15:55.536+0000] {logging_mixin.py:188} INFO - [2026-05-13T16:15:55.535+0000] {dag.py:3096} INFO - Sync 1 DAGs
[2026-05-13T16:15:55.598+0000] {logging_mixin.py:188} INFO - [2026-05-13T16:15:55.597+0000] {dag.py:3954} INFO - Setting next_dagrun for produce_json to 2026-05-13 13:00:00+00:00, run_after=2026-05-14 13:00:00+00:00
[2026-05-13T16:15:55.684+0000] {processor.py:183} INFO - Processing /opt/airflow/dags/main.py took 0.363 seconds
[2026-05-13T16:16:26.115+0000] {processor.py:161} INFO - Started process (PID=625) to work on /opt/airflow/dags/main.py
[2026-05-13T16:16:26.117+0000] {processor.py:830} INFO - Processing file /opt/airflow/dags/main.py for tasks to queue
[2026-05-13T16:16:26.121+0000] {logging_mixin.py:188} INFO - [2026-05-13T16:16:26.121+0000] {dagbag.py:545} INFO - Filling up the DagBag from /opt/airflow/dags/main.py
[2026-05-13T16:16:26.220+0000] {processor.py:840} INFO - DAG(s) 'produce_json' retrieved from /opt/airflow/dags/main.py
[2026-05-13T16:16:26.253+0000] {logging_mixin.py:188} INFO - [2026-05-13T16:16:26.253+0000] {dag.py:3096} INFO - Sync 1 DAGs
[2026-05-13T16:16:26.286+0000] {logging_mixin.py:188} INFO - [2026-05-13T16:16:26.286+0000] {dag.py:3954} INFO - Setting next_dagrun for produce_json to 2026-05-13 13:00:00+00:00, run_after=2026-05-14 13:00:00+00:00
[2026-05-13T16:16:26.375+0000] {processor.py:183} INFO - Processing /opt/airflow/dags/main.py took 0.267 seconds
[2026-05-13T16:16:56.723+0000] {processor.py:161} INFO - Started process (PID=632) to work on /opt/airflow/dags/main.py
[2026-05-13T16:16:56.725+0000] {processor.py:830} INFO - Processing file /opt/airflow/dags/main.py for tasks to queue
[2026-05-13T16:16:56.728+0000] {logging_mixin.py:188} INFO - [2026-05-13T16:16:56.727+0000] {dagbag.py:545} INFO - Filling up the DagBag from /opt/airflow/dags/main.py
[2026-05-13T16:16:56.796+0000] {processor.py:840} INFO - DAG(s) 'produce_json' retrieved from /opt/airflow/dags/main.py
[2026-05-13T16:16:56.826+0000] {logging_mixin.py:188} INFO - [2026-05-13T16:16:56.826+0000] {dag.py:3096} INFO - Sync 1 DAGs
[2026-05-13T16:16:56.857+0000] {logging_mixin.py:188} INFO - [2026-05-13T16:16:56.857+0000] {dag.py:3954} INFO - Setting next_dagrun for produce_json to 2026-05-13 13:00:00+00:00, run_after=2026-05-14 13:00:00+00:00
[2026-05-13T16:16:56.940+0000] {processor.py:183} INFO - Processing /opt/airflow/dags/main.py took 0.225 seconds
[2026-05-13T16:17:27.544+0000] {processor.py:161} INFO - Started process (PID=639) to work on /opt/airflow/dags/main.py
[2026-05-13T16:17:27.546+0000] {processor.py:830} INFO - Processing file /opt/airflow/dags/main.py for tasks to queue
[2026-05-13T16:17:27.550+0000] {logging_mixin.py:188} INFO - [2026-05-13T16:17:27.550+0000] {dagbag.py:545} INFO - Filling up the DagBag from /opt/airflow/dags/main.py
[2026-05-13T16:17:27.717+0000] {processor.py:840} INFO - DAG(s) 'produce_json' retrieved from /opt/airflow/dags/main.py
[2026-05-13T16:17:27.758+0000] {logging_mixin.py:188} INFO - [2026-05-13T16:17:27.758+0000] {dag.py:3096} INFO - Sync 1 DAGs
[2026-05-13T16:17:27.795+0000] {logging_mixin.py:188} INFO - [2026-05-13T16:17:27.794+0000] {dag.py:3954} INFO - Setting next_dagrun for produce_json to 2026-05-13 13:00:00+00:00, run_after=2026-05-14 13:00:00+00:00
[2026-05-13T16:17:27.886+0000] {processor.py:183} INFO - Processing /opt/airflow/dags/main.py took 0.363 seconds
[2026-05-13T16:17:58.165+0000] {processor.py:161} INFO - Started process (PID=646) to work on /opt/airflow/dags/main.py
[2026-05-13T16:17:58.168+0000] {processor.py:830} INFO - Processing file /opt/airflow/dags/main.py for tasks to queue
[2026-05-13T16:17:58.171+0000] {logging_mixin.py:188} INFO - [2026-05-13T16:17:58.170+0000] {dagbag.py:545} INFO - Filling up the DagBag from /opt/airflow/dags/main.py
[2026-05-13T16:17:58.300+0000] {processor.py:840} INFO - DAG(s) 'produce_json' retrieved from /opt/airflow/dags/main.py
[2026-05-13T16:17:58.332+0000] {logging_mixin.py:188} INFO - [2026-05-13T16:17:58.332+0000] {dag.py:3096} INFO - Sync 1 DAGs
[2026-05-13T16:17:58.381+0000] {logging_mixin.py:188} INFO - [2026-05-13T16:17:58.381+0000] {dag.py:3954} INFO - Setting next_dagrun for produce_json to 2026-05-13 13:00:00+00:00, run_after=2026-05-14 13:00:00+00:00
[2026-05-13T16:17:58.463+0000] {processor.py:183} INFO - Processing /opt/airflow/dags/main.py took 0.308 seconds
[2026-05-13T16:18:28.778+0000] {processor.py:161} INFO - Started process (PID=653) to work on /opt/airflow/dags/main.py
[2026-05-13T16:18:28.780+0000] {processor.py:830} INFO - Processing file /opt/airflow/dags/main.py for tasks to queue
[2026-05-13T16:18:28.783+0000] {logging_mixin.py:188} INFO - [2026-05-13T16:18:28.783+0000] {dagbag.py:545} INFO - Filling up the DagBag from /opt/airflow/dags/main.py
[2026-05-13T16:18:28.926+0000] {processor.py:840} INFO - DAG(s) 'produce_json' retrieved from /opt/airflow/dags/main.py
[2026-05-13T16:18:28.975+0000] {logging_mixin.py:188} INFO - [2026-05-13T16:18:28.974+0000] {dag.py:3096} INFO - Sync 1 DAGs
[2026-05-13T16:18:29.003+0000] {logging_mixin.py:188} INFO - [2026-05-13T16:18:29.003+0000] {dag.py:3954} INFO - Setting next_dagrun for produce_json to 2026-05-13 13:00:00+00:00, run_after=2026-05-14 13:00:00+00:00
[2026-05-13T16:18:29.082+0000] {processor.py:183} INFO - Processing /opt/airflow/dags/main.py took 0.315 seconds
[2026-05-13T16:18:59.286+0000] {processor.py:161} INFO - Started process (PID=660) to work on /opt/airflow/dags/main.py
[2026-05-13T16:18:59.291+0000] {processor.py:830} INFO - Processing file /opt/airflow/dags/main.py for tasks to queue
[2026-05-13T16:18:59.298+0000] {logging_mixin.py:188} INFO - [2026-05-13T16:18:59.297+0000] {dagbag.py:545} INFO - Filling up the DagBag from /opt/airflow/dags/main.py
[2026-05-13T16:18:59.470+0000] {processor.py:840} INFO - DAG(s) 'produce_json' retrieved from /opt/airflow/dags/main.py
[2026-05-13T16:18:59.589+0000] {logging_mixin.py:188} INFO - [2026-05-13T16:18:59.589+0000] {dag.py:3096} INFO - Sync 1 DAGs
[2026-05-13T16:18:59.659+0000] {logging_mixin.py:188} INFO - [2026-05-13T16:18:59.659+0000] {dag.py:3954} INFO - Setting next_dagrun for produce_json to 2026-05-13 13:00:00+00:00, run_after=2026-05-14 13:00:00+00:00
[2026-05-13T16:18:59.763+0000] {processor.py:183} INFO - Processing /opt/airflow/dags/main.py took 0.492 seconds
[2026-05-13T16:19:30.209+0000] {processor.py:161} INFO - Started process (PID=667) to work on /opt/airflow/dags/main.py
[2026-05-13T16:19:30.214+0000] {processor.py:830} INFO - Processing file /opt/airflow/dags/main.py for tasks to queue
[2026-05-13T16:19:30.220+0000] {logging_mixin.py:188} INFO - [2026-05-13T16:19:30.219+0000] {dagbag.py:545} INFO - Filling up the DagBag from /opt/airflow/dags/main.py
[2026-05-13T16:19:30.403+0000] {processor.py:840} INFO - DAG(s) 'produce_json' retrieved from /opt/airflow/dags/main.py
[2026-05-13T16:19:30.460+0000] {logging_mixin.py:188} INFO - [2026-05-13T16:19:30.459+0000] {dag.py:3096} INFO - Sync 1 DAGs
[2026-05-13T16:19:30.500+0000] {logging_mixin.py:188} INFO - [2026-05-13T16:19:30.500+0000] {dag.py:3954} INFO - Setting next_dagrun for produce_json to 2026-05-13 13:00:00+00:00, run_after=2026-05-14 13:00:00+00:00
[2026-05-13T16:19:30.571+0000] {processor.py:183} INFO - Processing /opt/airflow/dags/main.py took 0.386 seconds
[2026-05-13T16:20:00.938+0000] {processor.py:161} INFO - Started process (PID=674) to work on /opt/airflow/dags/main.py
[2026-05-13T16:20:00.940+0000] {processor.py:830} INFO - Processing file /opt/airflow/dags/main.py for tasks to queue
[2026-05-13T16:20:00.944+0000] {logging_mixin.py:188} INFO - [2026-05-13T16:20:00.943+0000] {dagbag.py:545} INFO - Filling up the DagBag from /opt/airflow/dags/main.py
[2026-05-13T16:20:01.100+0000] {processor.py:840} INFO - DAG(s) 'produce_json' retrieved from /opt/airflow/dags/main.py
[2026-05-13T16:20:01.142+0000] {logging_mixin.py:188} INFO - [2026-05-13T16:20:01.141+0000] {dag.py:3096} INFO - Sync 1 DAGs
[2026-05-13T16:20:01.193+0000] {logging_mixin.py:188} INFO - [2026-05-13T16:20:01.192+0000] {dag.py:3954} INFO - Setting next_dagrun for produce_json to 2026-05-13 13:00:00+00:00, run_after=2026-05-14 13:00:00+00:00
[2026-05-13T16:20:01.250+0000] {processor.py:183} INFO - Processing /opt/airflow/dags/main.py took 0.326 seconds
[2026-05-13T16:20:31.623+0000] {processor.py:161} INFO - Started process (PID=681) to work on /opt/airflow/dags/main.py
[2026-05-13T16:20:31.626+0000] {processor.py:830} INFO - Processing file /opt/airflow/dags/main.py for tasks to queue
[2026-05-13T16:20:31.634+0000] {logging_mixin.py:188} INFO - [2026-05-13T16:20:31.632+0000] {dagbag.py:545} INFO - Filling up the DagBag from /opt/airflow/dags/main.py
[2026-05-13T16:20:31.830+0000] {processor.py:840} INFO - DAG(s) 'produce_json' retrieved from /opt/airflow/dags/main.py
[2026-05-13T16:20:31.888+0000] {logging_mixin.py:188} INFO - [2026-05-13T16:20:31.887+0000] {dag.py:3096} INFO - Sync 1 DAGs
[2026-05-13T16:20:31.982+0000] {logging_mixin.py:188} INFO - [2026-05-13T16:20:31.982+0000] {dag.py:3954} INFO - Setting next_dagrun for produce_json to 2026-05-13 13:00:00+00:00, run_after=2026-05-14 13:00:00+00:00
[2026-05-13T16:20:32.045+0000] {processor.py:183} INFO - Processing /opt/airflow/dags/main.py took 0.436 seconds
[2026-05-13T16:21:02.480+0000] {processor.py:161} INFO - Started process (PID=688) to work on /opt/airflow/dags/main.py
[2026-05-13T16:21:02.481+0000] {processor.py:830} INFO - Processing file /opt/airflow/dags/main.py for tasks to queue
[2026-05-13T16:21:02.484+0000] {logging_mixin.py:188} INFO - [2026-05-13T16:21:02.484+0000] {dagbag.py:545} INFO - Filling up the DagBag from /opt/airflow/dags/main.py
[2026-05-13T16:21:02.563+0000] {processor.py:840} INFO - DAG(s) 'produce_json' retrieved from /opt/airflow/dags/main.py
[2026-05-13T16:21:02.591+0000] {logging_mixin.py:188} INFO - [2026-05-13T16:21:02.591+0000] {dag.py:3096} INFO - Sync 1 DAGs
[2026-05-13T16:21:02.629+0000] {logging_mixin.py:188} INFO - [2026-05-13T16:21:02.629+0000] {dag.py:3954} INFO - Setting next_dagrun for produce_json to 2026-05-13 13:00:00+00:00, run_after=2026-05-14 13:00:00+00:00
[2026-05-13T16:21:02.715+0000] {processor.py:183} INFO - Processing /opt/airflow/dags/main.py took 0.243 seconds
[2026-05-13T16:21:32.839+0000] {processor.py:161} INFO - Started process (PID=695) to work on /opt/airflow/dags/main.py
[2026-05-13T16:21:32.841+0000] {processor.py:830} INFO - Processing file /opt/airflow/dags/main.py for tasks to queue
[2026-05-13T16:21:32.844+0000] {logging_mixin.py:188} INFO - [2026-05-13T16:21:32.844+0000] {dagbag.py:545} INFO - Filling up the DagBag from /opt/airflow/dags/main.py
[2026-05-13T16:21:32.911+0000] {processor.py:840} INFO - DAG(s) 'produce_json' retrieved from /opt/airflow/dags/main.py
[2026-05-13T16:21:32.940+0000] {logging_mixin.py:188} INFO - [2026-05-13T16:21:32.939+0000] {dag.py:3096} INFO - Sync 1 DAGs
[2026-05-13T16:21:32.969+0000] {logging_mixin.py:188} INFO - [2026-05-13T16:21:32.969+0000] {dag.py:3954} INFO - Setting next_dagrun for produce_json to 2026-05-13 13:00:00+00:00, run_after=2026-05-14 13:00:00+00:00
[2026-05-13T16:21:33.035+0000] {processor.py:183} INFO - Processing /opt/airflow/dags/main.py took 0.203 seconds
[2026-05-13T16:22:03.471+0000] {processor.py:161} INFO - Started process (PID=702) to work on /opt/airflow/dags/main.py
[2026-05-13T16:22:03.473+0000] {processor.py:830} INFO - Processing file /opt/airflow/dags/main.py for tasks to queue
[2026-05-13T16:22:03.476+0000] {logging_mixin.py:188} INFO - [2026-05-13T16:22:03.476+0000] {dagbag.py:545} INFO - Filling up the DagBag from /opt/airflow/dags/main.py
[2026-05-13T16:22:03.607+0000] {processor.py:840} INFO - DAG(s) 'produce_json' retrieved from /opt/airflow/dags/main.py
[2026-05-13T16:22:03.634+0000] {logging_mixin.py:188} INFO - [2026-05-13T16:22:03.633+0000] {dag.py:3096} INFO - Sync 1 DAGs
[2026-05-13T16:22:03.673+0000] {logging_mixin.py:188} INFO - [2026-05-13T16:22:03.673+0000] {dag.py:3954} INFO - Setting next_dagrun for produce_json to 2026-05-13 13:00:00+00:00, run_after=2026-05-14 13:00:00+00:00
[2026-05-13T16:22:03.751+0000] {processor.py:183} INFO - Processing /opt/airflow/dags/main.py took 0.289 seconds
[2026-05-13T16:22:34.099+0000] {processor.py:161} INFO - Started process (PID=710) to work on /opt/airflow/dags/main.py
[2026-05-13T16:22:34.101+0000] {processor.py:830} INFO - Processing file /opt/airflow/dags/main.py for tasks to queue
[2026-05-13T16:22:34.104+0000] {logging_mixin.py:188} INFO - [2026-05-13T16:22:34.103+0000] {dagbag.py:545} INFO - Filling up the DagBag from /opt/airflow/dags/main.py
[2026-05-13T16:22:34.170+0000] {processor.py:840} INFO - DAG(s) 'produce_json' retrieved from /opt/airflow/dags/main.py
[2026-05-13T16:22:34.196+0000] {logging_mixin.py:188} INFO - [2026-05-13T16:22:34.196+0000] {dag.py:3096} INFO - Sync 1 DAGs
[2026-05-13T16:22:34.219+0000] {logging_mixin.py:188} INFO - [2026-05-13T16:22:34.219+0000] {dag.py:3954} INFO - Setting next_dagrun for produce_json to 2026-05-13 13:00:00+00:00, run_after=2026-05-14 13:00:00+00:00
[2026-05-13T16:22:34.288+0000] {processor.py:183} INFO - Processing /opt/airflow/dags/main.py took 0.197 seconds
[2026-05-13T16:23:04.612+0000] {processor.py:161} INFO - Started process (PID=717) to work on /opt/airflow/dags/main.py
[2026-05-13T16:23:04.613+0000] {processor.py:830} INFO - Processing file /opt/airflow/dags/main.py for tasks to queue
[2026-05-13T16:23:04.617+0000] {logging_mixin.py:188} INFO - [2026-05-13T16:23:04.617+0000] {dagbag.py:545} INFO - Filling up the DagBag from /opt/airflow/dags/main.py
[2026-05-13T16:23:04.712+0000] {processor.py:840} INFO - DAG(s) 'produce_json' retrieved from /opt/airflow/dags/main.py
[2026-05-13T16:23:04.746+0000] {logging_mixin.py:188} INFO - [2026-05-13T16:23:04.746+0000] {dag.py:3096} INFO - Sync 1 DAGs
[2026-05-13T16:23:04.775+0000] {logging_mixin.py:188} INFO - [2026-05-13T16:23:04.775+0000] {dag.py:3954} INFO - Setting next_dagrun for produce_json to 2026-05-13 13:00:00+00:00, run_after=2026-05-14 13:00:00+00:00
[2026-05-13T16:23:04.845+0000] {processor.py:183} INFO - Processing /opt/airflow/dags/main.py took 0.244 seconds
[2026-05-13T16:23:34.965+0000] {processor.py:161} INFO - Started process (PID=724) to work on /opt/airflow/dags/main.py
[2026-05-13T16:23:34.968+0000] {processor.py:830} INFO - Processing file /opt/airflow/dags/main.py for tasks to queue
[2026-05-13T16:23:34.971+0000] {logging_mixin.py:188} INFO - [2026-05-13T16:23:34.970+0000] {dagbag.py:545} INFO - Filling up the DagBag from /opt/airflow/dags/main.py
[2026-05-13T16:23:35.070+0000] {processor.py:840} INFO - DAG(s) 'produce_json' retrieved from /opt/airflow/dags/main.py
[2026-05-13T16:23:35.097+0000] {logging_mixin.py:188} INFO - [2026-05-13T16:23:35.097+0000] {dag.py:3096} INFO - Sync 1 DAGs
[2026-05-13T16:23:35.124+0000] {logging_mixin.py:188} INFO - [2026-05-13T16:23:35.124+0000] {dag.py:3954} INFO - Setting next_dagrun for produce_json to 2026-05-13 13:00:00+00:00, run_after=2026-05-14 13:00:00+00:00
[2026-05-13T16:23:35.196+0000] {processor.py:183} INFO - Processing /opt/airflow/dags/main.py took 0.240 seconds
[2026-05-13T16:24:05.496+0000] {processor.py:161} INFO - Started process (PID=731) to work on /opt/airflow/dags/main.py
[2026-05-13T16:24:05.498+0000] {processor.py:830} INFO - Processing file /opt/airflow/dags/main.py for tasks to queue
[2026-05-13T16:24:05.501+0000] {logging_mixin.py:188} INFO - [2026-05-13T16:24:05.501+0000] {dagbag.py:545} INFO - Filling up the DagBag from /opt/airflow/dags/main.py
[2026-05-13T16:24:05.628+0000] {processor.py:840} INFO - DAG(s) 'produce_json' retrieved from /opt/airflow/dags/main.py
[2026-05-13T16:24:05.657+0000] {logging_mixin.py:188} INFO - [2026-05-13T16:24:05.657+0000] {dag.py:3096} INFO - Sync 1 DAGs
[2026-05-13T16:24:05.692+0000] {logging_mixin.py:188} INFO - [2026-05-13T16:24:05.692+0000] {dag.py:3954} INFO - Setting next_dagrun for produce_json to 2026-05-13 13:00:00+00:00, run_after=2026-05-14 13:00:00+00:00
[2026-05-13T16:24:05.780+0000] {processor.py:183} INFO - Processing /opt/airflow/dags/main.py took 0.293 seconds
[2026-05-13T16:24:36.157+0000] {processor.py:161} INFO - Started process (PID=738) to work on /opt/airflow/dags/main.py
[2026-05-13T16:24:36.161+0000] {processor.py:830} INFO - Processing file /opt/airflow/dags/main.py for tasks to queue
[2026-05-13T16:24:36.164+0000] {logging_mixin.py:188} INFO - [2026-05-13T16:24:36.164+0000] {dagbag.py:545} INFO - Filling up the DagBag from /opt/airflow/dags/main.py
[2026-05-13T16:24:36.308+0000] {processor.py:840} INFO - DAG(s) 'produce_json' retrieved from /opt/airflow/dags/main.py
[2026-05-13T16:24:36.359+0000] {logging_mixin.py:188} INFO - [2026-05-13T16:24:36.359+0000] {dag.py:3096} INFO - Sync 1 DAGs
[2026-05-13T16:24:36.399+0000] {logging_mixin.py:188} INFO - [2026-05-13T16:24:36.398+0000] {dag.py:3954} INFO - Setting next_dagrun for produce_json to 2026-05-13 13:00:00+00:00, run_after=2026-05-14 13:00:00+00:00
[2026-05-13T16:24:36.483+0000] {processor.py:183} INFO - Processing /opt/airflow/dags/main.py took 0.338 seconds
[2026-05-13T16:25:06.870+0000] {processor.py:161} INFO - Started process (PID=745) to work on /opt/airflow/dags/main.py
[2026-05-13T16:25:06.872+0000] {processor.py:830} INFO - Processing file /opt/airflow/dags/main.py for tasks to queue
[2026-05-13T16:25:06.875+0000] {logging_mixin.py:188} INFO - [2026-05-13T16:25:06.875+0000] {dagbag.py:545} INFO - Filling up the DagBag from /opt/airflow/dags/main.py
[2026-05-13T16:25:06.938+0000] {processor.py:840} INFO - DAG(s) 'produce_json' retrieved from /opt/airflow/dags/main.py
[2026-05-13T16:25:06.962+0000] {logging_mixin.py:188} INFO - [2026-05-13T16:25:06.962+0000] {dag.py:3096} INFO - Sync 1 DAGs
[2026-05-13T16:25:06.988+0000] {logging_mixin.py:188} INFO - [2026-05-13T16:25:06.988+0000] {dag.py:3954} INFO - Setting next_dagrun for produce_json to 2026-05-13 13:00:00+00:00, run_after=2026-05-14 13:00:00+00:00
[2026-05-13T16:25:07.063+0000] {processor.py:183} INFO - Processing /opt/airflow/dags/main.py took 0.202 seconds
[2026-05-13T16:25:37.178+0000] {processor.py:161} INFO - Started process (PID=753) to work on /opt/airflow/dags/main.py
[2026-05-13T16:25:37.180+0000] {processor.py:830} INFO - Processing file /opt/airflow/dags/main.py for tasks to queue
[2026-05-13T16:25:37.183+0000] {logging_mixin.py:188} INFO - [2026-05-13T16:25:37.182+0000] {dagbag.py:545} INFO - Filling up the DagBag from /opt/airflow/dags/main.py
[2026-05-13T16:25:37.246+0000] {processor.py:840} INFO - DAG(s) 'produce_json' retrieved from /opt/airflow/dags/main.py
[2026-05-13T16:25:37.272+0000] {logging_mixin.py:188} INFO - [2026-05-13T16:25:37.271+0000] {dag.py:3096} INFO - Sync 1 DAGs
[2026-05-13T16:25:37.295+0000] {logging_mixin.py:188} INFO - [2026-05-13T16:25:37.295+0000] {dag.py:3954} INFO - Setting next_dagrun for produce_json to 2026-05-13 13:00:00+00:00, run_after=2026-05-14 13:00:00+00:00
[2026-05-13T16:25:37.356+0000] {processor.py:183} INFO - Processing /opt/airflow/dags/main.py took 0.186 seconds
[2026-05-13T16:26:07.736+0000] {processor.py:161} INFO - Started process (PID=760) to work on /opt/airflow/dags/main.py
[2026-05-13T16:26:07.739+0000] {processor.py:830} INFO - Processing file /opt/airflow/dags/main.py for tasks to queue
[2026-05-13T16:26:07.742+0000] {logging_mixin.py:188} INFO - [2026-05-13T16:26:07.742+0000] {dagbag.py:545} INFO - Filling up the DagBag from /opt/airflow/dags/main.py
[2026-05-13T16:26:07.898+0000] {processor.py:840} INFO - DAG(s) 'produce_json' retrieved from /opt/airflow/dags/main.py
[2026-05-13T16:26:07.964+0000] {logging_mixin.py:188} INFO - [2026-05-13T16:26:07.964+0000] {dag.py:3096} INFO - Sync 1 DAGs
[2026-05-13T16:26:08.000+0000] {logging_mixin.py:188} INFO - [2026-05-13T16:26:08.000+0000] {dag.py:3954} INFO - Setting next_dagrun for produce_json to 2026-05-13 13:00:00+00:00, run_after=2026-05-14 13:00:00+00:00
[2026-05-13T16:26:08.086+0000] {processor.py:183} INFO - Processing /opt/airflow/dags/main.py took 0.359 seconds
[2026-05-13T16:26:38.457+0000] {processor.py:161} INFO - Started process (PID=767) to work on /opt/airflow/dags/main.py
[2026-05-13T16:26:38.459+0000] {processor.py:830} INFO - Processing file /opt/airflow/dags/main.py for tasks to queue
[2026-05-13T16:26:38.462+0000] {logging_mixin.py:188} INFO - [2026-05-13T16:26:38.461+0000] {dagbag.py:545} INFO - Filling up the DagBag from /opt/airflow/dags/main.py
[2026-05-13T16:26:38.614+0000] {processor.py:840} INFO - DAG(s) 'produce_json' retrieved from /opt/airflow/dags/main.py
[2026-05-13T16:26:38.669+0000] {logging_mixin.py:188} INFO - [2026-05-13T16:26:38.669+0000] {dag.py:3096} INFO - Sync 1 DAGs
[2026-05-13T16:26:38.700+0000] {logging_mixin.py:188} INFO - [2026-05-13T16:26:38.700+0000] {dag.py:3954} INFO - Setting next_dagrun for produce_json to 2026-05-13 13:00:00+00:00, run_after=2026-05-14 13:00:00+00:00
[2026-05-13T16:26:38.780+0000] {processor.py:183} INFO - Processing /opt/airflow/dags/main.py took 0.335 seconds
[2026-05-13T16:27:09.184+0000] {processor.py:161} INFO - Started process (PID=773) to work on /opt/airflow/dags/main.py
[2026-05-13T16:27:09.185+0000] {processor.py:830} INFO - Processing file /opt/airflow/dags/main.py for tasks to queue
[2026-05-13T16:27:09.188+0000] {logging_mixin.py:188} INFO - [2026-05-13T16:27:09.188+0000] {dagbag.py:545} INFO - Filling up the DagBag from /opt/airflow/dags/main.py
[2026-05-13T16:27:09.282+0000] {processor.py:840} INFO - DAG(s) 'produce_json' retrieved from /opt/airflow/dags/main.py
[2026-05-13T16:27:09.309+0000] {logging_mixin.py:188} INFO - [2026-05-13T16:27:09.309+0000] {dag.py:3096} INFO - Sync 1 DAGs
[2026-05-13T16:27:09.337+0000] {logging_mixin.py:188} INFO - [2026-05-13T16:27:09.336+0000] {dag.py:3954} INFO - Setting next_dagrun for produce_json to 2026-05-13 13:00:00+00:00, run_after=2026-05-14 13:00:00+00:00
[2026-05-13T16:27:09.417+0000] {processor.py:183} INFO - Processing /opt/airflow/dags/main.py took 0.243 seconds
[2026-05-13T16:27:39.547+0000] {processor.py:161} INFO - Started process (PID=779) to work on /opt/airflow/dags/main.py
[2026-05-13T16:27:39.549+0000] {processor.py:830} INFO - Processing file /opt/airflow/dags/main.py for tasks to queue
[2026-05-13T16:27:39.551+0000] {logging_mixin.py:188} INFO - [2026-05-13T16:27:39.551+0000] {dagbag.py:545} INFO - Filling up the DagBag from /opt/airflow/dags/main.py
[2026-05-13T16:27:39.632+0000] {processor.py:840} INFO - DAG(s) 'produce_json' retrieved from /opt/airflow/dags/main.py
[2026-05-13T16:27:39.672+0000] {logging_mixin.py:188} INFO - [2026-05-13T16:27:39.672+0000] {dag.py:3096} INFO - Sync 1 DAGs
[2026-05-13T16:27:39.716+0000] {logging_mixin.py:188} INFO - [2026-05-13T16:27:39.716+0000] {dag.py:3954} INFO - Setting next_dagrun for produce_json to 2026-05-13 13:00:00+00:00, run_after=2026-05-14 13:00:00+00:00
[2026-05-13T16:27:39.787+0000] {processor.py:183} INFO - Processing /opt/airflow/dags/main.py took 0.250 seconds
[2026-05-13T16:28:10.458+0000] {processor.py:161} INFO - Started process (PID=786) to work on /opt/airflow/dags/main.py
[2026-05-13T16:28:10.459+0000] {processor.py:830} INFO - Processing file /opt/airflow/dags/main.py for tasks to queue
[2026-05-13T16:28:10.462+0000] {logging_mixin.py:188} INFO - [2026-05-13T16:28:10.461+0000] {dagbag.py:545} INFO - Filling up the DagBag from /opt/airflow/dags/main.py
[2026-05-13T16:28:10.532+0000] {processor.py:840} INFO - DAG(s) 'produce_json' retrieved from /opt/airflow/dags/main.py
[2026-05-13T16:28:10.558+0000] {logging_mixin.py:188} INFO - [2026-05-13T16:28:10.558+0000] {dag.py:3096} INFO - Sync 1 DAGs
[2026-05-13T16:28:10.588+0000] {logging_mixin.py:188} INFO - [2026-05-13T16:28:10.588+0000] {dag.py:3954} INFO - Setting next_dagrun for produce_json to 2026-05-13 13:00:00+00:00, run_after=2026-05-14 13:00:00+00:00
[2026-05-13T16:28:10.662+0000] {processor.py:183} INFO - Processing /opt/airflow/dags/main.py took 0.211 seconds
[2026-05-13T16:28:40.812+0000] {processor.py:161} INFO - Started process (PID=793) to work on /opt/airflow/dags/main.py
[2026-05-13T16:28:40.814+0000] {processor.py:830} INFO - Processing file /opt/airflow/dags/main.py for tasks to queue
[2026-05-13T16:28:40.819+0000] {logging_mixin.py:188} INFO - [2026-05-13T16:28:40.818+0000] {dagbag.py:545} INFO - Filling up the DagBag from /opt/airflow/dags/main.py
[2026-05-13T16:28:40.894+0000] {processor.py:840} INFO - DAG(s) 'produce_json' retrieved from /opt/airflow/dags/main.py
[2026-05-13T16:28:40.930+0000] {logging_mixin.py:188} INFO - [2026-05-13T16:28:40.930+0000] {dag.py:3096} INFO - Sync 1 DAGs
[2026-05-13T16:28:40.964+0000] {logging_mixin.py:188} INFO - [2026-05-13T16:28:40.964+0000] {dag.py:3954} INFO - Setting next_dagrun for produce_json to 2026-05-13 13:00:00+00:00, run_after=2026-05-14 13:00:00+00:00
[2026-05-13T16:28:40.991+0000] {processor.py:183} INFO - Processing /opt/airflow/dags/main.py took 0.186 seconds
[2026-05-13T16:29:11.345+0000] {processor.py:161} INFO - Started process (PID=800) to work on /opt/airflow/dags/main.py
[2026-05-13T16:29:11.347+0000] {processor.py:830} INFO - Processing file /opt/airflow/dags/main.py for tasks to queue
[2026-05-13T16:29:11.350+0000] {logging_mixin.py:188} INFO - [2026-05-13T16:29:11.350+0000] {dagbag.py:545} INFO - Filling up the DagBag from /opt/airflow/dags/main.py
[2026-05-13T16:29:11.417+0000] {processor.py:840} INFO - DAG(s) 'produce_json' retrieved from /opt/airflow/dags/main.py
[2026-05-13T16:29:11.446+0000] {logging_mixin.py:188} INFO - [2026-05-13T16:29:11.445+0000] {dag.py:3096} INFO - Sync 1 DAGs
[2026-05-13T16:29:11.474+0000] {logging_mixin.py:188} INFO - [2026-05-13T16:29:11.474+0000] {dag.py:3954} INFO - Setting next_dagrun for produce_json to 2026-05-13 13:00:00+00:00, run_after=2026-05-14 13:00:00+00:00
[2026-05-13T16:29:11.550+0000] {processor.py:183} INFO - Processing /opt/airflow/dags/main.py took 0.212 seconds
[2026-05-13T16:29:41.698+0000] {processor.py:161} INFO - Started process (PID=807) to work on /opt/airflow/dags/main.py
[2026-05-13T16:29:41.700+0000] {processor.py:830} INFO - Processing file /opt/airflow/dags/main.py for tasks to queue
[2026-05-13T16:29:41.702+0000] {logging_mixin.py:188} INFO - [2026-05-13T16:29:41.702+0000] {dagbag.py:545} INFO - Filling up the DagBag from /opt/airflow/dags/main.py
[2026-05-13T16:29:41.767+0000] {processor.py:840} INFO - DAG(s) 'produce_json' retrieved from /opt/airflow/dags/main.py
[2026-05-13T16:29:41.791+0000] {logging_mixin.py:188} INFO - [2026-05-13T16:29:41.791+0000] {dag.py:3096} INFO - Sync 1 DAGs
[2026-05-13T16:29:41.817+0000] {logging_mixin.py:188} INFO - [2026-05-13T16:29:41.817+0000] {dag.py:3954} INFO - Setting next_dagrun for produce_json to 2026-05-13 13:00:00+00:00, run_after=2026-05-14 13:00:00+00:00
[2026-05-13T16:29:41.884+0000] {processor.py:183} INFO - Processing /opt/airflow/dags/main.py took 0.194 seconds
[2026-05-13T16:30:12.222+0000] {processor.py:161} INFO - Started process (PID=814) to work on /opt/airflow/dags/main.py
[2026-05-13T16:30:12.224+0000] {processor.py:830} INFO - Processing file /opt/airflow/dags/main.py for tasks to queue
[2026-05-13T16:30:12.228+0000] {logging_mixin.py:188} INFO - [2026-05-13T16:30:12.227+0000] {dagbag.py:545} INFO - Filling up the DagBag from /opt/airflow/dags/main.py
[2026-05-13T16:30:12.322+0000] {processor.py:840} INFO - DAG(s) 'produce_json' retrieved from /opt/airflow/dags/main.py
[2026-05-13T16:30:12.360+0000] {logging_mixin.py:188} INFO - [2026-05-13T16:30:12.359+0000] {dag.py:3096} INFO - Sync 1 DAGs
[2026-05-13T16:30:12.433+0000] {logging_mixin.py:188} INFO - [2026-05-13T16:30:12.433+0000] {dag.py:3954} INFO - Setting next_dagrun for produce_json to 2026-05-13 13:00:00+00:00, run_after=2026-05-14 13:00:00+00:00
[2026-05-13T16:30:12.477+0000] {processor.py:183} INFO - Processing /opt/airflow/dags/main.py took 0.263 seconds
[2026-05-13T16:30:42.579+0000] {processor.py:161} INFO - Started process (PID=821) to work on /opt/airflow/dags/main.py
[2026-05-13T16:30:42.583+0000] {processor.py:830} INFO - Processing file /opt/airflow/dags/main.py for tasks to queue
[2026-05-13T16:30:42.589+0000] {logging_mixin.py:188} INFO - [2026-05-13T16:30:42.588+0000] {dagbag.py:545} INFO - Filling up the DagBag from /opt/airflow/dags/main.py
[2026-05-13T16:30:42.726+0000] {processor.py:840} INFO - DAG(s) 'produce_json' retrieved from /opt/airflow/dags/main.py
[2026-05-13T16:30:42.765+0000] {logging_mixin.py:188} INFO - [2026-05-13T16:30:42.765+0000] {dag.py:3096} INFO - Sync 1 DAGs
[2026-05-13T16:30:42.795+0000] {logging_mixin.py:188} INFO - [2026-05-13T16:30:42.795+0000] {dag.py:3954} INFO - Setting next_dagrun for produce_json to 2026-05-13 13:00:00+00:00, run_after=2026-05-14 13:00:00+00:00
[2026-05-13T16:30:42.863+0000] {processor.py:183} INFO - Processing /opt/airflow/dags/main.py took 0.298 seconds
[2026-05-13T16:31:13.206+0000] {processor.py:161} INFO - Started process (PID=828) to work on /opt/airflow/dags/main.py
[2026-05-13T16:31:13.208+0000] {processor.py:830} INFO - Processing file /opt/airflow/dags/main.py for tasks to queue
[2026-05-13T16:31:13.212+0000] {logging_mixin.py:188} INFO - [2026-05-13T16:31:13.212+0000] {dagbag.py:545} INFO - Filling up the DagBag from /opt/airflow/dags/main.py
[2026-05-13T16:31:13.353+0000] {processor.py:840} INFO - DAG(s) 'produce_json' retrieved from /opt/airflow/dags/main.py
[2026-05-13T16:31:13.387+0000] {logging_mixin.py:188} INFO - [2026-05-13T16:31:13.387+0000] {dag.py:3096} INFO - Sync 1 DAGs
[2026-05-13T16:31:13.437+0000] {logging_mixin.py:188} INFO - [2026-05-13T16:31:13.437+0000] {dag.py:3954} INFO - Setting next_dagrun for produce_json to 2026-05-13 13:00:00+00:00, run_after=2026-05-14 13:00:00+00:00
[2026-05-13T16:31:13.529+0000] {processor.py:183} INFO - Processing /opt/airflow/dags/main.py took 0.331 seconds
[2026-05-13T16:31:43.887+0000] {processor.py:161} INFO - Started process (PID=835) to work on /opt/airflow/dags/main.py
[2026-05-13T16:31:43.889+0000] {processor.py:830} INFO - Processing file /opt/airflow/dags/main.py for tasks to queue
[2026-05-13T16:31:43.891+0000] {logging_mixin.py:188} INFO - [2026-05-13T16:31:43.891+0000] {dagbag.py:545} INFO - Filling up the DagBag from /opt/airflow/dags/main.py
[2026-05-13T16:31:43.960+0000] {processor.py:840} INFO - DAG(s) 'produce_json' retrieved from /opt/airflow/dags/main.py
[2026-05-13T16:31:43.989+0000] {logging_mixin.py:188} INFO - [2026-05-13T16:31:43.988+0000] {dag.py:3096} INFO - Sync 1 DAGs
[2026-05-13T16:31:44.018+0000] {logging_mixin.py:188} INFO - [2026-05-13T16:31:44.017+0000] {dag.py:3954} INFO - Setting next_dagrun for produce_json to 2026-05-13 13:00:00+00:00, run_after=2026-05-14 13:00:00+00:00
[2026-05-13T16:31:44.096+0000] {processor.py:183} INFO - Processing /opt/airflow/dags/main.py took 0.216 seconds
[2026-05-13T16:32:14.238+0000] {processor.py:161} INFO - Started process (PID=842) to work on /opt/airflow/dags/main.py
[2026-05-13T16:32:14.239+0000] {processor.py:830} INFO - Processing file /opt/airflow/dags/main.py for tasks to queue
[2026-05-13T16:32:14.242+0000] {logging_mixin.py:188} INFO - [2026-05-13T16:32:14.242+0000] {dagbag.py:545} INFO - Filling up the DagBag from /opt/airflow/dags/main.py
[2026-05-13T16:32:14.315+0000] {processor.py:840} INFO - DAG(s) 'produce_json' retrieved from /opt/airflow/dags/main.py
[2026-05-13T16:32:14.353+0000] {logging_mixin.py:188} INFO - [2026-05-13T16:32:14.353+0000] {dag.py:3096} INFO - Sync 1 DAGs
[2026-05-13T16:32:14.384+0000] {logging_mixin.py:188} INFO - [2026-05-13T16:32:14.384+0000] {dag.py:3954} INFO - Setting next_dagrun for produce_json to 2026-05-13 13:00:00+00:00, run_after=2026-05-14 13:00:00+00:00
[2026-05-13T16:32:14.421+0000] {processor.py:183} INFO - Processing /opt/airflow/dags/main.py took 0.191 seconds
[2026-05-13T16:32:44.815+0000] {processor.py:161} INFO - Started process (PID=849) to work on /opt/airflow/dags/main.py
[2026-05-13T16:32:44.817+0000] {processor.py:830} INFO - Processing file /opt/airflow/dags/main.py for tasks to queue
[2026-05-13T16:32:44.823+0000] {logging_mixin.py:188} INFO - [2026-05-13T16:32:44.822+0000] {dagbag.py:545} INFO - Filling up the DagBag from /opt/airflow/dags/main.py
[2026-05-13T16:32:44.969+0000] {processor.py:840} INFO - DAG(s) 'produce_json' retrieved from /opt/airflow/dags/main.py
[2026-05-13T16:32:45.014+0000] {logging_mixin.py:188} INFO - [2026-05-13T16:32:45.014+0000] {dag.py:3096} INFO - Sync 1 DAGs
[2026-05-13T16:32:45.053+0000] {logging_mixin.py:188} INFO - [2026-05-13T16:32:45.052+0000] {dag.py:3954} INFO - Setting next_dagrun for produce_json to 2026-05-13 13:00:00+00:00, run_after=2026-05-14 13:00:00+00:00
[2026-05-13T16:32:45.125+0000] {processor.py:183} INFO - Processing /opt/airflow/dags/main.py took 0.325 seconds
[2026-05-13T17:27:55.092+0000] {processor.py:161} INFO - Started process (PID=856) to work on /opt/airflow/dags/main.py
[2026-05-13T17:27:55.123+0000] {processor.py:830} INFO - Processing file /opt/airflow/dags/main.py for tasks to queue
[2026-05-13T17:27:55.130+0000] {logging_mixin.py:188} INFO - [2026-05-13T17:27:55.129+0000] {dagbag.py:545} INFO - Filling up the DagBag from /opt/airflow/dags/main.py
[2026-05-13T17:27:55.472+0000] {processor.py:840} INFO - DAG(s) 'produce_json' retrieved from /opt/airflow/dags/main.py
[2026-05-13T17:27:55.739+0000] {logging_mixin.py:188} INFO - [2026-05-13T17:27:55.739+0000] {dag.py:3096} INFO - Sync 1 DAGs
[2026-05-13T17:27:55.910+0000] {logging_mixin.py:188} INFO - [2026-05-13T17:27:55.909+0000] {dag.py:3954} INFO - Setting next_dagrun for produce_json to 2026-05-13 13:00:00+00:00, run_after=2026-05-14 13:00:00+00:00
[2026-05-13T17:27:56.112+0000] {processor.py:183} INFO - Processing /opt/airflow/dags/main.py took 1.048 seconds
[2026-05-13T20:29:32.068+0000] {processor.py:161} INFO - Started process (PID=857) to work on /opt/airflow/dags/main.py
[2026-05-13T20:29:32.082+0000] {processor.py:830} INFO - Processing file /opt/airflow/dags/main.py for tasks to queue
[2026-05-13T20:29:32.100+0000] {logging_mixin.py:188} INFO - [2026-05-13T20:29:32.099+0000] {dagbag.py:545} INFO - Filling up the DagBag from /opt/airflow/dags/main.py
[2026-05-13T20:29:32.438+0000] {processor.py:840} INFO - DAG(s) 'produce_json' retrieved from /opt/airflow/dags/main.py
[2026-05-13T20:29:32.584+0000] {logging_mixin.py:188} INFO - [2026-05-13T20:29:32.583+0000] {dag.py:3096} INFO - Sync 1 DAGs
[2026-05-13T20:29:32.697+0000] {logging_mixin.py:188} INFO - [2026-05-13T20:29:32.695+0000] {dag.py:3954} INFO - Setting next_dagrun for produce_json to 2026-05-13 13:00:00+00:00, run_after=2026-05-14 13:00:00+00:00
[2026-05-13T20:29:32.837+0000] {processor.py:183} INFO - Processing /opt/airflow/dags/main.py took 0.811 seconds
[2026-05-13T20:30:03.168+0000] {processor.py:161} INFO - Started process (PID=864) to work on /opt/airflow/dags/main.py
[2026-05-13T20:30:03.169+0000] {processor.py:830} INFO - Processing file /opt/airflow/dags/main.py for tasks to queue
[2026-05-13T20:30:03.173+0000] {logging_mixin.py:188} INFO - [2026-05-13T20:30:03.172+0000] {dagbag.py:545} INFO - Filling up the DagBag from /opt/airflow/dags/main.py
[2026-05-13T20:30:03.233+0000] {processor.py:840} INFO - DAG(s) 'produce_json' retrieved from /opt/airflow/dags/main.py
[2026-05-13T20:30:03.263+0000] {logging_mixin.py:188} INFO - [2026-05-13T20:30:03.263+0000] {dag.py:3096} INFO - Sync 1 DAGs
[2026-05-13T20:30:03.288+0000] {logging_mixin.py:188} INFO - [2026-05-13T20:30:03.288+0000] {dag.py:3954} INFO - Setting next_dagrun for produce_json to 2026-05-13 13:00:00+00:00, run_after=2026-05-14 13:00:00+00:00
[2026-05-13T20:30:03.309+0000] {processor.py:183} INFO - Processing /opt/airflow/dags/main.py took 0.151 seconds
[2026-05-13T20:30:33.451+0000] {processor.py:161} INFO - Started process (PID=871) to work on /opt/airflow/dags/main.py
[2026-05-13T20:30:33.452+0000] {processor.py:830} INFO - Processing file /opt/airflow/dags/main.py for tasks to queue
[2026-05-13T20:30:33.455+0000] {logging_mixin.py:188} INFO - [2026-05-13T20:30:33.455+0000] {dagbag.py:545} INFO - Filling up the DagBag from /opt/airflow/dags/main.py
[2026-05-13T20:30:33.512+0000] {processor.py:840} INFO - DAG(s) 'produce_json' retrieved from /opt/airflow/dags/main.py
[2026-05-13T20:30:33.537+0000] {logging_mixin.py:188} INFO - [2026-05-13T20:30:33.537+0000] {dag.py:3096} INFO - Sync 1 DAGs
[2026-05-13T20:30:33.565+0000] {logging_mixin.py:188} INFO - [2026-05-13T20:30:33.565+0000] {dag.py:3954} INFO - Setting next_dagrun for produce_json to 2026-05-13 13:00:00+00:00, run_after=2026-05-14 13:00:00+00:00
[2026-05-13T20:30:33.588+0000] {processor.py:183} INFO - Processing /opt/airflow/dags/main.py took 0.143 seconds
[2026-05-13T20:31:03.773+0000] {processor.py:161} INFO - Started process (PID=878) to work on /opt/airflow/dags/main.py
[2026-05-13T20:31:03.775+0000] {processor.py:830} INFO - Processing file /opt/airflow/dags/main.py for tasks to queue
[2026-05-13T20:31:03.778+0000] {logging_mixin.py:188} INFO - [2026-05-13T20:31:03.778+0000] {dagbag.py:545} INFO - Filling up the DagBag from /opt/airflow/dags/main.py
[2026-05-13T20:31:03.852+0000] {processor.py:840} INFO - DAG(s) 'produce_json' retrieved from /opt/airflow/dags/main.py
[2026-05-13T20:31:03.884+0000] {logging_mixin.py:188} INFO - [2026-05-13T20:31:03.884+0000] {dag.py:3096} INFO - Sync 1 DAGs
[2026-05-13T20:31:03.919+0000] {logging_mixin.py:188} INFO - [2026-05-13T20:31:03.919+0000] {dag.py:3954} INFO - Setting next_dagrun for produce_json to 2026-05-13 13:00:00+00:00, run_after=2026-05-14 13:00:00+00:00
[2026-05-13T20:31:03.953+0000] {processor.py:183} INFO - Processing /opt/airflow/dags/main.py took 0.187 seconds
[2026-05-13T20:31:34.194+0000] {processor.py:161} INFO - Started process (PID=885) to work on /opt/airflow/dags/main.py
[2026-05-13T20:31:34.196+0000] {processor.py:830} INFO - Processing file /opt/airflow/dags/main.py for tasks to queue
[2026-05-13T20:31:34.198+0000] {logging_mixin.py:188} INFO - [2026-05-13T20:31:34.198+0000] {dagbag.py:545} INFO - Filling up the DagBag from /opt/airflow/dags/main.py
[2026-05-13T20:31:34.263+0000] {processor.py:840} INFO - DAG(s) 'produce_json' retrieved from /opt/airflow/dags/main.py
[2026-05-13T20:31:34.293+0000] {logging_mixin.py:188} INFO - [2026-05-13T20:31:34.293+0000] {dag.py:3096} INFO - Sync 1 DAGs
[2026-05-13T20:31:34.322+0000] {logging_mixin.py:188} INFO - [2026-05-13T20:31:34.322+0000] {dag.py:3954} INFO - Setting next_dagrun for produce_json to 2026-05-13 13:00:00+00:00, run_after=2026-05-14 13:00:00+00:00
[2026-05-13T20:31:34.395+0000] {processor.py:183} INFO - Processing /opt/airflow/dags/main.py took 0.208 seconds
[2026-05-13T20:32:04.620+0000] {processor.py:161} INFO - Started process (PID=892) to work on /opt/airflow/dags/main.py
[2026-05-13T20:32:04.622+0000] {processor.py:830} INFO - Processing file /opt/airflow/dags/main.py for tasks to queue
[2026-05-13T20:32:04.624+0000] {logging_mixin.py:188} INFO - [2026-05-13T20:32:04.624+0000] {dagbag.py:545} INFO - Filling up the DagBag from /opt/airflow/dags/main.py
[2026-05-13T20:32:04.689+0000] {processor.py:840} INFO - DAG(s) 'produce_json' retrieved from /opt/airflow/dags/main.py
[2026-05-13T20:32:04.714+0000] {logging_mixin.py:188} INFO - [2026-05-13T20:32:04.714+0000] {dag.py:3096} INFO - Sync 1 DAGs
[2026-05-13T20:32:04.740+0000] {logging_mixin.py:188} INFO - [2026-05-13T20:32:04.739+0000] {dag.py:3954} INFO - Setting next_dagrun for produce_json to 2026-05-13 13:00:00+00:00, run_after=2026-05-14 13:00:00+00:00
[2026-05-13T20:32:04.812+0000] {processor.py:183} INFO - Processing /opt/airflow/dags/main.py took 0.199 seconds
[2026-05-13T20:32:35.058+0000] {processor.py:161} INFO - Started process (PID=899) to work on /opt/airflow/dags/main.py
[2026-05-13T20:32:35.060+0000] {processor.py:830} INFO - Processing file /opt/airflow/dags/main.py for tasks to queue
[2026-05-13T20:32:35.063+0000] {logging_mixin.py:188} INFO - [2026-05-13T20:32:35.063+0000] {dagbag.py:545} INFO - Filling up the DagBag from /opt/airflow/dags/main.py
[2026-05-13T20:32:35.213+0000] {processor.py:840} INFO - DAG(s) 'produce_json' retrieved from /opt/airflow/dags/main.py
[2026-05-13T20:32:35.243+0000] {logging_mixin.py:188} INFO - [2026-05-13T20:32:35.242+0000] {dag.py:3096} INFO - Sync 1 DAGs
[2026-05-13T20:32:35.271+0000] {logging_mixin.py:188} INFO - [2026-05-13T20:32:35.271+0000] {dag.py:3954} INFO - Setting next_dagrun for produce_json to 2026-05-13 13:00:00+00:00, run_after=2026-05-14 13:00:00+00:00
[2026-05-13T20:32:35.338+0000] {processor.py:183} INFO - Processing /opt/airflow/dags/main.py took 0.291 seconds
[2026-05-13T20:33:05.432+0000] {processor.py:161} INFO - Started process (PID=906) to work on /opt/airflow/dags/main.py
[2026-05-13T20:33:05.433+0000] {processor.py:830} INFO - Processing file /opt/airflow/dags/main.py for tasks to queue
[2026-05-13T20:33:05.436+0000] {logging_mixin.py:188} INFO - [2026-05-13T20:33:05.435+0000] {dagbag.py:545} INFO - Filling up the DagBag from /opt/airflow/dags/main.py
[2026-05-13T20:33:05.499+0000] {processor.py:840} INFO - DAG(s) 'produce_json' retrieved from /opt/airflow/dags/main.py
[2026-05-13T20:33:05.527+0000] {logging_mixin.py:188} INFO - [2026-05-13T20:33:05.527+0000] {dag.py:3096} INFO - Sync 1 DAGs
[2026-05-13T20:33:05.554+0000] {logging_mixin.py:188} INFO - [2026-05-13T20:33:05.554+0000] {dag.py:3954} INFO - Setting next_dagrun for produce_json to 2026-05-13 13:00:00+00:00, run_after=2026-05-14 13:00:00+00:00
[2026-05-13T20:33:05.627+0000] {processor.py:183} INFO - Processing /opt/airflow/dags/main.py took 0.202 seconds
[2026-05-13T20:33:36.013+0000] {processor.py:161} INFO - Started process (PID=913) to work on /opt/airflow/dags/main.py
[2026-05-13T20:33:36.017+0000] {processor.py:830} INFO - Processing file /opt/airflow/dags/main.py for tasks to queue
[2026-05-13T20:33:36.023+0000] {logging_mixin.py:188} INFO - [2026-05-13T20:33:36.023+0000] {dagbag.py:545} INFO - Filling up the DagBag from /opt/airflow/dags/main.py
[2026-05-13T20:33:36.211+0000] {processor.py:840} INFO - DAG(s) 'produce_json' retrieved from /opt/airflow/dags/main.py
[2026-05-13T20:33:36.275+0000] {logging_mixin.py:188} INFO - [2026-05-13T20:33:36.274+0000] {dag.py:3096} INFO - Sync 1 DAGs
[2026-05-13T20:33:36.334+0000] {logging_mixin.py:188} INFO - [2026-05-13T20:33:36.334+0000] {dag.py:3954} INFO - Setting next_dagrun for produce_json to 2026-05-13 13:00:00+00:00, run_after=2026-05-14 13:00:00+00:00
[2026-05-13T20:33:36.388+0000] {processor.py:183} INFO - Processing /opt/airflow/dags/main.py took 0.393 seconds
[2026-05-13T20:34:06.756+0000] {processor.py:161} INFO - Started process (PID=920) to work on /opt/airflow/dags/main.py
[2026-05-13T20:34:06.759+0000] {processor.py:830} INFO - Processing file /opt/airflow/dags/main.py for tasks to queue
[2026-05-13T20:34:06.764+0000] {logging_mixin.py:188} INFO - [2026-05-13T20:34:06.763+0000] {dagbag.py:545} INFO - Filling up the DagBag from /opt/airflow/dags/main.py
[2026-05-13T20:34:06.913+0000] {processor.py:840} INFO - DAG(s) 'produce_json' retrieved from /opt/airflow/dags/main.py
[2026-05-13T20:34:06.940+0000] {logging_mixin.py:188} INFO - [2026-05-13T20:34:06.940+0000] {dag.py:3096} INFO - Sync 1 DAGs
[2026-05-13T20:34:06.981+0000] {logging_mixin.py:188} INFO - [2026-05-13T20:34:06.980+0000] {dag.py:3954} INFO - Setting next_dagrun for produce_json to 2026-05-13 13:00:00+00:00, run_after=2026-05-14 13:00:00+00:00
[2026-05-13T20:34:07.058+0000] {processor.py:183} INFO - Processing /opt/airflow/dags/main.py took 0.314 seconds
[2026-05-13T20:34:37.660+0000] {processor.py:161} INFO - Started process (PID=927) to work on /opt/airflow/dags/main.py
[2026-05-13T20:34:37.662+0000] {processor.py:830} INFO - Processing file /opt/airflow/dags/main.py for tasks to queue
[2026-05-13T20:34:37.667+0000] {logging_mixin.py:188} INFO - [2026-05-13T20:34:37.667+0000] {dagbag.py:545} INFO - Filling up the DagBag from /opt/airflow/dags/main.py
[2026-05-13T20:34:37.826+0000] {processor.py:840} INFO - DAG(s) 'produce_json' retrieved from /opt/airflow/dags/main.py
[2026-05-13T20:34:37.865+0000] {logging_mixin.py:188} INFO - [2026-05-13T20:34:37.864+0000] {dag.py:3096} INFO - Sync 1 DAGs
[2026-05-13T20:34:37.903+0000] {logging_mixin.py:188} INFO - [2026-05-13T20:34:37.903+0000] {dag.py:3954} INFO - Setting next_dagrun for produce_json to 2026-05-13 13:00:00+00:00, run_after=2026-05-14 13:00:00+00:00
[2026-05-13T20:34:37.986+0000] {processor.py:183} INFO - Processing /opt/airflow/dags/main.py took 0.339 seconds
[2026-05-13T20:35:08.336+0000] {processor.py:161} INFO - Started process (PID=934) to work on /opt/airflow/dags/main.py
[2026-05-13T20:35:08.338+0000] {processor.py:830} INFO - Processing file /opt/airflow/dags/main.py for tasks to queue
[2026-05-13T20:35:08.342+0000] {logging_mixin.py:188} INFO - [2026-05-13T20:35:08.341+0000] {dagbag.py:545} INFO - Filling up the DagBag from /opt/airflow/dags/main.py
[2026-05-13T20:35:08.448+0000] {processor.py:840} INFO - DAG(s) 'produce_json' retrieved from /opt/airflow/dags/main.py
[2026-05-13T20:35:08.484+0000] {logging_mixin.py:188} INFO - [2026-05-13T20:35:08.483+0000] {dag.py:3096} INFO - Sync 1 DAGs
[2026-05-13T20:35:08.518+0000] {logging_mixin.py:188} INFO - [2026-05-13T20:35:08.517+0000] {dag.py:3954} INFO - Setting next_dagrun for produce_json to 2026-05-13 13:00:00+00:00, run_after=2026-05-14 13:00:00+00:00
[2026-05-13T20:35:08.550+0000] {processor.py:183} INFO - Processing /opt/airflow/dags/main.py took 0.226 seconds
[2026-05-13T20:35:38.636+0000] {processor.py:161} INFO - Started process (PID=941) to work on /opt/airflow/dags/main.py
[2026-05-13T20:35:38.638+0000] {processor.py:830} INFO - Processing file /opt/airflow/dags/main.py for tasks to queue
[2026-05-13T20:35:38.640+0000] {logging_mixin.py:188} INFO - [2026-05-13T20:35:38.640+0000] {dagbag.py:545} INFO - Filling up the DagBag from /opt/airflow/dags/main.py
[2026-05-13T20:35:38.764+0000] {processor.py:840} INFO - DAG(s) 'produce_json' retrieved from /opt/airflow/dags/main.py
[2026-05-13T20:35:38.801+0000] {logging_mixin.py:188} INFO - [2026-05-13T20:35:38.801+0000] {dag.py:3096} INFO - Sync 1 DAGs
[2026-05-13T20:35:38.830+0000] {logging_mixin.py:188} INFO - [2026-05-13T20:35:38.829+0000] {dag.py:3954} INFO - Setting next_dagrun for produce_json to 2026-05-13 13:00:00+00:00, run_after=2026-05-14 13:00:00+00:00
[2026-05-13T20:35:38.865+0000] {processor.py:183} INFO - Processing /opt/airflow/dags/main.py took 0.236 seconds
[2026-05-13T20:36:09.142+0000] {processor.py:161} INFO - Started process (PID=954) to work on /opt/airflow/dags/main.py
[2026-05-13T20:36:09.144+0000] {processor.py:830} INFO - Processing file /opt/airflow/dags/main.py for tasks to queue
[2026-05-13T20:36:09.149+0000] {logging_mixin.py:188} INFO - [2026-05-13T20:36:09.148+0000] {dagbag.py:545} INFO - Filling up the DagBag from /opt/airflow/dags/main.py
[2026-05-13T20:36:09.280+0000] {processor.py:840} INFO - DAG(s) 'produce_json' retrieved from /opt/airflow/dags/main.py
[2026-05-13T20:36:09.329+0000] {logging_mixin.py:188} INFO - [2026-05-13T20:36:09.329+0000] {dag.py:3096} INFO - Sync 1 DAGs
[2026-05-13T20:36:09.377+0000] {logging_mixin.py:188} INFO - [2026-05-13T20:36:09.377+0000] {dag.py:3954} INFO - Setting next_dagrun for produce_json to 2026-05-13 13:00:00+00:00, run_after=2026-05-14 13:00:00+00:00
[2026-05-13T20:36:09.446+0000] {processor.py:183} INFO - Processing /opt/airflow/dags/main.py took 0.315 seconds
[2026-05-13T20:36:39.788+0000] {processor.py:161} INFO - Started process (PID=961) to work on /opt/airflow/dags/main.py
[2026-05-13T20:36:39.789+0000] {processor.py:830} INFO - Processing file /opt/airflow/dags/main.py for tasks to queue
[2026-05-13T20:36:39.792+0000] {logging_mixin.py:188} INFO - [2026-05-13T20:36:39.792+0000] {dagbag.py:545} INFO - Filling up the DagBag from /opt/airflow/dags/main.py
[2026-05-13T20:36:39.854+0000] {processor.py:840} INFO - DAG(s) 'produce_json' retrieved from /opt/airflow/dags/main.py
[2026-05-13T20:36:39.878+0000] {logging_mixin.py:188} INFO - [2026-05-13T20:36:39.878+0000] {dag.py:3096} INFO - Sync 1 DAGs
[2026-05-13T20:36:39.909+0000] {logging_mixin.py:188} INFO - [2026-05-13T20:36:39.909+0000] {dag.py:3954} INFO - Setting next_dagrun for produce_json to 2026-05-13 13:00:00+00:00, run_after=2026-05-14 13:00:00+00:00
[2026-05-13T20:36:39.982+0000] {processor.py:183} INFO - Processing /opt/airflow/dags/main.py took 0.202 seconds
[2026-05-13T20:37:10.215+0000] {processor.py:161} INFO - Started process (PID=968) to work on /opt/airflow/dags/main.py
[2026-05-13T20:37:10.219+0000] {processor.py:830} INFO - Processing file /opt/airflow/dags/main.py for tasks to queue
[2026-05-13T20:37:10.224+0000] {logging_mixin.py:188} INFO - [2026-05-13T20:37:10.223+0000] {dagbag.py:545} INFO - Filling up the DagBag from /opt/airflow/dags/main.py
[2026-05-13T20:37:10.367+0000] {processor.py:840} INFO - DAG(s) 'produce_json' retrieved from /opt/airflow/dags/main.py
[2026-05-13T20:37:10.438+0000] {logging_mixin.py:188} INFO - [2026-05-13T20:37:10.437+0000] {dag.py:3096} INFO - Sync 1 DAGs
[2026-05-13T20:37:10.511+0000] {logging_mixin.py:188} INFO - [2026-05-13T20:37:10.510+0000] {dag.py:3954} INFO - Setting next_dagrun for produce_json to 2026-05-13 13:00:00+00:00, run_after=2026-05-14 13:00:00+00:00
[2026-05-13T20:37:10.602+0000] {processor.py:183} INFO - Processing /opt/airflow/dags/main.py took 0.403 seconds
[2026-05-13T20:37:41.007+0000] {processor.py:161} INFO - Started process (PID=975) to work on /opt/airflow/dags/main.py
[2026-05-13T20:37:41.010+0000] {processor.py:830} INFO - Processing file /opt/airflow/dags/main.py for tasks to queue
[2026-05-13T20:37:41.016+0000] {logging_mixin.py:188} INFO - [2026-05-13T20:37:41.015+0000] {dagbag.py:545} INFO - Filling up the DagBag from /opt/airflow/dags/main.py
[2026-05-13T20:37:41.180+0000] {processor.py:840} INFO - DAG(s) 'produce_json' retrieved from /opt/airflow/dags/main.py
[2026-05-13T20:37:41.219+0000] {logging_mixin.py:188} INFO - [2026-05-13T20:37:41.219+0000] {dag.py:3096} INFO - Sync 1 DAGs
[2026-05-13T20:37:41.251+0000] {logging_mixin.py:188} INFO - [2026-05-13T20:37:41.251+0000] {dag.py:3954} INFO - Setting next_dagrun for produce_json to 2026-05-13 13:00:00+00:00, run_after=2026-05-14 13:00:00+00:00
[2026-05-13T20:37:41.284+0000] {processor.py:183} INFO - Processing /opt/airflow/dags/main.py took 0.294 seconds
[2026-05-13T20:38:11.690+0000] {processor.py:161} INFO - Started process (PID=982) to work on /opt/airflow/dags/main.py
[2026-05-13T20:38:11.692+0000] {processor.py:830} INFO - Processing file /opt/airflow/dags/main.py for tasks to queue
[2026-05-13T20:38:11.695+0000] {logging_mixin.py:188} INFO - [2026-05-13T20:38:11.695+0000] {dagbag.py:545} INFO - Filling up the DagBag from /opt/airflow/dags/main.py
[2026-05-13T20:38:11.853+0000] {processor.py:840} INFO - DAG(s) 'produce_json' retrieved from /opt/airflow/dags/main.py
[2026-05-13T20:38:11.899+0000] {logging_mixin.py:188} INFO - [2026-05-13T20:38:11.898+0000] {dag.py:3096} INFO - Sync 1 DAGs
[2026-05-13T20:38:11.945+0000] {logging_mixin.py:188} INFO - [2026-05-13T20:38:11.945+0000] {dag.py:3954} INFO - Setting next_dagrun for produce_json to 2026-05-13 13:00:00+00:00, run_after=2026-05-14 13:00:00+00:00
[2026-05-13T20:38:11.991+0000] {processor.py:183} INFO - Processing /opt/airflow/dags/main.py took 0.313 seconds
[2026-05-13T20:38:42.356+0000] {processor.py:161} INFO - Started process (PID=989) to work on /opt/airflow/dags/main.py
[2026-05-13T20:38:42.359+0000] {processor.py:830} INFO - Processing file /opt/airflow/dags/main.py for tasks to queue
[2026-05-13T20:38:42.363+0000] {logging_mixin.py:188} INFO - [2026-05-13T20:38:42.363+0000] {dagbag.py:545} INFO - Filling up the DagBag from /opt/airflow/dags/main.py
[2026-05-13T20:38:42.429+0000] {processor.py:840} INFO - DAG(s) 'produce_json' retrieved from /opt/airflow/dags/main.py
[2026-05-13T20:38:42.457+0000] {logging_mixin.py:188} INFO - [2026-05-13T20:38:42.457+0000] {dag.py:3096} INFO - Sync 1 DAGs
[2026-05-13T20:38:42.484+0000] {logging_mixin.py:188} INFO - [2026-05-13T20:38:42.484+0000] {dag.py:3954} INFO - Setting next_dagrun for produce_json to 2026-05-13 13:00:00+00:00, run_after=2026-05-14 13:00:00+00:00
[2026-05-13T20:38:42.510+0000] {processor.py:183} INFO - Processing /opt/airflow/dags/main.py took 0.165 seconds
[2026-05-13T20:39:12.730+0000] {processor.py:161} INFO - Started process (PID=996) to work on /opt/airflow/dags/main.py
[2026-05-13T20:39:12.732+0000] {processor.py:830} INFO - Processing file /opt/airflow/dags/main.py for tasks to queue
[2026-05-13T20:39:12.738+0000] {logging_mixin.py:188} INFO - [2026-05-13T20:39:12.737+0000] {dagbag.py:545} INFO - Filling up the DagBag from /opt/airflow/dags/main.py
[2026-05-13T20:39:12.884+0000] {processor.py:840} INFO - DAG(s) 'produce_json' retrieved from /opt/airflow/dags/main.py
[2026-05-13T20:39:12.920+0000] {logging_mixin.py:188} INFO - [2026-05-13T20:39:12.920+0000] {dag.py:3096} INFO - Sync 1 DAGs
[2026-05-13T20:39:12.952+0000] {logging_mixin.py:188} INFO - [2026-05-13T20:39:12.951+0000] {dag.py:3954} INFO - Setting next_dagrun for produce_json to 2026-05-13 13:00:00+00:00, run_after=2026-05-14 13:00:00+00:00
[2026-05-13T20:39:13.030+0000] {processor.py:183} INFO - Processing /opt/airflow/dags/main.py took 0.316 seconds
[2026-05-13T23:41:02.028+0000] {processor.py:161} INFO - Started process (PID=997) to work on /opt/airflow/dags/main.py
[2026-05-13T23:41:02.049+0000] {processor.py:830} INFO - Processing file /opt/airflow/dags/main.py for tasks to queue
[2026-05-13T23:41:02.064+0000] {logging_mixin.py:188} INFO - [2026-05-13T23:41:02.063+0000] {dagbag.py:545} INFO - Filling up the DagBag from /opt/airflow/dags/main.py
[2026-05-13T23:41:02.443+0000] {processor.py:840} INFO - DAG(s) 'produce_json' retrieved from /opt/airflow/dags/main.py
[2026-05-13T23:41:02.595+0000] {logging_mixin.py:188} INFO - [2026-05-13T23:41:02.595+0000] {dag.py:3096} INFO - Sync 1 DAGs
[2026-05-13T23:41:02.748+0000] {logging_mixin.py:188} INFO - [2026-05-13T23:41:02.747+0000] {dag.py:3954} INFO - Setting next_dagrun for produce_json to 2026-05-13 13:00:00+00:00, run_after=2026-05-14 13:00:00+00:00
[2026-05-13T23:41:02.830+0000] {processor.py:183} INFO - Processing /opt/airflow/dags/main.py took 0.849 seconds
[2026-05-13T23:41:33.141+0000] {processor.py:161} INFO - Started process (PID=1004) to work on /opt/airflow/dags/main.py
[2026-05-13T23:41:33.143+0000] {processor.py:830} INFO - Processing file /opt/airflow/dags/main.py for tasks to queue
[2026-05-13T23:41:33.145+0000] {logging_mixin.py:188} INFO - [2026-05-13T23:41:33.145+0000] {dagbag.py:545} INFO - Filling up the DagBag from /opt/airflow/dags/main.py
[2026-05-13T23:41:33.258+0000] {processor.py:840} INFO - DAG(s) 'produce_json' retrieved from /opt/airflow/dags/main.py
[2026-05-13T23:41:33.289+0000] {logging_mixin.py:188} INFO - [2026-05-13T23:41:33.288+0000] {dag.py:3096} INFO - Sync 1 DAGs
[2026-05-13T23:41:33.320+0000] {logging_mixin.py:188} INFO - [2026-05-13T23:41:33.320+0000] {dag.py:3954} INFO - Setting next_dagrun for produce_json to 2026-05-13 13:00:00+00:00, run_after=2026-05-14 13:00:00+00:00
[2026-05-13T23:41:33.355+0000] {processor.py:183} INFO - Processing /opt/airflow/dags/main.py took 0.225 seconds
[2026-05-13T23:42:03.560+0000] {processor.py:161} INFO - Started process (PID=1011) to work on /opt/airflow/dags/main.py
[2026-05-13T23:42:03.561+0000] {processor.py:830} INFO - Processing file /opt/airflow/dags/main.py for tasks to queue
[2026-05-13T23:42:03.563+0000] {logging_mixin.py:188} INFO - [2026-05-13T23:42:03.563+0000] {dagbag.py:545} INFO - Filling up the DagBag from /opt/airflow/dags/main.py
[2026-05-13T23:42:03.613+0000] {processor.py:840} INFO - DAG(s) 'produce_json' retrieved from /opt/airflow/dags/main.py
[2026-05-13T23:42:03.642+0000] {logging_mixin.py:188} INFO - [2026-05-13T23:42:03.641+0000] {dag.py:3096} INFO - Sync 1 DAGs
[2026-05-13T23:42:03.666+0000] {logging_mixin.py:188} INFO - [2026-05-13T23:42:03.666+0000] {dag.py:3954} INFO - Setting next_dagrun for produce_json to 2026-05-13 13:00:00+00:00, run_after=2026-05-14 13:00:00+00:00
[2026-05-13T23:42:03.686+0000] {processor.py:183} INFO - Processing /opt/airflow/dags/main.py took 0.133 seconds
[2026-05-13T23:42:33.816+0000] {processor.py:161} INFO - Started process (PID=1018) to work on /opt/airflow/dags/main.py
[2026-05-13T23:42:33.818+0000] {processor.py:830} INFO - Processing file /opt/airflow/dags/main.py for tasks to queue
[2026-05-13T23:42:33.820+0000] {logging_mixin.py:188} INFO - [2026-05-13T23:42:33.820+0000] {dagbag.py:545} INFO - Filling up the DagBag from /opt/airflow/dags/main.py
[2026-05-13T23:42:33.886+0000] {processor.py:840} INFO - DAG(s) 'produce_json' retrieved from /opt/airflow/dags/main.py
[2026-05-13T23:42:33.911+0000] {logging_mixin.py:188} INFO - [2026-05-13T23:42:33.911+0000] {dag.py:3096} INFO - Sync 1 DAGs
[2026-05-13T23:42:33.937+0000] {logging_mixin.py:188} INFO - [2026-05-13T23:42:33.937+0000] {dag.py:3954} INFO - Setting next_dagrun for produce_json to 2026-05-13 13:00:00+00:00, run_after=2026-05-14 13:00:00+00:00
[2026-05-13T23:42:34.011+0000] {processor.py:183} INFO - Processing /opt/airflow/dags/main.py took 0.205 seconds
[2026-05-13T23:43:04.215+0000] {processor.py:161} INFO - Started process (PID=1024) to work on /opt/airflow/dags/main.py
[2026-05-13T23:43:04.217+0000] {processor.py:830} INFO - Processing file /opt/airflow/dags/main.py for tasks to queue
[2026-05-13T23:43:04.219+0000] {logging_mixin.py:188} INFO - [2026-05-13T23:43:04.219+0000] {dagbag.py:545} INFO - Filling up the DagBag from /opt/airflow/dags/main.py
[2026-05-13T23:43:04.282+0000] {processor.py:840} INFO - DAG(s) 'produce_json' retrieved from /opt/airflow/dags/main.py
[2026-05-13T23:43:04.309+0000] {logging_mixin.py:188} INFO - [2026-05-13T23:43:04.309+0000] {dag.py:3096} INFO - Sync 1 DAGs
[2026-05-13T23:43:04.335+0000] {logging_mixin.py:188} INFO - [2026-05-13T23:43:04.335+0000] {dag.py:3954} INFO - Setting next_dagrun for produce_json to 2026-05-13 13:00:00+00:00, run_after=2026-05-14 13:00:00+00:00
[2026-05-13T23:43:04.408+0000] {processor.py:183} INFO - Processing /opt/airflow/dags/main.py took 0.201 seconds
[2026-05-13T23:43:34.642+0000] {processor.py:161} INFO - Started process (PID=1031) to work on /opt/airflow/dags/main.py
[2026-05-13T23:43:34.644+0000] {processor.py:830} INFO - Processing file /opt/airflow/dags/main.py for tasks to queue
[2026-05-13T23:43:34.648+0000] {logging_mixin.py:188} INFO - [2026-05-13T23:43:34.647+0000] {dagbag.py:545} INFO - Filling up the DagBag from /opt/airflow/dags/main.py
[2026-05-13T23:43:34.711+0000] {processor.py:840} INFO - DAG(s) 'produce_json' retrieved from /opt/airflow/dags/main.py
[2026-05-13T23:43:34.736+0000] {logging_mixin.py:188} INFO - [2026-05-13T23:43:34.736+0000] {dag.py:3096} INFO - Sync 1 DAGs
[2026-05-13T23:43:34.762+0000] {logging_mixin.py:188} INFO - [2026-05-13T23:43:34.762+0000] {dag.py:3954} INFO - Setting next_dagrun for produce_json to 2026-05-13 13:00:00+00:00, run_after=2026-05-14 13:00:00+00:00
[2026-05-13T23:43:34.829+0000] {processor.py:183} INFO - Processing /opt/airflow/dags/main.py took 0.194 seconds
[2026-05-13T23:44:05.055+0000] {processor.py:161} INFO - Started process (PID=1038) to work on /opt/airflow/dags/main.py
[2026-05-13T23:44:05.057+0000] {processor.py:830} INFO - Processing file /opt/airflow/dags/main.py for tasks to queue
[2026-05-13T23:44:05.060+0000] {logging_mixin.py:188} INFO - [2026-05-13T23:44:05.059+0000] {dagbag.py:545} INFO - Filling up the DagBag from /opt/airflow/dags/main.py
[2026-05-13T23:44:05.123+0000] {processor.py:840} INFO - DAG(s) 'produce_json' retrieved from /opt/airflow/dags/main.py
[2026-05-13T23:44:05.146+0000] {logging_mixin.py:188} INFO - [2026-05-13T23:44:05.146+0000] {dag.py:3096} INFO - Sync 1 DAGs
[2026-05-13T23:44:05.170+0000] {logging_mixin.py:188} INFO - [2026-05-13T23:44:05.170+0000] {dag.py:3954} INFO - Setting next_dagrun for produce_json to 2026-05-13 13:00:00+00:00, run_after=2026-05-14 13:00:00+00:00
[2026-05-13T23:44:05.244+0000] {processor.py:183} INFO - Processing /opt/airflow/dags/main.py took 0.197 seconds
[2026-05-13T23:44:35.461+0000] {processor.py:161} INFO - Started process (PID=1045) to work on /opt/airflow/dags/main.py
[2026-05-13T23:44:35.462+0000] {processor.py:830} INFO - Processing file /opt/airflow/dags/main.py for tasks to queue
[2026-05-13T23:44:35.465+0000] {logging_mixin.py:188} INFO - [2026-05-13T23:44:35.465+0000] {dagbag.py:545} INFO - Filling up the DagBag from /opt/airflow/dags/main.py
[2026-05-13T23:44:35.533+0000] {processor.py:840} INFO - DAG(s) 'produce_json' retrieved from /opt/airflow/dags/main.py
[2026-05-13T23:44:35.558+0000] {logging_mixin.py:188} INFO - [2026-05-13T23:44:35.558+0000] {dag.py:3096} INFO - Sync 1 DAGs
[2026-05-13T23:44:35.586+0000] {logging_mixin.py:188} INFO - [2026-05-13T23:44:35.586+0000] {dag.py:3954} INFO - Setting next_dagrun for produce_json to 2026-05-13 13:00:00+00:00, run_after=2026-05-14 13:00:00+00:00
[2026-05-13T23:44:35.655+0000] {processor.py:183} INFO - Processing /opt/airflow/dags/main.py took 0.202 seconds
[2026-05-13T23:45:05.931+0000] {processor.py:161} INFO - Started process (PID=1052) to work on /opt/airflow/dags/main.py
[2026-05-13T23:45:05.933+0000] {processor.py:830} INFO - Processing file /opt/airflow/dags/main.py for tasks to queue
[2026-05-13T23:45:05.938+0000] {logging_mixin.py:188} INFO - [2026-05-13T23:45:05.936+0000] {dagbag.py:545} INFO - Filling up the DagBag from /opt/airflow/dags/main.py
[2026-05-13T23:45:06.011+0000] {processor.py:840} INFO - DAG(s) 'produce_json' retrieved from /opt/airflow/dags/main.py
[2026-05-13T23:45:06.036+0000] {logging_mixin.py:188} INFO - [2026-05-13T23:45:06.035+0000] {dag.py:3096} INFO - Sync 1 DAGs
[2026-05-13T23:45:06.059+0000] {logging_mixin.py:188} INFO - [2026-05-13T23:45:06.058+0000] {dag.py:3954} INFO - Setting next_dagrun for produce_json to 2026-05-13 13:00:00+00:00, run_after=2026-05-14 13:00:00+00:00
[2026-05-13T23:45:06.081+0000] {processor.py:183} INFO - Processing /opt/airflow/dags/main.py took 0.158 seconds
[2026-05-13T23:45:36.287+0000] {processor.py:161} INFO - Started process (PID=1059) to work on /opt/airflow/dags/main.py
[2026-05-13T23:45:36.289+0000] {processor.py:830} INFO - Processing file /opt/airflow/dags/main.py for tasks to queue
[2026-05-13T23:45:36.291+0000] {logging_mixin.py:188} INFO - [2026-05-13T23:45:36.291+0000] {dagbag.py:545} INFO - Filling up the DagBag from /opt/airflow/dags/main.py
[2026-05-13T23:45:36.360+0000] {processor.py:840} INFO - DAG(s) 'produce_json' retrieved from /opt/airflow/dags/main.py
[2026-05-13T23:45:36.391+0000] {logging_mixin.py:188} INFO - [2026-05-13T23:45:36.390+0000] {dag.py:3096} INFO - Sync 1 DAGs
[2026-05-13T23:45:36.414+0000] {logging_mixin.py:188} INFO - [2026-05-13T23:45:36.414+0000] {dag.py:3954} INFO - Setting next_dagrun for produce_json to 2026-05-13 13:00:00+00:00, run_after=2026-05-14 13:00:00+00:00
[2026-05-13T23:45:36.441+0000] {processor.py:183} INFO - Processing /opt/airflow/dags/main.py took 0.161 seconds
[2026-05-13T23:46:06.939+0000] {processor.py:161} INFO - Started process (PID=1066) to work on /opt/airflow/dags/main.py
[2026-05-13T23:46:06.941+0000] {processor.py:830} INFO - Processing file /opt/airflow/dags/main.py for tasks to queue
[2026-05-13T23:46:06.943+0000] {logging_mixin.py:188} INFO - [2026-05-13T23:46:06.943+0000] {dagbag.py:545} INFO - Filling up the DagBag from /opt/airflow/dags/main.py
[2026-05-13T23:46:07.051+0000] {processor.py:840} INFO - DAG(s) 'produce_json' retrieved from /opt/airflow/dags/main.py
[2026-05-13T23:46:07.078+0000] {logging_mixin.py:188} INFO - [2026-05-13T23:46:07.077+0000] {dag.py:3096} INFO - Sync 1 DAGs
[2026-05-13T23:46:07.104+0000] {logging_mixin.py:188} INFO - [2026-05-13T23:46:07.103+0000] {dag.py:3954} INFO - Setting next_dagrun for produce_json to 2026-05-13 13:00:00+00:00, run_after=2026-05-14 13:00:00+00:00
[2026-05-13T23:46:07.176+0000] {processor.py:183} INFO - Processing /opt/airflow/dags/main.py took 0.244 seconds
[2026-05-13T23:46:37.287+0000] {processor.py:161} INFO - Started process (PID=1073) to work on /opt/airflow/dags/main.py
[2026-05-13T23:46:37.289+0000] {processor.py:830} INFO - Processing file /opt/airflow/dags/main.py for tasks to queue
[2026-05-13T23:46:37.292+0000] {logging_mixin.py:188} INFO - [2026-05-13T23:46:37.291+0000] {dagbag.py:545} INFO - Filling up the DagBag from /opt/airflow/dags/main.py
[2026-05-13T23:46:37.355+0000] {processor.py:840} INFO - DAG(s) 'produce_json' retrieved from /opt/airflow/dags/main.py
[2026-05-13T23:46:37.381+0000] {logging_mixin.py:188} INFO - [2026-05-13T23:46:37.380+0000] {dag.py:3096} INFO - Sync 1 DAGs
[2026-05-13T23:46:37.405+0000] {logging_mixin.py:188} INFO - [2026-05-13T23:46:37.405+0000] {dag.py:3954} INFO - Setting next_dagrun for produce_json to 2026-05-13 13:00:00+00:00, run_after=2026-05-14 13:00:00+00:00
[2026-05-13T23:46:37.470+0000] {processor.py:183} INFO - Processing /opt/airflow/dags/main.py took 0.193 seconds
[2026-05-13T23:47:07.852+0000] {processor.py:161} INFO - Started process (PID=1081) to work on /opt/airflow/dags/main.py
[2026-05-13T23:47:07.862+0000] {processor.py:830} INFO - Processing file /opt/airflow/dags/main.py for tasks to queue
[2026-05-13T23:47:07.869+0000] {logging_mixin.py:188} INFO - [2026-05-13T23:47:07.868+0000] {dagbag.py:545} INFO - Filling up the DagBag from /opt/airflow/dags/main.py
[2026-05-13T23:47:08.030+0000] {processor.py:840} INFO - DAG(s) 'produce_json' retrieved from /opt/airflow/dags/main.py
[2026-05-13T23:47:08.058+0000] {logging_mixin.py:188} INFO - [2026-05-13T23:47:08.058+0000] {dag.py:3096} INFO - Sync 1 DAGs
[2026-05-13T23:47:08.091+0000] {logging_mixin.py:188} INFO - [2026-05-13T23:47:08.091+0000] {dag.py:3954} INFO - Setting next_dagrun for produce_json to 2026-05-13 13:00:00+00:00, run_after=2026-05-14 13:00:00+00:00
[2026-05-13T23:47:08.121+0000] {processor.py:183} INFO - Processing /opt/airflow/dags/main.py took 0.285 seconds
[2026-05-13T23:47:38.440+0000] {processor.py:161} INFO - Started process (PID=1088) to work on /opt/airflow/dags/main.py
[2026-05-13T23:47:38.443+0000] {processor.py:830} INFO - Processing file /opt/airflow/dags/main.py for tasks to queue
[2026-05-13T23:47:38.447+0000] {logging_mixin.py:188} INFO - [2026-05-13T23:47:38.446+0000] {dagbag.py:545} INFO - Filling up the DagBag from /opt/airflow/dags/main.py
[2026-05-13T23:47:38.535+0000] {processor.py:840} INFO - DAG(s) 'produce_json' retrieved from /opt/airflow/dags/main.py
[2026-05-13T23:47:38.564+0000] {logging_mixin.py:188} INFO - [2026-05-13T23:47:38.564+0000] {dag.py:3096} INFO - Sync 1 DAGs
[2026-05-13T23:47:38.596+0000] {logging_mixin.py:188} INFO - [2026-05-13T23:47:38.595+0000] {dag.py:3954} INFO - Setting next_dagrun for produce_json to 2026-05-13 13:00:00+00:00, run_after=2026-05-14 13:00:00+00:00
[2026-05-13T23:47:38.626+0000] {processor.py:183} INFO - Processing /opt/airflow/dags/main.py took 0.197 seconds
[2026-05-13T23:48:08.772+0000] {processor.py:161} INFO - Started process (PID=1095) to work on /opt/airflow/dags/main.py
[2026-05-13T23:48:08.775+0000] {processor.py:830} INFO - Processing file /opt/airflow/dags/main.py for tasks to queue
[2026-05-13T23:48:08.778+0000] {logging_mixin.py:188} INFO - [2026-05-13T23:48:08.778+0000] {dagbag.py:545} INFO - Filling up the DagBag from /opt/airflow/dags/main.py
[2026-05-13T23:48:08.877+0000] {processor.py:840} INFO - DAG(s) 'produce_json' retrieved from /opt/airflow/dags/main.py
[2026-05-13T23:48:08.926+0000] {logging_mixin.py:188} INFO - [2026-05-13T23:48:08.926+0000] {dag.py:3096} INFO - Sync 1 DAGs
[2026-05-13T23:48:08.967+0000] {logging_mixin.py:188} INFO - [2026-05-13T23:48:08.967+0000] {dag.py:3954} INFO - Setting next_dagrun for produce_json to 2026-05-13 13:00:00+00:00, run_after=2026-05-14 13:00:00+00:00
[2026-05-13T23:48:09.003+0000] {processor.py:183} INFO - Processing /opt/airflow/dags/main.py took 0.251 seconds
[2026-05-13T23:48:39.283+0000] {processor.py:161} INFO - Started process (PID=1102) to work on /opt/airflow/dags/main.py
[2026-05-13T23:48:39.285+0000] {processor.py:830} INFO - Processing file /opt/airflow/dags/main.py for tasks to queue
[2026-05-13T23:48:39.287+0000] {logging_mixin.py:188} INFO - [2026-05-13T23:48:39.286+0000] {dagbag.py:545} INFO - Filling up the DagBag from /opt/airflow/dags/main.py
[2026-05-13T23:48:39.377+0000] {processor.py:840} INFO - DAG(s) 'produce_json' retrieved from /opt/airflow/dags/main.py
[2026-05-13T23:48:39.406+0000] {logging_mixin.py:188} INFO - [2026-05-13T23:48:39.405+0000] {dag.py:3096} INFO - Sync 1 DAGs
[2026-05-13T23:48:39.435+0000] {logging_mixin.py:188} INFO - [2026-05-13T23:48:39.435+0000] {dag.py:3954} INFO - Setting next_dagrun for produce_json to 2026-05-13 13:00:00+00:00, run_after=2026-05-14 13:00:00+00:00
[2026-05-13T23:48:39.500+0000] {processor.py:183} INFO - Processing /opt/airflow/dags/main.py took 0.223 seconds
[2026-05-13T23:49:09.603+0000] {processor.py:161} INFO - Started process (PID=1109) to work on /opt/airflow/dags/main.py
[2026-05-13T23:49:09.605+0000] {processor.py:830} INFO - Processing file /opt/airflow/dags/main.py for tasks to queue
[2026-05-13T23:49:09.607+0000] {logging_mixin.py:188} INFO - [2026-05-13T23:49:09.607+0000] {dagbag.py:545} INFO - Filling up the DagBag from /opt/airflow/dags/main.py
[2026-05-13T23:49:09.671+0000] {processor.py:840} INFO - DAG(s) 'produce_json' retrieved from /opt/airflow/dags/main.py
[2026-05-13T23:49:09.700+0000] {logging_mixin.py:188} INFO - [2026-05-13T23:49:09.700+0000] {dag.py:3096} INFO - Sync 1 DAGs
[2026-05-13T23:49:09.731+0000] {logging_mixin.py:188} INFO - [2026-05-13T23:49:09.731+0000] {dag.py:3954} INFO - Setting next_dagrun for produce_json to 2026-05-13 13:00:00+00:00, run_after=2026-05-14 13:00:00+00:00
[2026-05-13T23:49:09.821+0000] {processor.py:183} INFO - Processing /opt/airflow/dags/main.py took 0.225 seconds
[2026-05-13T23:49:40.101+0000] {processor.py:161} INFO - Started process (PID=1122) to work on /opt/airflow/dags/main.py
[2026-05-13T23:49:40.103+0000] {processor.py:830} INFO - Processing file /opt/airflow/dags/main.py for tasks to queue
[2026-05-13T23:49:40.106+0000] {logging_mixin.py:188} INFO - [2026-05-13T23:49:40.106+0000] {dagbag.py:545} INFO - Filling up the DagBag from /opt/airflow/dags/main.py
[2026-05-13T23:49:40.187+0000] {processor.py:840} INFO - DAG(s) 'produce_json' retrieved from /opt/airflow/dags/main.py
[2026-05-13T23:49:40.217+0000] {logging_mixin.py:188} INFO - [2026-05-13T23:49:40.216+0000] {dag.py:3096} INFO - Sync 1 DAGs
[2026-05-13T23:49:40.250+0000] {logging_mixin.py:188} INFO - [2026-05-13T23:49:40.250+0000] {dag.py:3954} INFO - Setting next_dagrun for produce_json to 2026-05-13 13:00:00+00:00, run_after=2026-05-14 13:00:00+00:00
[2026-05-13T23:49:40.282+0000] {processor.py:183} INFO - Processing /opt/airflow/dags/main.py took 0.189 seconds
[2026-05-13T23:50:10.466+0000] {processor.py:161} INFO - Started process (PID=1129) to work on /opt/airflow/dags/main.py
[2026-05-13T23:50:10.467+0000] {processor.py:830} INFO - Processing file /opt/airflow/dags/main.py for tasks to queue
[2026-05-13T23:50:10.470+0000] {logging_mixin.py:188} INFO - [2026-05-13T23:50:10.470+0000] {dagbag.py:545} INFO - Filling up the DagBag from /opt/airflow/dags/main.py
[2026-05-13T23:50:10.566+0000] {processor.py:840} INFO - DAG(s) 'produce_json' retrieved from /opt/airflow/dags/main.py
[2026-05-13T23:50:10.619+0000] {logging_mixin.py:188} INFO - [2026-05-13T23:50:10.619+0000] {dag.py:3096} INFO - Sync 1 DAGs
[2026-05-13T23:50:10.665+0000] {logging_mixin.py:188} INFO - [2026-05-13T23:50:10.664+0000] {dag.py:3954} INFO - Setting next_dagrun for produce_json to 2026-05-13 13:00:00+00:00, run_after=2026-05-14 13:00:00+00:00
[2026-05-13T23:50:10.717+0000] {processor.py:183} INFO - Processing /opt/airflow/dags/main.py took 0.259 seconds
[2026-05-13T23:50:40.942+0000] {processor.py:161} INFO - Started process (PID=1136) to work on /opt/airflow/dags/main.py
[2026-05-13T23:50:40.944+0000] {processor.py:830} INFO - Processing file /opt/airflow/dags/main.py for tasks to queue
[2026-05-13T23:50:40.947+0000] {logging_mixin.py:188} INFO - [2026-05-13T23:50:40.947+0000] {dagbag.py:545} INFO - Filling up the DagBag from /opt/airflow/dags/main.py
[2026-05-13T23:50:41.110+0000] {processor.py:840} INFO - DAG(s) 'produce_json' retrieved from /opt/airflow/dags/main.py
[2026-05-13T23:50:41.169+0000] {logging_mixin.py:188} INFO - [2026-05-13T23:50:41.169+0000] {dag.py:3096} INFO - Sync 1 DAGs
[2026-05-13T23:50:41.230+0000] {logging_mixin.py:188} INFO - [2026-05-13T23:50:41.230+0000] {dag.py:3954} INFO - Setting next_dagrun for produce_json to 2026-05-13 13:00:00+00:00, run_after=2026-05-14 13:00:00+00:00
[2026-05-13T23:50:41.311+0000] {processor.py:183} INFO - Processing /opt/airflow/dags/main.py took 0.378 seconds
[2026-05-13T23:51:11.663+0000] {processor.py:161} INFO - Started process (PID=1143) to work on /opt/airflow/dags/main.py
[2026-05-13T23:51:11.666+0000] {processor.py:830} INFO - Processing file /opt/airflow/dags/main.py for tasks to queue
[2026-05-13T23:51:11.669+0000] {logging_mixin.py:188} INFO - [2026-05-13T23:51:11.669+0000] {dagbag.py:545} INFO - Filling up the DagBag from /opt/airflow/dags/main.py
[2026-05-13T23:51:11.812+0000] {processor.py:840} INFO - DAG(s) 'produce_json' retrieved from /opt/airflow/dags/main.py
[2026-05-13T23:51:11.844+0000] {logging_mixin.py:188} INFO - [2026-05-13T23:51:11.843+0000] {dag.py:3096} INFO - Sync 1 DAGs
[2026-05-13T23:51:11.871+0000] {logging_mixin.py:188} INFO - [2026-05-13T23:51:11.870+0000] {dag.py:3954} INFO - Setting next_dagrun for produce_json to 2026-05-13 13:00:00+00:00, run_after=2026-05-14 13:00:00+00:00
[2026-05-13T23:51:11.902+0000] {processor.py:183} INFO - Processing /opt/airflow/dags/main.py took 0.250 seconds
