[2026-05-14T02:53:00.492+0000] {processor.py:161} INFO - Started process (PID=1144) to work on /opt/airflow/dags/main.py
[2026-05-14T02:53:00.496+0000] {processor.py:830} INFO - Processing file /opt/airflow/dags/main.py for tasks to queue
[2026-05-14T02:53:00.501+0000] {logging_mixin.py:188} INFO - [2026-05-14T02:53:00.500+0000] {dagbag.py:545} INFO - Filling up the DagBag from /opt/airflow/dags/main.py
[2026-05-14T02:53:00.669+0000] {processor.py:840} INFO - DAG(s) 'produce_json' retrieved from /opt/airflow/dags/main.py
[2026-05-14T02:53:00.872+0000] {logging_mixin.py:188} INFO - [2026-05-14T02:53:00.871+0000] {dag.py:3096} INFO - Sync 1 DAGs
[2026-05-14T02:53:00.965+0000] {logging_mixin.py:188} INFO - [2026-05-14T02:53:00.964+0000] {dag.py:3954} INFO - Setting next_dagrun for produce_json to 2026-05-13 13:00:00+00:00, run_after=2026-05-14 13:00:00+00:00
[2026-05-14T02:53:01.005+0000] {processor.py:183} INFO - Processing /opt/airflow/dags/main.py took 0.544 seconds
[2026-05-14T02:53:31.261+0000] {processor.py:161} INFO - Started process (PID=1151) to work on /opt/airflow/dags/main.py
[2026-05-14T02:53:31.263+0000] {processor.py:830} INFO - Processing file /opt/airflow/dags/main.py for tasks to queue
[2026-05-14T02:53:31.266+0000] {logging_mixin.py:188} INFO - [2026-05-14T02:53:31.265+0000] {dagbag.py:545} INFO - Filling up the DagBag from /opt/airflow/dags/main.py
[2026-05-14T02:53:31.342+0000] {processor.py:840} INFO - DAG(s) 'produce_json' retrieved from /opt/airflow/dags/main.py
[2026-05-14T02:53:31.376+0000] {logging_mixin.py:188} INFO - [2026-05-14T02:53:31.376+0000] {dag.py:3096} INFO - Sync 1 DAGs
[2026-05-14T02:53:31.408+0000] {logging_mixin.py:188} INFO - [2026-05-14T02:53:31.408+0000] {dag.py:3954} INFO - Setting next_dagrun for produce_json to 2026-05-13 13:00:00+00:00, run_after=2026-05-14 13:00:00+00:00
[2026-05-14T02:53:31.441+0000] {processor.py:183} INFO - Processing /opt/airflow/dags/main.py took 0.188 seconds
[2026-05-14T02:54:01.638+0000] {processor.py:161} INFO - Started process (PID=1158) to work on /opt/airflow/dags/main.py
[2026-05-14T02:54:01.639+0000] {processor.py:830} INFO - Processing file /opt/airflow/dags/main.py for tasks to queue
[2026-05-14T02:54:01.641+0000] {logging_mixin.py:188} INFO - [2026-05-14T02:54:01.641+0000] {dagbag.py:545} INFO - Filling up the DagBag from /opt/airflow/dags/main.py
[2026-05-14T02:54:01.692+0000] {processor.py:840} INFO - DAG(s) 'produce_json' retrieved from /opt/airflow/dags/main.py
[2026-05-14T02:54:01.717+0000] {logging_mixin.py:188} INFO - [2026-05-14T02:54:01.717+0000] {dag.py:3096} INFO - Sync 1 DAGs
[2026-05-14T02:54:01.744+0000] {logging_mixin.py:188} INFO - [2026-05-14T02:54:01.744+0000] {dag.py:3954} INFO - Setting next_dagrun for produce_json to 2026-05-13 13:00:00+00:00, run_after=2026-05-14 13:00:00+00:00
[2026-05-14T02:54:01.765+0000] {processor.py:183} INFO - Processing /opt/airflow/dags/main.py took 0.134 seconds
[2026-05-14T02:54:31.846+0000] {processor.py:161} INFO - Started process (PID=1165) to work on /opt/airflow/dags/main.py
[2026-05-14T02:54:31.847+0000] {processor.py:830} INFO - Processing file /opt/airflow/dags/main.py for tasks to queue
[2026-05-14T02:54:31.849+0000] {logging_mixin.py:188} INFO - [2026-05-14T02:54:31.849+0000] {dagbag.py:545} INFO - Filling up the DagBag from /opt/airflow/dags/main.py
[2026-05-14T02:54:31.913+0000] {processor.py:840} INFO - DAG(s) 'produce_json' retrieved from /opt/airflow/dags/main.py
[2026-05-14T02:54:31.940+0000] {logging_mixin.py:188} INFO - [2026-05-14T02:54:31.940+0000] {dag.py:3096} INFO - Sync 1 DAGs
[2026-05-14T02:54:31.964+0000] {logging_mixin.py:188} INFO - [2026-05-14T02:54:31.964+0000] {dag.py:3954} INFO - Setting next_dagrun for produce_json to 2026-05-13 13:00:00+00:00, run_after=2026-05-14 13:00:00+00:00
[2026-05-14T02:54:32.035+0000] {processor.py:183} INFO - Processing /opt/airflow/dags/main.py took 0.196 seconds
[2026-05-14T02:55:02.291+0000] {processor.py:161} INFO - Started process (PID=1172) to work on /opt/airflow/dags/main.py
[2026-05-14T02:55:02.293+0000] {processor.py:830} INFO - Processing file /opt/airflow/dags/main.py for tasks to queue
[2026-05-14T02:55:02.297+0000] {logging_mixin.py:188} INFO - [2026-05-14T02:55:02.296+0000] {dagbag.py:545} INFO - Filling up the DagBag from /opt/airflow/dags/main.py
[2026-05-14T02:55:02.378+0000] {processor.py:840} INFO - DAG(s) 'produce_json' retrieved from /opt/airflow/dags/main.py
[2026-05-14T02:55:02.411+0000] {logging_mixin.py:188} INFO - [2026-05-14T02:55:02.411+0000] {dag.py:3096} INFO - Sync 1 DAGs
[2026-05-14T02:55:02.439+0000] {logging_mixin.py:188} INFO - [2026-05-14T02:55:02.438+0000] {dag.py:3954} INFO - Setting next_dagrun for produce_json to 2026-05-13 13:00:00+00:00, run_after=2026-05-14 13:00:00+00:00
[2026-05-14T02:55:02.464+0000] {processor.py:183} INFO - Processing /opt/airflow/dags/main.py took 0.184 seconds
[2026-05-14T02:55:32.695+0000] {processor.py:161} INFO - Started process (PID=1179) to work on /opt/airflow/dags/main.py
[2026-05-14T02:55:32.696+0000] {processor.py:830} INFO - Processing file /opt/airflow/dags/main.py for tasks to queue
[2026-05-14T02:55:32.699+0000] {logging_mixin.py:188} INFO - [2026-05-14T02:55:32.699+0000] {dagbag.py:545} INFO - Filling up the DagBag from /opt/airflow/dags/main.py
[2026-05-14T02:55:32.808+0000] {processor.py:840} INFO - DAG(s) 'produce_json' retrieved from /opt/airflow/dags/main.py
[2026-05-14T02:55:32.842+0000] {logging_mixin.py:188} INFO - [2026-05-14T02:55:32.842+0000] {dag.py:3096} INFO - Sync 1 DAGs
[2026-05-14T02:55:32.872+0000] {logging_mixin.py:188} INFO - [2026-05-14T02:55:32.872+0000] {dag.py:3954} INFO - Setting next_dagrun for produce_json to 2026-05-13 13:00:00+00:00, run_after=2026-05-14 13:00:00+00:00
[2026-05-14T02:55:32.953+0000] {processor.py:183} INFO - Processing /opt/airflow/dags/main.py took 0.265 seconds
[2026-05-14T02:56:03.132+0000] {processor.py:161} INFO - Started process (PID=1186) to work on /opt/airflow/dags/main.py
[2026-05-14T02:56:03.134+0000] {processor.py:830} INFO - Processing file /opt/airflow/dags/main.py for tasks to queue
[2026-05-14T02:56:03.137+0000] {logging_mixin.py:188} INFO - [2026-05-14T02:56:03.136+0000] {dagbag.py:545} INFO - Filling up the DagBag from /opt/airflow/dags/main.py
[2026-05-14T02:56:03.204+0000] {processor.py:840} INFO - DAG(s) 'produce_json' retrieved from /opt/airflow/dags/main.py
[2026-05-14T02:56:03.233+0000] {logging_mixin.py:188} INFO - [2026-05-14T02:56:03.233+0000] {dag.py:3096} INFO - Sync 1 DAGs
[2026-05-14T02:56:03.261+0000] {logging_mixin.py:188} INFO - [2026-05-14T02:56:03.261+0000] {dag.py:3954} INFO - Setting next_dagrun for produce_json to 2026-05-13 13:00:00+00:00, run_after=2026-05-14 13:00:00+00:00
[2026-05-14T02:56:03.331+0000] {processor.py:183} INFO - Processing /opt/airflow/dags/main.py took 0.206 seconds
[2026-05-14T02:56:33.610+0000] {processor.py:161} INFO - Started process (PID=1193) to work on /opt/airflow/dags/main.py
[2026-05-14T02:56:33.611+0000] {processor.py:830} INFO - Processing file /opt/airflow/dags/main.py for tasks to queue
[2026-05-14T02:56:33.614+0000] {logging_mixin.py:188} INFO - [2026-05-14T02:56:33.613+0000] {dagbag.py:545} INFO - Filling up the DagBag from /opt/airflow/dags/main.py
[2026-05-14T02:56:33.681+0000] {processor.py:840} INFO - DAG(s) 'produce_json' retrieved from /opt/airflow/dags/main.py
[2026-05-14T02:56:33.713+0000] {logging_mixin.py:188} INFO - [2026-05-14T02:56:33.713+0000] {dag.py:3096} INFO - Sync 1 DAGs
[2026-05-14T02:56:33.740+0000] {logging_mixin.py:188} INFO - [2026-05-14T02:56:33.740+0000] {dag.py:3954} INFO - Setting next_dagrun for produce_json to 2026-05-13 13:00:00+00:00, run_after=2026-05-14 13:00:00+00:00
[2026-05-14T02:56:33.811+0000] {processor.py:183} INFO - Processing /opt/airflow/dags/main.py took 0.210 seconds
[2026-05-14T02:57:03.966+0000] {processor.py:161} INFO - Started process (PID=1200) to work on /opt/airflow/dags/main.py
[2026-05-14T02:57:03.968+0000] {processor.py:830} INFO - Processing file /opt/airflow/dags/main.py for tasks to queue
[2026-05-14T02:57:03.971+0000] {logging_mixin.py:188} INFO - [2026-05-14T02:57:03.971+0000] {dagbag.py:545} INFO - Filling up the DagBag from /opt/airflow/dags/main.py
[2026-05-14T02:57:04.037+0000] {processor.py:840} INFO - DAG(s) 'produce_json' retrieved from /opt/airflow/dags/main.py
[2026-05-14T02:57:04.065+0000] {logging_mixin.py:188} INFO - [2026-05-14T02:57:04.065+0000] {dag.py:3096} INFO - Sync 1 DAGs
[2026-05-14T02:57:04.098+0000] {logging_mixin.py:188} INFO - [2026-05-14T02:57:04.097+0000] {dag.py:3954} INFO - Setting next_dagrun for produce_json to 2026-05-13 13:00:00+00:00, run_after=2026-05-14 13:00:00+00:00
[2026-05-14T02:57:04.173+0000] {processor.py:183} INFO - Processing /opt/airflow/dags/main.py took 0.214 seconds
[2026-05-14T02:57:34.445+0000] {processor.py:161} INFO - Started process (PID=1207) to work on /opt/airflow/dags/main.py
[2026-05-14T02:57:34.447+0000] {processor.py:830} INFO - Processing file /opt/airflow/dags/main.py for tasks to queue
[2026-05-14T02:57:34.451+0000] {logging_mixin.py:188} INFO - [2026-05-14T02:57:34.450+0000] {dagbag.py:545} INFO - Filling up the DagBag from /opt/airflow/dags/main.py
[2026-05-14T02:57:34.519+0000] {processor.py:840} INFO - DAG(s) 'produce_json' retrieved from /opt/airflow/dags/main.py
[2026-05-14T02:57:34.544+0000] {logging_mixin.py:188} INFO - [2026-05-14T02:57:34.544+0000] {dag.py:3096} INFO - Sync 1 DAGs
[2026-05-14T02:57:34.573+0000] {logging_mixin.py:188} INFO - [2026-05-14T02:57:34.572+0000] {dag.py:3954} INFO - Setting next_dagrun for produce_json to 2026-05-13 13:00:00+00:00, run_after=2026-05-14 13:00:00+00:00
[2026-05-14T02:57:34.643+0000] {processor.py:183} INFO - Processing /opt/airflow/dags/main.py took 0.207 seconds
[2026-05-14T02:58:04.939+0000] {processor.py:161} INFO - Started process (PID=1214) to work on /opt/airflow/dags/main.py
[2026-05-14T02:58:04.940+0000] {processor.py:830} INFO - Processing file /opt/airflow/dags/main.py for tasks to queue
[2026-05-14T02:58:04.943+0000] {logging_mixin.py:188} INFO - [2026-05-14T02:58:04.942+0000] {dagbag.py:545} INFO - Filling up the DagBag from /opt/airflow/dags/main.py
[2026-05-14T02:58:05.016+0000] {processor.py:840} INFO - DAG(s) 'produce_json' retrieved from /opt/airflow/dags/main.py
[2026-05-14T02:58:05.045+0000] {logging_mixin.py:188} INFO - [2026-05-14T02:58:05.045+0000] {dag.py:3096} INFO - Sync 1 DAGs
[2026-05-14T02:58:05.076+0000] {logging_mixin.py:188} INFO - [2026-05-14T02:58:05.076+0000] {dag.py:3954} INFO - Setting next_dagrun for produce_json to 2026-05-13 13:00:00+00:00, run_after=2026-05-14 13:00:00+00:00
[2026-05-14T02:58:05.109+0000] {processor.py:183} INFO - Processing /opt/airflow/dags/main.py took 0.178 seconds
[2026-05-14T02:58:35.278+0000] {processor.py:161} INFO - Started process (PID=1221) to work on /opt/airflow/dags/main.py
[2026-05-14T02:58:35.281+0000] {processor.py:830} INFO - Processing file /opt/airflow/dags/main.py for tasks to queue
[2026-05-14T02:58:35.286+0000] {logging_mixin.py:188} INFO - [2026-05-14T02:58:35.285+0000] {dagbag.py:545} INFO - Filling up the DagBag from /opt/airflow/dags/main.py
[2026-05-14T02:58:35.421+0000] {processor.py:840} INFO - DAG(s) 'produce_json' retrieved from /opt/airflow/dags/main.py
[2026-05-14T02:58:35.454+0000] {logging_mixin.py:188} INFO - [2026-05-14T02:58:35.454+0000] {dag.py:3096} INFO - Sync 1 DAGs
[2026-05-14T02:58:35.500+0000] {logging_mixin.py:188} INFO - [2026-05-14T02:58:35.499+0000] {dag.py:3954} INFO - Setting next_dagrun for produce_json to 2026-05-13 13:00:00+00:00, run_after=2026-05-14 13:00:00+00:00
[2026-05-14T02:58:35.566+0000] {processor.py:183} INFO - Processing /opt/airflow/dags/main.py took 0.297 seconds
[2026-05-14T02:59:05.784+0000] {processor.py:161} INFO - Started process (PID=1228) to work on /opt/airflow/dags/main.py
[2026-05-14T02:59:05.786+0000] {processor.py:830} INFO - Processing file /opt/airflow/dags/main.py for tasks to queue
[2026-05-14T02:59:05.789+0000] {logging_mixin.py:188} INFO - [2026-05-14T02:59:05.789+0000] {dagbag.py:545} INFO - Filling up the DagBag from /opt/airflow/dags/main.py
[2026-05-14T02:59:05.926+0000] {processor.py:840} INFO - DAG(s) 'produce_json' retrieved from /opt/airflow/dags/main.py
[2026-05-14T02:59:05.961+0000] {logging_mixin.py:188} INFO - [2026-05-14T02:59:05.961+0000] {dag.py:3096} INFO - Sync 1 DAGs
[2026-05-14T02:59:05.993+0000] {logging_mixin.py:188} INFO - [2026-05-14T02:59:05.993+0000] {dag.py:3954} INFO - Setting next_dagrun for produce_json to 2026-05-13 13:00:00+00:00, run_after=2026-05-14 13:00:00+00:00
[2026-05-14T02:59:06.021+0000] {processor.py:183} INFO - Processing /opt/airflow/dags/main.py took 0.249 seconds
[2026-05-14T02:59:36.201+0000] {processor.py:161} INFO - Started process (PID=1235) to work on /opt/airflow/dags/main.py
[2026-05-14T02:59:36.203+0000] {processor.py:830} INFO - Processing file /opt/airflow/dags/main.py for tasks to queue
[2026-05-14T02:59:36.205+0000] {logging_mixin.py:188} INFO - [2026-05-14T02:59:36.205+0000] {dagbag.py:545} INFO - Filling up the DagBag from /opt/airflow/dags/main.py
[2026-05-14T02:59:36.294+0000] {processor.py:840} INFO - DAG(s) 'produce_json' retrieved from /opt/airflow/dags/main.py
[2026-05-14T02:59:36.333+0000] {logging_mixin.py:188} INFO - [2026-05-14T02:59:36.332+0000] {dag.py:3096} INFO - Sync 1 DAGs
[2026-05-14T02:59:36.364+0000] {logging_mixin.py:188} INFO - [2026-05-14T02:59:36.364+0000] {dag.py:3954} INFO - Setting next_dagrun for produce_json to 2026-05-13 13:00:00+00:00, run_after=2026-05-14 13:00:00+00:00
[2026-05-14T02:59:36.438+0000] {processor.py:183} INFO - Processing /opt/airflow/dags/main.py took 0.245 seconds
[2026-05-14T03:00:06.668+0000] {processor.py:161} INFO - Started process (PID=1242) to work on /opt/airflow/dags/main.py
[2026-05-14T03:00:06.670+0000] {processor.py:830} INFO - Processing file /opt/airflow/dags/main.py for tasks to queue
[2026-05-14T03:00:06.673+0000] {logging_mixin.py:188} INFO - [2026-05-14T03:00:06.672+0000] {dagbag.py:545} INFO - Filling up the DagBag from /opt/airflow/dags/main.py
[2026-05-14T03:00:06.743+0000] {processor.py:840} INFO - DAG(s) 'produce_json' retrieved from /opt/airflow/dags/main.py
[2026-05-14T03:00:06.770+0000] {logging_mixin.py:188} INFO - [2026-05-14T03:00:06.770+0000] {dag.py:3096} INFO - Sync 1 DAGs
[2026-05-14T03:00:06.798+0000] {logging_mixin.py:188} INFO - [2026-05-14T03:00:06.798+0000] {dag.py:3954} INFO - Setting next_dagrun for produce_json to 2026-05-13 13:00:00+00:00, run_after=2026-05-14 13:00:00+00:00
[2026-05-14T03:00:06.871+0000] {processor.py:183} INFO - Processing /opt/airflow/dags/main.py took 0.210 seconds
[2026-05-14T03:00:37.079+0000] {processor.py:161} INFO - Started process (PID=1249) to work on /opt/airflow/dags/main.py
[2026-05-14T03:00:37.080+0000] {processor.py:830} INFO - Processing file /opt/airflow/dags/main.py for tasks to queue
[2026-05-14T03:00:37.083+0000] {logging_mixin.py:188} INFO - [2026-05-14T03:00:37.083+0000] {dagbag.py:545} INFO - Filling up the DagBag from /opt/airflow/dags/main.py
[2026-05-14T03:00:37.160+0000] {processor.py:840} INFO - DAG(s) 'produce_json' retrieved from /opt/airflow/dags/main.py
[2026-05-14T03:00:37.189+0000] {logging_mixin.py:188} INFO - [2026-05-14T03:00:37.188+0000] {dag.py:3096} INFO - Sync 1 DAGs
[2026-05-14T03:00:37.216+0000] {logging_mixin.py:188} INFO - [2026-05-14T03:00:37.216+0000] {dag.py:3954} INFO - Setting next_dagrun for produce_json to 2026-05-13 13:00:00+00:00, run_after=2026-05-14 13:00:00+00:00
[2026-05-14T03:00:37.287+0000] {processor.py:183} INFO - Processing /opt/airflow/dags/main.py took 0.217 seconds
[2026-05-14T03:01:07.513+0000] {processor.py:161} INFO - Started process (PID=1256) to work on /opt/airflow/dags/main.py
[2026-05-14T03:01:07.515+0000] {processor.py:830} INFO - Processing file /opt/airflow/dags/main.py for tasks to queue
[2026-05-14T03:01:07.518+0000] {logging_mixin.py:188} INFO - [2026-05-14T03:01:07.518+0000] {dagbag.py:545} INFO - Filling up the DagBag from /opt/airflow/dags/main.py
[2026-05-14T03:01:07.599+0000] {processor.py:840} INFO - DAG(s) 'produce_json' retrieved from /opt/airflow/dags/main.py
[2026-05-14T03:01:07.634+0000] {logging_mixin.py:188} INFO - [2026-05-14T03:01:07.634+0000] {dag.py:3096} INFO - Sync 1 DAGs
[2026-05-14T03:01:07.666+0000] {logging_mixin.py:188} INFO - [2026-05-14T03:01:07.666+0000] {dag.py:3954} INFO - Setting next_dagrun for produce_json to 2026-05-13 13:00:00+00:00, run_after=2026-05-14 13:00:00+00:00
[2026-05-14T03:01:07.704+0000] {processor.py:183} INFO - Processing /opt/airflow/dags/main.py took 0.197 seconds
[2026-05-14T03:01:37.929+0000] {processor.py:161} INFO - Started process (PID=1263) to work on /opt/airflow/dags/main.py
[2026-05-14T03:01:37.931+0000] {processor.py:830} INFO - Processing file /opt/airflow/dags/main.py for tasks to queue
[2026-05-14T03:01:37.933+0000] {logging_mixin.py:188} INFO - [2026-05-14T03:01:37.933+0000] {dagbag.py:545} INFO - Filling up the DagBag from /opt/airflow/dags/main.py
[2026-05-14T03:01:38.003+0000] {processor.py:840} INFO - DAG(s) 'produce_json' retrieved from /opt/airflow/dags/main.py
[2026-05-14T03:01:38.031+0000] {logging_mixin.py:188} INFO - [2026-05-14T03:01:38.031+0000] {dag.py:3096} INFO - Sync 1 DAGs
[2026-05-14T03:01:38.057+0000] {logging_mixin.py:188} INFO - [2026-05-14T03:01:38.057+0000] {dag.py:3954} INFO - Setting next_dagrun for produce_json to 2026-05-13 13:00:00+00:00, run_after=2026-05-14 13:00:00+00:00
[2026-05-14T03:01:38.129+0000] {processor.py:183} INFO - Processing /opt/airflow/dags/main.py took 0.208 seconds
[2026-05-14T03:02:08.304+0000] {processor.py:161} INFO - Started process (PID=1270) to work on /opt/airflow/dags/main.py
[2026-05-14T03:02:08.306+0000] {processor.py:830} INFO - Processing file /opt/airflow/dags/main.py for tasks to queue
[2026-05-14T03:02:08.312+0000] {logging_mixin.py:188} INFO - [2026-05-14T03:02:08.311+0000] {dagbag.py:545} INFO - Filling up the DagBag from /opt/airflow/dags/main.py
[2026-05-14T03:02:08.405+0000] {processor.py:840} INFO - DAG(s) 'produce_json' retrieved from /opt/airflow/dags/main.py
[2026-05-14T03:02:08.439+0000] {logging_mixin.py:188} INFO - [2026-05-14T03:02:08.439+0000] {dag.py:3096} INFO - Sync 1 DAGs
[2026-05-14T03:02:08.474+0000] {logging_mixin.py:188} INFO - [2026-05-14T03:02:08.474+0000] {dag.py:3954} INFO - Setting next_dagrun for produce_json to 2026-05-13 13:00:00+00:00, run_after=2026-05-14 13:00:00+00:00
[2026-05-14T03:02:08.545+0000] {processor.py:183} INFO - Processing /opt/airflow/dags/main.py took 0.253 seconds
[2026-05-14T03:02:38.809+0000] {processor.py:161} INFO - Started process (PID=1277) to work on /opt/airflow/dags/main.py
[2026-05-14T03:02:38.811+0000] {processor.py:830} INFO - Processing file /opt/airflow/dags/main.py for tasks to queue
[2026-05-14T03:02:38.817+0000] {logging_mixin.py:188} INFO - [2026-05-14T03:02:38.816+0000] {dagbag.py:545} INFO - Filling up the DagBag from /opt/airflow/dags/main.py
[2026-05-14T03:02:38.933+0000] {processor.py:840} INFO - DAG(s) 'produce_json' retrieved from /opt/airflow/dags/main.py
[2026-05-14T03:02:38.963+0000] {logging_mixin.py:188} INFO - [2026-05-14T03:02:38.963+0000] {dag.py:3096} INFO - Sync 1 DAGs
[2026-05-14T03:02:38.993+0000] {logging_mixin.py:188} INFO - [2026-05-14T03:02:38.993+0000] {dag.py:3954} INFO - Setting next_dagrun for produce_json to 2026-05-13 13:00:00+00:00, run_after=2026-05-14 13:00:00+00:00
[2026-05-14T03:02:39.065+0000] {processor.py:183} INFO - Processing /opt/airflow/dags/main.py took 0.267 seconds
[2026-05-14T03:03:09.517+0000] {processor.py:161} INFO - Started process (PID=1284) to work on /opt/airflow/dags/main.py
[2026-05-14T03:03:09.519+0000] {processor.py:830} INFO - Processing file /opt/airflow/dags/main.py for tasks to queue
[2026-05-14T03:03:09.524+0000] {logging_mixin.py:188} INFO - [2026-05-14T03:03:09.523+0000] {dagbag.py:545} INFO - Filling up the DagBag from /opt/airflow/dags/main.py
[2026-05-14T03:03:09.666+0000] {processor.py:840} INFO - DAG(s) 'produce_json' retrieved from /opt/airflow/dags/main.py
[2026-05-14T03:03:09.709+0000] {logging_mixin.py:188} INFO - [2026-05-14T03:03:09.708+0000] {dag.py:3096} INFO - Sync 1 DAGs
[2026-05-14T03:03:09.774+0000] {logging_mixin.py:188} INFO - [2026-05-14T03:03:09.774+0000] {dag.py:3954} INFO - Setting next_dagrun for produce_json to 2026-05-13 13:00:00+00:00, run_after=2026-05-14 13:00:00+00:00
[2026-05-14T03:03:09.830+0000] {processor.py:183} INFO - Processing /opt/airflow/dags/main.py took 0.330 seconds
[2026-05-14T04:35:17.268+0000] {processor.py:161} INFO - Started process (PID=1291) to work on /opt/airflow/dags/main.py
[2026-05-14T04:35:17.271+0000] {processor.py:830} INFO - Processing file /opt/airflow/dags/main.py for tasks to queue
[2026-05-14T04:35:17.277+0000] {logging_mixin.py:188} INFO - [2026-05-14T04:35:17.276+0000] {dagbag.py:545} INFO - Filling up the DagBag from /opt/airflow/dags/main.py
[2026-05-14T04:35:17.506+0000] {processor.py:840} INFO - DAG(s) 'produce_json' retrieved from /opt/airflow/dags/main.py
[2026-05-14T04:35:17.761+0000] {logging_mixin.py:188} INFO - [2026-05-14T04:35:17.761+0000] {dag.py:3096} INFO - Sync 1 DAGs
[2026-05-14T04:35:17.941+0000] {logging_mixin.py:188} INFO - [2026-05-14T04:35:17.940+0000] {dag.py:3954} INFO - Setting next_dagrun for produce_json to 2026-05-13 13:00:00+00:00, run_after=2026-05-14 13:00:00+00:00
[2026-05-14T04:35:18.073+0000] {processor.py:183} INFO - Processing /opt/airflow/dags/main.py took 0.841 seconds
[2026-05-14T04:35:48.374+0000] {processor.py:161} INFO - Started process (PID=1298) to work on /opt/airflow/dags/main.py
[2026-05-14T04:35:48.376+0000] {processor.py:830} INFO - Processing file /opt/airflow/dags/main.py for tasks to queue
[2026-05-14T04:35:48.378+0000] {logging_mixin.py:188} INFO - [2026-05-14T04:35:48.378+0000] {dagbag.py:545} INFO - Filling up the DagBag from /opt/airflow/dags/main.py
[2026-05-14T04:35:48.436+0000] {processor.py:840} INFO - DAG(s) 'produce_json' retrieved from /opt/airflow/dags/main.py
[2026-05-14T04:35:48.466+0000] {logging_mixin.py:188} INFO - [2026-05-14T04:35:48.465+0000] {dag.py:3096} INFO - Sync 1 DAGs
[2026-05-14T04:35:48.490+0000] {logging_mixin.py:188} INFO - [2026-05-14T04:35:48.489+0000] {dag.py:3954} INFO - Setting next_dagrun for produce_json to 2026-05-13 13:00:00+00:00, run_after=2026-05-14 13:00:00+00:00
[2026-05-14T04:35:48.554+0000] {processor.py:183} INFO - Processing /opt/airflow/dags/main.py took 0.188 seconds
[2026-05-14T04:36:18.613+0000] {processor.py:161} INFO - Started process (PID=1305) to work on /opt/airflow/dags/main.py
[2026-05-14T04:36:18.614+0000] {processor.py:830} INFO - Processing file /opt/airflow/dags/main.py for tasks to queue
[2026-05-14T04:36:18.616+0000] {logging_mixin.py:188} INFO - [2026-05-14T04:36:18.616+0000] {dagbag.py:545} INFO - Filling up the DagBag from /opt/airflow/dags/main.py
[2026-05-14T04:36:18.675+0000] {processor.py:840} INFO - DAG(s) 'produce_json' retrieved from /opt/airflow/dags/main.py
[2026-05-14T04:36:18.704+0000] {logging_mixin.py:188} INFO - [2026-05-14T04:36:18.703+0000] {dag.py:3096} INFO - Sync 1 DAGs
[2026-05-14T04:36:18.730+0000] {logging_mixin.py:188} INFO - [2026-05-14T04:36:18.730+0000] {dag.py:3954} INFO - Setting next_dagrun for produce_json to 2026-05-13 13:00:00+00:00, run_after=2026-05-14 13:00:00+00:00
[2026-05-14T04:36:18.789+0000] {processor.py:183} INFO - Processing /opt/airflow/dags/main.py took 0.183 seconds
[2026-05-14T04:36:48.976+0000] {processor.py:161} INFO - Started process (PID=1312) to work on /opt/airflow/dags/main.py
[2026-05-14T04:36:48.977+0000] {processor.py:830} INFO - Processing file /opt/airflow/dags/main.py for tasks to queue
[2026-05-14T04:36:48.980+0000] {logging_mixin.py:188} INFO - [2026-05-14T04:36:48.979+0000] {dagbag.py:545} INFO - Filling up the DagBag from /opt/airflow/dags/main.py
[2026-05-14T04:36:49.046+0000] {processor.py:840} INFO - DAG(s) 'produce_json' retrieved from /opt/airflow/dags/main.py
[2026-05-14T04:36:49.072+0000] {logging_mixin.py:188} INFO - [2026-05-14T04:36:49.072+0000] {dag.py:3096} INFO - Sync 1 DAGs
[2026-05-14T04:36:49.099+0000] {logging_mixin.py:188} INFO - [2026-05-14T04:36:49.099+0000] {dag.py:3954} INFO - Setting next_dagrun for produce_json to 2026-05-13 13:00:00+00:00, run_after=2026-05-14 13:00:00+00:00
[2026-05-14T04:36:49.169+0000] {processor.py:183} INFO - Processing /opt/airflow/dags/main.py took 0.199 seconds
[2026-05-14T04:37:19.344+0000] {processor.py:161} INFO - Started process (PID=1318) to work on /opt/airflow/dags/main.py
[2026-05-14T04:37:19.347+0000] {processor.py:830} INFO - Processing file /opt/airflow/dags/main.py for tasks to queue
[2026-05-14T04:37:19.350+0000] {logging_mixin.py:188} INFO - [2026-05-14T04:37:19.350+0000] {dagbag.py:545} INFO - Filling up the DagBag from /opt/airflow/dags/main.py
[2026-05-14T04:37:19.506+0000] {processor.py:840} INFO - DAG(s) 'produce_json' retrieved from /opt/airflow/dags/main.py
[2026-05-14T04:37:19.542+0000] {logging_mixin.py:188} INFO - [2026-05-14T04:37:19.542+0000] {dag.py:3096} INFO - Sync 1 DAGs
[2026-05-14T04:37:19.592+0000] {logging_mixin.py:188} INFO - [2026-05-14T04:37:19.592+0000] {dag.py:3954} INFO - Setting next_dagrun for produce_json to 2026-05-13 13:00:00+00:00, run_after=2026-05-14 13:00:00+00:00
[2026-05-14T04:37:19.673+0000] {processor.py:183} INFO - Processing /opt/airflow/dags/main.py took 0.339 seconds
[2026-05-14T04:37:49.817+0000] {processor.py:161} INFO - Started process (PID=1325) to work on /opt/airflow/dags/main.py
[2026-05-14T04:37:49.819+0000] {processor.py:830} INFO - Processing file /opt/airflow/dags/main.py for tasks to queue
[2026-05-14T04:37:49.821+0000] {logging_mixin.py:188} INFO - [2026-05-14T04:37:49.821+0000] {dagbag.py:545} INFO - Filling up the DagBag from /opt/airflow/dags/main.py
[2026-05-14T04:37:49.895+0000] {processor.py:840} INFO - DAG(s) 'produce_json' retrieved from /opt/airflow/dags/main.py
[2026-05-14T04:37:49.927+0000] {logging_mixin.py:188} INFO - [2026-05-14T04:37:49.927+0000] {dag.py:3096} INFO - Sync 1 DAGs
[2026-05-14T04:37:49.971+0000] {logging_mixin.py:188} INFO - [2026-05-14T04:37:49.971+0000] {dag.py:3954} INFO - Setting next_dagrun for produce_json to 2026-05-13 13:00:00+00:00, run_after=2026-05-14 13:00:00+00:00
[2026-05-14T04:37:50.013+0000] {processor.py:183} INFO - Processing /opt/airflow/dags/main.py took 0.203 seconds
[2026-05-14T04:38:20.325+0000] {processor.py:161} INFO - Started process (PID=1332) to work on /opt/airflow/dags/main.py
[2026-05-14T04:38:20.327+0000] {processor.py:830} INFO - Processing file /opt/airflow/dags/main.py for tasks to queue
[2026-05-14T04:38:20.330+0000] {logging_mixin.py:188} INFO - [2026-05-14T04:38:20.330+0000] {dagbag.py:545} INFO - Filling up the DagBag from /opt/airflow/dags/main.py
[2026-05-14T04:38:20.510+0000] {processor.py:840} INFO - DAG(s) 'produce_json' retrieved from /opt/airflow/dags/main.py
[2026-05-14T04:38:20.552+0000] {logging_mixin.py:188} INFO - [2026-05-14T04:38:20.551+0000] {dag.py:3096} INFO - Sync 1 DAGs
[2026-05-14T04:38:20.594+0000] {logging_mixin.py:188} INFO - [2026-05-14T04:38:20.594+0000] {dag.py:3954} INFO - Setting next_dagrun for produce_json to 2026-05-13 13:00:00+00:00, run_after=2026-05-14 13:00:00+00:00
[2026-05-14T04:38:20.672+0000] {processor.py:183} INFO - Processing /opt/airflow/dags/main.py took 0.356 seconds
[2026-05-14T04:38:51.016+0000] {processor.py:161} INFO - Started process (PID=1339) to work on /opt/airflow/dags/main.py
[2026-05-14T04:38:51.017+0000] {processor.py:830} INFO - Processing file /opt/airflow/dags/main.py for tasks to queue
[2026-05-14T04:38:51.020+0000] {logging_mixin.py:188} INFO - [2026-05-14T04:38:51.020+0000] {dagbag.py:545} INFO - Filling up the DagBag from /opt/airflow/dags/main.py
[2026-05-14T04:38:51.084+0000] {processor.py:840} INFO - DAG(s) 'produce_json' retrieved from /opt/airflow/dags/main.py
[2026-05-14T04:38:51.108+0000] {logging_mixin.py:188} INFO - [2026-05-14T04:38:51.108+0000] {dag.py:3096} INFO - Sync 1 DAGs
[2026-05-14T04:38:51.132+0000] {logging_mixin.py:188} INFO - [2026-05-14T04:38:51.132+0000] {dag.py:3954} INFO - Setting next_dagrun for produce_json to 2026-05-13 13:00:00+00:00, run_after=2026-05-14 13:00:00+00:00
[2026-05-14T04:38:51.204+0000] {processor.py:183} INFO - Processing /opt/airflow/dags/main.py took 0.196 seconds
[2026-05-14T04:39:21.358+0000] {processor.py:161} INFO - Started process (PID=1346) to work on /opt/airflow/dags/main.py
[2026-05-14T04:39:21.360+0000] {processor.py:830} INFO - Processing file /opt/airflow/dags/main.py for tasks to queue
[2026-05-14T04:39:21.363+0000] {logging_mixin.py:188} INFO - [2026-05-14T04:39:21.363+0000] {dagbag.py:545} INFO - Filling up the DagBag from /opt/airflow/dags/main.py
[2026-05-14T04:39:21.464+0000] {processor.py:840} INFO - DAG(s) 'produce_json' retrieved from /opt/airflow/dags/main.py
[2026-05-14T04:39:21.494+0000] {logging_mixin.py:188} INFO - [2026-05-14T04:39:21.494+0000] {dag.py:3096} INFO - Sync 1 DAGs
[2026-05-14T04:39:21.525+0000] {logging_mixin.py:188} INFO - [2026-05-14T04:39:21.524+0000] {dag.py:3954} INFO - Setting next_dagrun for produce_json to 2026-05-13 13:00:00+00:00, run_after=2026-05-14 13:00:00+00:00
[2026-05-14T04:39:21.591+0000] {processor.py:183} INFO - Processing /opt/airflow/dags/main.py took 0.246 seconds
[2026-05-14T04:39:51.866+0000] {processor.py:161} INFO - Started process (PID=1353) to work on /opt/airflow/dags/main.py
[2026-05-14T04:39:51.870+0000] {processor.py:830} INFO - Processing file /opt/airflow/dags/main.py for tasks to queue
[2026-05-14T04:39:51.872+0000] {logging_mixin.py:188} INFO - [2026-05-14T04:39:51.872+0000] {dagbag.py:545} INFO - Filling up the DagBag from /opt/airflow/dags/main.py
[2026-05-14T04:39:51.938+0000] {processor.py:840} INFO - DAG(s) 'produce_json' retrieved from /opt/airflow/dags/main.py
[2026-05-14T04:39:51.964+0000] {logging_mixin.py:188} INFO - [2026-05-14T04:39:51.964+0000] {dag.py:3096} INFO - Sync 1 DAGs
[2026-05-14T04:39:51.991+0000] {logging_mixin.py:188} INFO - [2026-05-14T04:39:51.990+0000] {dag.py:3954} INFO - Setting next_dagrun for produce_json to 2026-05-13 13:00:00+00:00, run_after=2026-05-14 13:00:00+00:00
[2026-05-14T04:39:52.067+0000] {processor.py:183} INFO - Processing /opt/airflow/dags/main.py took 0.210 seconds
[2026-05-14T04:40:22.517+0000] {processor.py:161} INFO - Started process (PID=1361) to work on /opt/airflow/dags/main.py
[2026-05-14T04:40:22.521+0000] {processor.py:830} INFO - Processing file /opt/airflow/dags/main.py for tasks to queue
[2026-05-14T04:40:22.529+0000] {logging_mixin.py:188} INFO - [2026-05-14T04:40:22.528+0000] {dagbag.py:545} INFO - Filling up the DagBag from /opt/airflow/dags/main.py
[2026-05-14T04:40:22.710+0000] {processor.py:840} INFO - DAG(s) 'produce_json' retrieved from /opt/airflow/dags/main.py
[2026-05-14T04:40:22.748+0000] {logging_mixin.py:188} INFO - [2026-05-14T04:40:22.748+0000] {dag.py:3096} INFO - Sync 1 DAGs
[2026-05-14T04:40:22.782+0000] {logging_mixin.py:188} INFO - [2026-05-14T04:40:22.781+0000] {dag.py:3954} INFO - Setting next_dagrun for produce_json to 2026-05-13 13:00:00+00:00, run_after=2026-05-14 13:00:00+00:00
[2026-05-14T04:40:22.862+0000] {processor.py:183} INFO - Processing /opt/airflow/dags/main.py took 0.361 seconds
[2026-05-14T04:40:53.215+0000] {processor.py:161} INFO - Started process (PID=1368) to work on /opt/airflow/dags/main.py
[2026-05-14T04:40:53.217+0000] {processor.py:830} INFO - Processing file /opt/airflow/dags/main.py for tasks to queue
[2026-05-14T04:40:53.220+0000] {logging_mixin.py:188} INFO - [2026-05-14T04:40:53.219+0000] {dagbag.py:545} INFO - Filling up the DagBag from /opt/airflow/dags/main.py
[2026-05-14T04:40:53.283+0000] {processor.py:840} INFO - DAG(s) 'produce_json' retrieved from /opt/airflow/dags/main.py
[2026-05-14T04:40:53.311+0000] {logging_mixin.py:188} INFO - [2026-05-14T04:40:53.311+0000] {dag.py:3096} INFO - Sync 1 DAGs
[2026-05-14T04:40:53.340+0000] {logging_mixin.py:188} INFO - [2026-05-14T04:40:53.339+0000] {dag.py:3954} INFO - Setting next_dagrun for produce_json to 2026-05-13 13:00:00+00:00, run_after=2026-05-14 13:00:00+00:00
[2026-05-14T04:40:53.413+0000] {processor.py:183} INFO - Processing /opt/airflow/dags/main.py took 0.204 seconds
[2026-05-14T04:41:23.537+0000] {processor.py:161} INFO - Started process (PID=1375) to work on /opt/airflow/dags/main.py
[2026-05-14T04:41:23.539+0000] {processor.py:830} INFO - Processing file /opt/airflow/dags/main.py for tasks to queue
[2026-05-14T04:41:23.542+0000] {logging_mixin.py:188} INFO - [2026-05-14T04:41:23.541+0000] {dagbag.py:545} INFO - Filling up the DagBag from /opt/airflow/dags/main.py
[2026-05-14T04:41:23.624+0000] {processor.py:840} INFO - DAG(s) 'produce_json' retrieved from /opt/airflow/dags/main.py
[2026-05-14T04:41:23.656+0000] {logging_mixin.py:188} INFO - [2026-05-14T04:41:23.655+0000] {dag.py:3096} INFO - Sync 1 DAGs
[2026-05-14T04:41:23.687+0000] {logging_mixin.py:188} INFO - [2026-05-14T04:41:23.686+0000] {dag.py:3954} INFO - Setting next_dagrun for produce_json to 2026-05-13 13:00:00+00:00, run_after=2026-05-14 13:00:00+00:00
[2026-05-14T04:41:23.717+0000] {processor.py:183} INFO - Processing /opt/airflow/dags/main.py took 0.190 seconds
[2026-05-14T04:41:54.036+0000] {processor.py:161} INFO - Started process (PID=1381) to work on /opt/airflow/dags/main.py
[2026-05-14T04:41:54.038+0000] {processor.py:830} INFO - Processing file /opt/airflow/dags/main.py for tasks to queue
[2026-05-14T04:41:54.042+0000] {logging_mixin.py:188} INFO - [2026-05-14T04:41:54.042+0000] {dagbag.py:545} INFO - Filling up the DagBag from /opt/airflow/dags/main.py
[2026-05-14T04:41:54.208+0000] {processor.py:840} INFO - DAG(s) 'produce_json' retrieved from /opt/airflow/dags/main.py
[2026-05-14T04:41:54.243+0000] {logging_mixin.py:188} INFO - [2026-05-14T04:41:54.243+0000] {dag.py:3096} INFO - Sync 1 DAGs
[2026-05-14T04:41:54.271+0000] {logging_mixin.py:188} INFO - [2026-05-14T04:41:54.271+0000] {dag.py:3954} INFO - Setting next_dagrun for produce_json to 2026-05-13 13:00:00+00:00, run_after=2026-05-14 13:00:00+00:00
[2026-05-14T04:41:54.346+0000] {processor.py:183} INFO - Processing /opt/airflow/dags/main.py took 0.326 seconds
[2026-05-14T04:42:24.668+0000] {processor.py:161} INFO - Started process (PID=1388) to work on /opt/airflow/dags/main.py
[2026-05-14T04:42:24.671+0000] {processor.py:830} INFO - Processing file /opt/airflow/dags/main.py for tasks to queue
[2026-05-14T04:42:24.675+0000] {logging_mixin.py:188} INFO - [2026-05-14T04:42:24.674+0000] {dagbag.py:545} INFO - Filling up the DagBag from /opt/airflow/dags/main.py
[2026-05-14T04:42:24.768+0000] {processor.py:840} INFO - DAG(s) 'produce_json' retrieved from /opt/airflow/dags/main.py
[2026-05-14T04:42:24.809+0000] {logging_mixin.py:188} INFO - [2026-05-14T04:42:24.809+0000] {dag.py:3096} INFO - Sync 1 DAGs
[2026-05-14T04:42:24.854+0000] {logging_mixin.py:188} INFO - [2026-05-14T04:42:24.853+0000] {dag.py:3954} INFO - Setting next_dagrun for produce_json to 2026-05-13 13:00:00+00:00, run_after=2026-05-14 13:00:00+00:00
[2026-05-14T04:42:24.894+0000] {processor.py:183} INFO - Processing /opt/airflow/dags/main.py took 0.238 seconds
[2026-05-14T04:42:54.993+0000] {processor.py:161} INFO - Started process (PID=1395) to work on /opt/airflow/dags/main.py
[2026-05-14T04:42:54.994+0000] {processor.py:830} INFO - Processing file /opt/airflow/dags/main.py for tasks to queue
[2026-05-14T04:42:54.998+0000] {logging_mixin.py:188} INFO - [2026-05-14T04:42:54.998+0000] {dagbag.py:545} INFO - Filling up the DagBag from /opt/airflow/dags/main.py
[2026-05-14T04:42:55.110+0000] {processor.py:840} INFO - DAG(s) 'produce_json' retrieved from /opt/airflow/dags/main.py
[2026-05-14T04:42:55.150+0000] {logging_mixin.py:188} INFO - [2026-05-14T04:42:55.150+0000] {dag.py:3096} INFO - Sync 1 DAGs
[2026-05-14T04:42:55.197+0000] {logging_mixin.py:188} INFO - [2026-05-14T04:42:55.196+0000] {dag.py:3954} INFO - Setting next_dagrun for produce_json to 2026-05-13 13:00:00+00:00, run_after=2026-05-14 13:00:00+00:00
[2026-05-14T04:42:55.285+0000] {processor.py:183} INFO - Processing /opt/airflow/dags/main.py took 0.303 seconds
[2026-05-14T04:43:25.502+0000] {processor.py:161} INFO - Started process (PID=1402) to work on /opt/airflow/dags/main.py
[2026-05-14T04:43:25.503+0000] {processor.py:830} INFO - Processing file /opt/airflow/dags/main.py for tasks to queue
[2026-05-14T04:43:25.506+0000] {logging_mixin.py:188} INFO - [2026-05-14T04:43:25.506+0000] {dagbag.py:545} INFO - Filling up the DagBag from /opt/airflow/dags/main.py
[2026-05-14T04:43:25.572+0000] {processor.py:840} INFO - DAG(s) 'produce_json' retrieved from /opt/airflow/dags/main.py
[2026-05-14T04:43:25.599+0000] {logging_mixin.py:188} INFO - [2026-05-14T04:43:25.599+0000] {dag.py:3096} INFO - Sync 1 DAGs
[2026-05-14T04:43:25.627+0000] {logging_mixin.py:188} INFO - [2026-05-14T04:43:25.626+0000] {dag.py:3954} INFO - Setting next_dagrun for produce_json to 2026-05-13 13:00:00+00:00, run_after=2026-05-14 13:00:00+00:00
[2026-05-14T04:43:25.697+0000] {processor.py:183} INFO - Processing /opt/airflow/dags/main.py took 0.203 seconds
[2026-05-14T04:43:55.958+0000] {processor.py:161} INFO - Started process (PID=1409) to work on /opt/airflow/dags/main.py
[2026-05-14T04:43:55.961+0000] {processor.py:830} INFO - Processing file /opt/airflow/dags/main.py for tasks to queue
[2026-05-14T04:43:55.968+0000] {logging_mixin.py:188} INFO - [2026-05-14T04:43:55.967+0000] {dagbag.py:545} INFO - Filling up the DagBag from /opt/airflow/dags/main.py
[2026-05-14T04:43:56.172+0000] {processor.py:840} INFO - DAG(s) 'produce_json' retrieved from /opt/airflow/dags/main.py
[2026-05-14T04:43:56.214+0000] {logging_mixin.py:188} INFO - [2026-05-14T04:43:56.214+0000] {dag.py:3096} INFO - Sync 1 DAGs
[2026-05-14T04:43:56.254+0000] {logging_mixin.py:188} INFO - [2026-05-14T04:43:56.254+0000] {dag.py:3954} INFO - Setting next_dagrun for produce_json to 2026-05-13 13:00:00+00:00, run_after=2026-05-14 13:00:00+00:00
[2026-05-14T04:43:56.345+0000] {processor.py:183} INFO - Processing /opt/airflow/dags/main.py took 0.399 seconds
[2026-05-14T04:44:26.706+0000] {processor.py:161} INFO - Started process (PID=1416) to work on /opt/airflow/dags/main.py
[2026-05-14T04:44:26.708+0000] {processor.py:830} INFO - Processing file /opt/airflow/dags/main.py for tasks to queue
[2026-05-14T04:44:26.710+0000] {logging_mixin.py:188} INFO - [2026-05-14T04:44:26.710+0000] {dagbag.py:545} INFO - Filling up the DagBag from /opt/airflow/dags/main.py
[2026-05-14T04:44:26.770+0000] {processor.py:840} INFO - DAG(s) 'produce_json' retrieved from /opt/airflow/dags/main.py
[2026-05-14T04:44:26.799+0000] {logging_mixin.py:188} INFO - [2026-05-14T04:44:26.799+0000] {dag.py:3096} INFO - Sync 1 DAGs
[2026-05-14T04:44:26.837+0000] {logging_mixin.py:188} INFO - [2026-05-14T04:44:26.837+0000] {dag.py:3954} INFO - Setting next_dagrun for produce_json to 2026-05-13 13:00:00+00:00, run_after=2026-05-14 13:00:00+00:00
[2026-05-14T04:44:26.881+0000] {processor.py:183} INFO - Processing /opt/airflow/dags/main.py took 0.181 seconds
[2026-05-14T04:44:57.065+0000] {processor.py:161} INFO - Started process (PID=1423) to work on /opt/airflow/dags/main.py
[2026-05-14T04:44:57.070+0000] {processor.py:830} INFO - Processing file /opt/airflow/dags/main.py for tasks to queue
[2026-05-14T04:44:57.075+0000] {logging_mixin.py:188} INFO - [2026-05-14T04:44:57.074+0000] {dagbag.py:545} INFO - Filling up the DagBag from /opt/airflow/dags/main.py
[2026-05-14T04:44:57.223+0000] {processor.py:840} INFO - DAG(s) 'produce_json' retrieved from /opt/airflow/dags/main.py
[2026-05-14T04:44:57.261+0000] {logging_mixin.py:188} INFO - [2026-05-14T04:44:57.261+0000] {dag.py:3096} INFO - Sync 1 DAGs
[2026-05-14T04:44:57.290+0000] {logging_mixin.py:188} INFO - [2026-05-14T04:44:57.290+0000] {dag.py:3954} INFO - Setting next_dagrun for produce_json to 2026-05-13 13:00:00+00:00, run_after=2026-05-14 13:00:00+00:00
[2026-05-14T04:44:57.318+0000] {processor.py:183} INFO - Processing /opt/airflow/dags/main.py took 0.266 seconds
[2026-05-14T04:45:27.656+0000] {processor.py:161} INFO - Started process (PID=1431) to work on /opt/airflow/dags/main.py
[2026-05-14T04:45:27.658+0000] {processor.py:830} INFO - Processing file /opt/airflow/dags/main.py for tasks to queue
[2026-05-14T04:45:27.661+0000] {logging_mixin.py:188} INFO - [2026-05-14T04:45:27.661+0000] {dagbag.py:545} INFO - Filling up the DagBag from /opt/airflow/dags/main.py
[2026-05-14T04:45:27.809+0000] {processor.py:840} INFO - DAG(s) 'produce_json' retrieved from /opt/airflow/dags/main.py
[2026-05-14T04:45:27.837+0000] {logging_mixin.py:188} INFO - [2026-05-14T04:45:27.836+0000] {dag.py:3096} INFO - Sync 1 DAGs
[2026-05-14T04:45:27.863+0000] {logging_mixin.py:188} INFO - [2026-05-14T04:45:27.863+0000] {dag.py:3954} INFO - Setting next_dagrun for produce_json to 2026-05-13 13:00:00+00:00, run_after=2026-05-14 13:00:00+00:00
[2026-05-14T04:45:27.942+0000] {processor.py:183} INFO - Processing /opt/airflow/dags/main.py took 0.293 seconds
[2026-05-14T05:36:13.948+0000] {processor.py:161} INFO - Started process (PID=1438) to work on /opt/airflow/dags/main.py
[2026-05-14T05:36:13.953+0000] {processor.py:830} INFO - Processing file /opt/airflow/dags/main.py for tasks to queue
[2026-05-14T05:36:13.961+0000] {logging_mixin.py:188} INFO - [2026-05-14T05:36:13.960+0000] {dagbag.py:545} INFO - Filling up the DagBag from /opt/airflow/dags/main.py
[2026-05-14T05:36:14.253+0000] {processor.py:840} INFO - DAG(s) 'produce_json' retrieved from /opt/airflow/dags/main.py
[2026-05-14T05:36:14.339+0000] {logging_mixin.py:188} INFO - [2026-05-14T05:36:14.338+0000] {dag.py:3096} INFO - Sync 1 DAGs
[2026-05-14T05:36:14.491+0000] {logging_mixin.py:188} INFO - [2026-05-14T05:36:14.490+0000] {dag.py:3954} INFO - Setting next_dagrun for produce_json to 2026-05-13 13:00:00+00:00, run_after=2026-05-14 13:00:00+00:00
[2026-05-14T05:36:14.638+0000] {processor.py:183} INFO - Processing /opt/airflow/dags/main.py took 0.714 seconds
[2026-05-14T05:36:44.955+0000] {processor.py:161} INFO - Started process (PID=1445) to work on /opt/airflow/dags/main.py
[2026-05-14T05:36:44.957+0000] {processor.py:830} INFO - Processing file /opt/airflow/dags/main.py for tasks to queue
[2026-05-14T05:36:44.960+0000] {logging_mixin.py:188} INFO - [2026-05-14T05:36:44.960+0000] {dagbag.py:545} INFO - Filling up the DagBag from /opt/airflow/dags/main.py
[2026-05-14T05:36:45.070+0000] {processor.py:840} INFO - DAG(s) 'produce_json' retrieved from /opt/airflow/dags/main.py
[2026-05-14T05:36:45.115+0000] {logging_mixin.py:188} INFO - [2026-05-14T05:36:45.114+0000] {dag.py:3096} INFO - Sync 1 DAGs
[2026-05-14T05:36:45.151+0000] {logging_mixin.py:188} INFO - [2026-05-14T05:36:45.150+0000] {dag.py:3954} INFO - Setting next_dagrun for produce_json to 2026-05-13 13:00:00+00:00, run_after=2026-05-14 13:00:00+00:00
[2026-05-14T05:36:45.213+0000] {processor.py:183} INFO - Processing /opt/airflow/dags/main.py took 0.266 seconds
[2026-05-14T05:37:15.284+0000] {processor.py:161} INFO - Started process (PID=1452) to work on /opt/airflow/dags/main.py
[2026-05-14T05:37:15.285+0000] {processor.py:830} INFO - Processing file /opt/airflow/dags/main.py for tasks to queue
[2026-05-14T05:37:15.287+0000] {logging_mixin.py:188} INFO - [2026-05-14T05:37:15.287+0000] {dagbag.py:545} INFO - Filling up the DagBag from /opt/airflow/dags/main.py
[2026-05-14T05:37:15.344+0000] {processor.py:840} INFO - DAG(s) 'produce_json' retrieved from /opt/airflow/dags/main.py
[2026-05-14T05:37:15.372+0000] {logging_mixin.py:188} INFO - [2026-05-14T05:37:15.372+0000] {dag.py:3096} INFO - Sync 1 DAGs
[2026-05-14T05:37:15.396+0000] {logging_mixin.py:188} INFO - [2026-05-14T05:37:15.396+0000] {dag.py:3954} INFO - Setting next_dagrun for produce_json to 2026-05-13 13:00:00+00:00, run_after=2026-05-14 13:00:00+00:00
[2026-05-14T05:37:15.419+0000] {processor.py:183} INFO - Processing /opt/airflow/dags/main.py took 0.141 seconds
[2026-05-14T05:37:45.575+0000] {processor.py:161} INFO - Started process (PID=1459) to work on /opt/airflow/dags/main.py
[2026-05-14T05:37:45.577+0000] {processor.py:830} INFO - Processing file /opt/airflow/dags/main.py for tasks to queue
[2026-05-14T05:37:45.579+0000] {logging_mixin.py:188} INFO - [2026-05-14T05:37:45.579+0000] {dagbag.py:545} INFO - Filling up the DagBag from /opt/airflow/dags/main.py
[2026-05-14T05:37:45.655+0000] {processor.py:840} INFO - DAG(s) 'produce_json' retrieved from /opt/airflow/dags/main.py
[2026-05-14T05:37:45.684+0000] {logging_mixin.py:188} INFO - [2026-05-14T05:37:45.684+0000] {dag.py:3096} INFO - Sync 1 DAGs
[2026-05-14T05:37:45.710+0000] {logging_mixin.py:188} INFO - [2026-05-14T05:37:45.710+0000] {dag.py:3954} INFO - Setting next_dagrun for produce_json to 2026-05-13 13:00:00+00:00, run_after=2026-05-14 13:00:00+00:00
[2026-05-14T05:37:45.781+0000] {processor.py:183} INFO - Processing /opt/airflow/dags/main.py took 0.214 seconds
[2026-05-14T05:38:15.958+0000] {processor.py:161} INFO - Started process (PID=1466) to work on /opt/airflow/dags/main.py
[2026-05-14T05:38:15.959+0000] {processor.py:830} INFO - Processing file /opt/airflow/dags/main.py for tasks to queue
[2026-05-14T05:38:15.962+0000] {logging_mixin.py:188} INFO - [2026-05-14T05:38:15.962+0000] {dagbag.py:545} INFO - Filling up the DagBag from /opt/airflow/dags/main.py
[2026-05-14T05:38:16.033+0000] {processor.py:840} INFO - DAG(s) 'produce_json' retrieved from /opt/airflow/dags/main.py
[2026-05-14T05:38:16.066+0000] {logging_mixin.py:188} INFO - [2026-05-14T05:38:16.065+0000] {dag.py:3096} INFO - Sync 1 DAGs
[2026-05-14T05:38:16.093+0000] {logging_mixin.py:188} INFO - [2026-05-14T05:38:16.093+0000] {dag.py:3954} INFO - Setting next_dagrun for produce_json to 2026-05-13 13:00:00+00:00, run_after=2026-05-14 13:00:00+00:00
[2026-05-14T05:38:16.162+0000] {processor.py:183} INFO - Processing /opt/airflow/dags/main.py took 0.211 seconds
[2026-05-14T05:38:46.414+0000] {processor.py:161} INFO - Started process (PID=1473) to work on /opt/airflow/dags/main.py
[2026-05-14T05:38:46.416+0000] {processor.py:830} INFO - Processing file /opt/airflow/dags/main.py for tasks to queue
[2026-05-14T05:38:46.418+0000] {logging_mixin.py:188} INFO - [2026-05-14T05:38:46.418+0000] {dagbag.py:545} INFO - Filling up the DagBag from /opt/airflow/dags/main.py
[2026-05-14T05:38:46.486+0000] {processor.py:840} INFO - DAG(s) 'produce_json' retrieved from /opt/airflow/dags/main.py
[2026-05-14T05:38:46.513+0000] {logging_mixin.py:188} INFO - [2026-05-14T05:38:46.512+0000] {dag.py:3096} INFO - Sync 1 DAGs
[2026-05-14T05:38:46.549+0000] {logging_mixin.py:188} INFO - [2026-05-14T05:38:46.549+0000] {dag.py:3954} INFO - Setting next_dagrun for produce_json to 2026-05-13 13:00:00+00:00, run_after=2026-05-14 13:00:00+00:00
[2026-05-14T05:38:46.637+0000] {processor.py:183} INFO - Processing /opt/airflow/dags/main.py took 0.230 seconds
[2026-05-14T05:39:16.772+0000] {processor.py:161} INFO - Started process (PID=1480) to work on /opt/airflow/dags/main.py
[2026-05-14T05:39:16.774+0000] {processor.py:830} INFO - Processing file /opt/airflow/dags/main.py for tasks to queue
[2026-05-14T05:39:16.777+0000] {logging_mixin.py:188} INFO - [2026-05-14T05:39:16.776+0000] {dagbag.py:545} INFO - Filling up the DagBag from /opt/airflow/dags/main.py
[2026-05-14T05:39:16.842+0000] {processor.py:840} INFO - DAG(s) 'produce_json' retrieved from /opt/airflow/dags/main.py
[2026-05-14T05:39:16.866+0000] {logging_mixin.py:188} INFO - [2026-05-14T05:39:16.866+0000] {dag.py:3096} INFO - Sync 1 DAGs
[2026-05-14T05:39:16.891+0000] {logging_mixin.py:188} INFO - [2026-05-14T05:39:16.890+0000] {dag.py:3954} INFO - Setting next_dagrun for produce_json to 2026-05-13 13:00:00+00:00, run_after=2026-05-14 13:00:00+00:00
[2026-05-14T05:39:16.954+0000] {processor.py:183} INFO - Processing /opt/airflow/dags/main.py took 0.190 seconds
[2026-05-14T05:39:47.322+0000] {processor.py:161} INFO - Started process (PID=1487) to work on /opt/airflow/dags/main.py
[2026-05-14T05:39:47.324+0000] {processor.py:830} INFO - Processing file /opt/airflow/dags/main.py for tasks to queue
[2026-05-14T05:39:47.328+0000] {logging_mixin.py:188} INFO - [2026-05-14T05:39:47.327+0000] {dagbag.py:545} INFO - Filling up the DagBag from /opt/airflow/dags/main.py
[2026-05-14T05:39:47.488+0000] {processor.py:840} INFO - DAG(s) 'produce_json' retrieved from /opt/airflow/dags/main.py
[2026-05-14T05:39:47.522+0000] {logging_mixin.py:188} INFO - [2026-05-14T05:39:47.522+0000] {dag.py:3096} INFO - Sync 1 DAGs
[2026-05-14T05:39:47.570+0000] {logging_mixin.py:188} INFO - [2026-05-14T05:39:47.570+0000] {dag.py:3954} INFO - Setting next_dagrun for produce_json to 2026-05-13 13:00:00+00:00, run_after=2026-05-14 13:00:00+00:00
[2026-05-14T05:39:47.648+0000] {processor.py:183} INFO - Processing /opt/airflow/dags/main.py took 0.339 seconds
[2026-05-14T05:40:17.994+0000] {processor.py:161} INFO - Started process (PID=1494) to work on /opt/airflow/dags/main.py
[2026-05-14T05:40:18.031+0000] {processor.py:830} INFO - Processing file /opt/airflow/dags/main.py for tasks to queue
[2026-05-14T05:40:18.052+0000] {logging_mixin.py:188} INFO - [2026-05-14T05:40:18.051+0000] {dagbag.py:545} INFO - Filling up the DagBag from /opt/airflow/dags/main.py
[2026-05-14T05:40:18.127+0000] {processor.py:840} INFO - DAG(s) 'produce_json' retrieved from /opt/airflow/dags/main.py
[2026-05-14T05:40:18.158+0000] {logging_mixin.py:188} INFO - [2026-05-14T05:40:18.158+0000] {dag.py:3096} INFO - Sync 1 DAGs
[2026-05-14T05:40:18.184+0000] {logging_mixin.py:188} INFO - [2026-05-14T05:40:18.184+0000] {dag.py:3954} INFO - Setting next_dagrun for produce_json to 2026-05-13 13:00:00+00:00, run_after=2026-05-14 13:00:00+00:00
[2026-05-14T05:40:18.255+0000] {processor.py:183} INFO - Processing /opt/airflow/dags/main.py took 0.268 seconds
[2026-05-14T05:40:48.345+0000] {processor.py:161} INFO - Started process (PID=1501) to work on /opt/airflow/dags/main.py
[2026-05-14T05:40:48.347+0000] {processor.py:830} INFO - Processing file /opt/airflow/dags/main.py for tasks to queue
[2026-05-14T05:40:48.349+0000] {logging_mixin.py:188} INFO - [2026-05-14T05:40:48.349+0000] {dagbag.py:545} INFO - Filling up the DagBag from /opt/airflow/dags/main.py
[2026-05-14T05:40:48.418+0000] {processor.py:840} INFO - DAG(s) 'produce_json' retrieved from /opt/airflow/dags/main.py
[2026-05-14T05:40:48.451+0000] {logging_mixin.py:188} INFO - [2026-05-14T05:40:48.451+0000] {dag.py:3096} INFO - Sync 1 DAGs
[2026-05-14T05:40:48.487+0000] {logging_mixin.py:188} INFO - [2026-05-14T05:40:48.486+0000] {dag.py:3954} INFO - Setting next_dagrun for produce_json to 2026-05-13 13:00:00+00:00, run_after=2026-05-14 13:00:00+00:00
[2026-05-14T05:40:48.534+0000] {processor.py:183} INFO - Processing /opt/airflow/dags/main.py took 0.197 seconds
[2026-05-14T05:41:18.893+0000] {processor.py:161} INFO - Started process (PID=1508) to work on /opt/airflow/dags/main.py
[2026-05-14T05:41:18.895+0000] {processor.py:830} INFO - Processing file /opt/airflow/dags/main.py for tasks to queue
[2026-05-14T05:41:18.898+0000] {logging_mixin.py:188} INFO - [2026-05-14T05:41:18.897+0000] {dagbag.py:545} INFO - Filling up the DagBag from /opt/airflow/dags/main.py
[2026-05-14T05:41:18.994+0000] {processor.py:840} INFO - DAG(s) 'produce_json' retrieved from /opt/airflow/dags/main.py
[2026-05-14T05:41:19.025+0000] {logging_mixin.py:188} INFO - [2026-05-14T05:41:19.025+0000] {dag.py:3096} INFO - Sync 1 DAGs
[2026-05-14T05:41:19.056+0000] {logging_mixin.py:188} INFO - [2026-05-14T05:41:19.056+0000] {dag.py:3954} INFO - Setting next_dagrun for produce_json to 2026-05-13 13:00:00+00:00, run_after=2026-05-14 13:00:00+00:00
[2026-05-14T05:41:19.085+0000] {processor.py:183} INFO - Processing /opt/airflow/dags/main.py took 0.200 seconds
[2026-05-14T05:41:49.319+0000] {processor.py:161} INFO - Started process (PID=1515) to work on /opt/airflow/dags/main.py
[2026-05-14T05:41:49.322+0000] {processor.py:830} INFO - Processing file /opt/airflow/dags/main.py for tasks to queue
[2026-05-14T05:41:49.326+0000] {logging_mixin.py:188} INFO - [2026-05-14T05:41:49.325+0000] {dagbag.py:545} INFO - Filling up the DagBag from /opt/airflow/dags/main.py
[2026-05-14T05:41:49.530+0000] {processor.py:840} INFO - DAG(s) 'produce_json' retrieved from /opt/airflow/dags/main.py
[2026-05-14T05:41:49.568+0000] {logging_mixin.py:188} INFO - [2026-05-14T05:41:49.567+0000] {dag.py:3096} INFO - Sync 1 DAGs
[2026-05-14T05:41:49.609+0000] {logging_mixin.py:188} INFO - [2026-05-14T05:41:49.609+0000] {dag.py:3954} INFO - Setting next_dagrun for produce_json to 2026-05-13 13:00:00+00:00, run_after=2026-05-14 13:00:00+00:00
[2026-05-14T05:41:49.659+0000] {processor.py:183} INFO - Processing /opt/airflow/dags/main.py took 0.352 seconds
[2026-05-14T05:42:20.010+0000] {processor.py:161} INFO - Started process (PID=1522) to work on /opt/airflow/dags/main.py
[2026-05-14T05:42:20.012+0000] {processor.py:830} INFO - Processing file /opt/airflow/dags/main.py for tasks to queue
[2026-05-14T05:42:20.015+0000] {logging_mixin.py:188} INFO - [2026-05-14T05:42:20.014+0000] {dagbag.py:545} INFO - Filling up the DagBag from /opt/airflow/dags/main.py
[2026-05-14T05:42:20.085+0000] {processor.py:840} INFO - DAG(s) 'produce_json' retrieved from /opt/airflow/dags/main.py
[2026-05-14T05:42:20.115+0000] {logging_mixin.py:188} INFO - [2026-05-14T05:42:20.114+0000] {dag.py:3096} INFO - Sync 1 DAGs
[2026-05-14T05:42:20.142+0000] {logging_mixin.py:188} INFO - [2026-05-14T05:42:20.142+0000] {dag.py:3954} INFO - Setting next_dagrun for produce_json to 2026-05-13 13:00:00+00:00, run_after=2026-05-14 13:00:00+00:00
[2026-05-14T05:42:20.216+0000] {processor.py:183} INFO - Processing /opt/airflow/dags/main.py took 0.213 seconds
[2026-05-14T05:42:50.348+0000] {processor.py:161} INFO - Started process (PID=1529) to work on /opt/airflow/dags/main.py
[2026-05-14T05:42:50.350+0000] {processor.py:830} INFO - Processing file /opt/airflow/dags/main.py for tasks to queue
[2026-05-14T05:42:50.353+0000] {logging_mixin.py:188} INFO - [2026-05-14T05:42:50.352+0000] {dagbag.py:545} INFO - Filling up the DagBag from /opt/airflow/dags/main.py
[2026-05-14T05:42:50.453+0000] {processor.py:840} INFO - DAG(s) 'produce_json' retrieved from /opt/airflow/dags/main.py
[2026-05-14T05:42:50.490+0000] {logging_mixin.py:188} INFO - [2026-05-14T05:42:50.490+0000] {dag.py:3096} INFO - Sync 1 DAGs
[2026-05-14T05:42:50.520+0000] {logging_mixin.py:188} INFO - [2026-05-14T05:42:50.519+0000] {dag.py:3954} INFO - Setting next_dagrun for produce_json to 2026-05-13 13:00:00+00:00, run_after=2026-05-14 13:00:00+00:00
[2026-05-14T05:42:50.553+0000] {processor.py:183} INFO - Processing /opt/airflow/dags/main.py took 0.214 seconds
[2026-05-14T05:43:20.866+0000] {processor.py:161} INFO - Started process (PID=1536) to work on /opt/airflow/dags/main.py
[2026-05-14T05:43:20.868+0000] {processor.py:830} INFO - Processing file /opt/airflow/dags/main.py for tasks to queue
[2026-05-14T05:43:20.871+0000] {logging_mixin.py:188} INFO - [2026-05-14T05:43:20.870+0000] {dagbag.py:545} INFO - Filling up the DagBag from /opt/airflow/dags/main.py
[2026-05-14T05:43:20.940+0000] {processor.py:840} INFO - DAG(s) 'produce_json' retrieved from /opt/airflow/dags/main.py
[2026-05-14T05:43:20.972+0000] {logging_mixin.py:188} INFO - [2026-05-14T05:43:20.972+0000] {dag.py:3096} INFO - Sync 1 DAGs
[2026-05-14T05:43:21.002+0000] {logging_mixin.py:188} INFO - [2026-05-14T05:43:21.002+0000] {dag.py:3954} INFO - Setting next_dagrun for produce_json to 2026-05-13 13:00:00+00:00, run_after=2026-05-14 13:00:00+00:00
[2026-05-14T05:43:21.077+0000] {processor.py:183} INFO - Processing /opt/airflow/dags/main.py took 0.218 seconds
[2026-05-14T05:43:51.243+0000] {processor.py:161} INFO - Started process (PID=1543) to work on /opt/airflow/dags/main.py
[2026-05-14T05:43:51.246+0000] {processor.py:830} INFO - Processing file /opt/airflow/dags/main.py for tasks to queue
[2026-05-14T05:43:51.251+0000] {logging_mixin.py:188} INFO - [2026-05-14T05:43:51.250+0000] {dagbag.py:545} INFO - Filling up the DagBag from /opt/airflow/dags/main.py
[2026-05-14T05:43:51.394+0000] {processor.py:840} INFO - DAG(s) 'produce_json' retrieved from /opt/airflow/dags/main.py
[2026-05-14T05:43:51.426+0000] {logging_mixin.py:188} INFO - [2026-05-14T05:43:51.425+0000] {dag.py:3096} INFO - Sync 1 DAGs
[2026-05-14T05:43:51.453+0000] {logging_mixin.py:188} INFO - [2026-05-14T05:43:51.453+0000] {dag.py:3954} INFO - Setting next_dagrun for produce_json to 2026-05-13 13:00:00+00:00, run_after=2026-05-14 13:00:00+00:00
[2026-05-14T05:43:51.527+0000] {processor.py:183} INFO - Processing /opt/airflow/dags/main.py took 0.298 seconds
[2026-05-14T05:44:21.750+0000] {processor.py:161} INFO - Started process (PID=1550) to work on /opt/airflow/dags/main.py
[2026-05-14T05:44:21.752+0000] {processor.py:830} INFO - Processing file /opt/airflow/dags/main.py for tasks to queue
[2026-05-14T05:44:21.755+0000] {logging_mixin.py:188} INFO - [2026-05-14T05:44:21.755+0000] {dagbag.py:545} INFO - Filling up the DagBag from /opt/airflow/dags/main.py
[2026-05-14T05:44:21.819+0000] {processor.py:840} INFO - DAG(s) 'produce_json' retrieved from /opt/airflow/dags/main.py
[2026-05-14T05:44:21.849+0000] {logging_mixin.py:188} INFO - [2026-05-14T05:44:21.848+0000] {dag.py:3096} INFO - Sync 1 DAGs
[2026-05-14T05:44:21.877+0000] {logging_mixin.py:188} INFO - [2026-05-14T05:44:21.877+0000] {dag.py:3954} INFO - Setting next_dagrun for produce_json to 2026-05-13 13:00:00+00:00, run_after=2026-05-14 13:00:00+00:00
[2026-05-14T05:44:21.951+0000] {processor.py:183} INFO - Processing /opt/airflow/dags/main.py took 0.208 seconds
[2026-05-14T05:44:52.169+0000] {processor.py:161} INFO - Started process (PID=1557) to work on /opt/airflow/dags/main.py
[2026-05-14T05:44:52.171+0000] {processor.py:830} INFO - Processing file /opt/airflow/dags/main.py for tasks to queue
[2026-05-14T05:44:52.175+0000] {logging_mixin.py:188} INFO - [2026-05-14T05:44:52.175+0000] {dagbag.py:545} INFO - Filling up the DagBag from /opt/airflow/dags/main.py
[2026-05-14T05:44:52.246+0000] {processor.py:840} INFO - DAG(s) 'produce_json' retrieved from /opt/airflow/dags/main.py
[2026-05-14T05:44:52.271+0000] {logging_mixin.py:188} INFO - [2026-05-14T05:44:52.271+0000] {dag.py:3096} INFO - Sync 1 DAGs
[2026-05-14T05:44:52.298+0000] {logging_mixin.py:188} INFO - [2026-05-14T05:44:52.297+0000] {dag.py:3954} INFO - Setting next_dagrun for produce_json to 2026-05-13 13:00:00+00:00, run_after=2026-05-14 13:00:00+00:00
[2026-05-14T05:44:52.324+0000] {processor.py:183} INFO - Processing /opt/airflow/dags/main.py took 0.166 seconds
[2026-05-14T05:45:22.606+0000] {processor.py:161} INFO - Started process (PID=1564) to work on /opt/airflow/dags/main.py
[2026-05-14T05:45:22.608+0000] {processor.py:830} INFO - Processing file /opt/airflow/dags/main.py for tasks to queue
[2026-05-14T05:45:22.612+0000] {logging_mixin.py:188} INFO - [2026-05-14T05:45:22.612+0000] {dagbag.py:545} INFO - Filling up the DagBag from /opt/airflow/dags/main.py
[2026-05-14T05:45:22.781+0000] {processor.py:840} INFO - DAG(s) 'produce_json' retrieved from /opt/airflow/dags/main.py
[2026-05-14T05:45:22.822+0000] {logging_mixin.py:188} INFO - [2026-05-14T05:45:22.821+0000] {dag.py:3096} INFO - Sync 1 DAGs
[2026-05-14T05:45:22.850+0000] {logging_mixin.py:188} INFO - [2026-05-14T05:45:22.850+0000] {dag.py:3954} INFO - Setting next_dagrun for produce_json to 2026-05-13 13:00:00+00:00, run_after=2026-05-14 13:00:00+00:00
[2026-05-14T05:45:22.925+0000] {processor.py:183} INFO - Processing /opt/airflow/dags/main.py took 0.328 seconds
[2026-05-14T05:45:53.308+0000] {processor.py:161} INFO - Started process (PID=1571) to work on /opt/airflow/dags/main.py
[2026-05-14T05:45:53.311+0000] {processor.py:830} INFO - Processing file /opt/airflow/dags/main.py for tasks to queue
[2026-05-14T05:45:53.315+0000] {logging_mixin.py:188} INFO - [2026-05-14T05:45:53.314+0000] {dagbag.py:545} INFO - Filling up the DagBag from /opt/airflow/dags/main.py
[2026-05-14T05:45:53.445+0000] {processor.py:840} INFO - DAG(s) 'produce_json' retrieved from /opt/airflow/dags/main.py
[2026-05-14T05:45:53.516+0000] {logging_mixin.py:188} INFO - [2026-05-14T05:45:53.516+0000] {dag.py:3096} INFO - Sync 1 DAGs
[2026-05-14T05:45:53.591+0000] {logging_mixin.py:188} INFO - [2026-05-14T05:45:53.590+0000] {dag.py:3954} INFO - Setting next_dagrun for produce_json to 2026-05-13 13:00:00+00:00, run_after=2026-05-14 13:00:00+00:00
[2026-05-14T05:45:53.696+0000] {processor.py:183} INFO - Processing /opt/airflow/dags/main.py took 0.404 seconds
[2026-05-14T05:46:24.284+0000] {processor.py:161} INFO - Started process (PID=1578) to work on /opt/airflow/dags/main.py
[2026-05-14T05:46:24.285+0000] {processor.py:830} INFO - Processing file /opt/airflow/dags/main.py for tasks to queue
[2026-05-14T05:46:24.288+0000] {logging_mixin.py:188} INFO - [2026-05-14T05:46:24.287+0000] {dagbag.py:545} INFO - Filling up the DagBag from /opt/airflow/dags/main.py
[2026-05-14T05:46:24.378+0000] {processor.py:840} INFO - DAG(s) 'produce_json' retrieved from /opt/airflow/dags/main.py
[2026-05-14T05:46:24.417+0000] {logging_mixin.py:188} INFO - [2026-05-14T05:46:24.417+0000] {dag.py:3096} INFO - Sync 1 DAGs
[2026-05-14T05:46:24.445+0000] {logging_mixin.py:188} INFO - [2026-05-14T05:46:24.445+0000] {dag.py:3954} INFO - Setting next_dagrun for produce_json to 2026-05-13 13:00:00+00:00, run_after=2026-05-14 13:00:00+00:00
[2026-05-14T05:46:24.471+0000] {processor.py:183} INFO - Processing /opt/airflow/dags/main.py took 0.196 seconds
[2026-05-14T06:36:18.260+0000] {processor.py:161} INFO - Started process (PID=1585) to work on /opt/airflow/dags/main.py
[2026-05-14T06:36:18.263+0000] {processor.py:830} INFO - Processing file /opt/airflow/dags/main.py for tasks to queue
[2026-05-14T06:36:18.278+0000] {logging_mixin.py:188} INFO - [2026-05-14T06:36:18.277+0000] {dagbag.py:545} INFO - Filling up the DagBag from /opt/airflow/dags/main.py
[2026-05-14T06:36:18.686+0000] {processor.py:840} INFO - DAG(s) 'produce_json' retrieved from /opt/airflow/dags/main.py
[2026-05-14T06:36:18.837+0000] {logging_mixin.py:188} INFO - [2026-05-14T06:36:18.836+0000] {dag.py:3096} INFO - Sync 1 DAGs
[2026-05-14T06:36:19.051+0000] {logging_mixin.py:188} INFO - [2026-05-14T06:36:19.050+0000] {dag.py:3954} INFO - Setting next_dagrun for produce_json to 2026-05-13 13:00:00+00:00, run_after=2026-05-14 13:00:00+00:00
[2026-05-14T06:36:19.214+0000] {processor.py:183} INFO - Processing /opt/airflow/dags/main.py took 0.985 seconds
[2026-05-14T06:36:49.315+0000] {processor.py:161} INFO - Started process (PID=1592) to work on /opt/airflow/dags/main.py
[2026-05-14T06:36:49.316+0000] {processor.py:830} INFO - Processing file /opt/airflow/dags/main.py for tasks to queue
[2026-05-14T06:36:49.318+0000] {logging_mixin.py:188} INFO - [2026-05-14T06:36:49.318+0000] {dagbag.py:545} INFO - Filling up the DagBag from /opt/airflow/dags/main.py
[2026-05-14T06:36:49.370+0000] {processor.py:840} INFO - DAG(s) 'produce_json' retrieved from /opt/airflow/dags/main.py
[2026-05-14T06:36:49.404+0000] {logging_mixin.py:188} INFO - [2026-05-14T06:36:49.403+0000] {dag.py:3096} INFO - Sync 1 DAGs
[2026-05-14T06:36:49.428+0000] {logging_mixin.py:188} INFO - [2026-05-14T06:36:49.427+0000] {dag.py:3954} INFO - Setting next_dagrun for produce_json to 2026-05-13 13:00:00+00:00, run_after=2026-05-14 13:00:00+00:00
[2026-05-14T06:36:49.485+0000] {processor.py:183} INFO - Processing /opt/airflow/dags/main.py took 0.176 seconds
[2026-05-14T06:37:19.610+0000] {processor.py:161} INFO - Started process (PID=1599) to work on /opt/airflow/dags/main.py
[2026-05-14T06:37:19.611+0000] {processor.py:830} INFO - Processing file /opt/airflow/dags/main.py for tasks to queue
[2026-05-14T06:37:19.613+0000] {logging_mixin.py:188} INFO - [2026-05-14T06:37:19.613+0000] {dagbag.py:545} INFO - Filling up the DagBag from /opt/airflow/dags/main.py
[2026-05-14T06:37:19.673+0000] {processor.py:840} INFO - DAG(s) 'produce_json' retrieved from /opt/airflow/dags/main.py
[2026-05-14T06:37:19.696+0000] {logging_mixin.py:188} INFO - [2026-05-14T06:37:19.696+0000] {dag.py:3096} INFO - Sync 1 DAGs
[2026-05-14T06:37:19.719+0000] {logging_mixin.py:188} INFO - [2026-05-14T06:37:19.719+0000] {dag.py:3954} INFO - Setting next_dagrun for produce_json to 2026-05-13 13:00:00+00:00, run_after=2026-05-14 13:00:00+00:00
[2026-05-14T06:37:19.777+0000] {processor.py:183} INFO - Processing /opt/airflow/dags/main.py took 0.175 seconds
[2026-05-14T06:37:49.903+0000] {processor.py:161} INFO - Started process (PID=1606) to work on /opt/airflow/dags/main.py
[2026-05-14T06:37:49.905+0000] {processor.py:830} INFO - Processing file /opt/airflow/dags/main.py for tasks to queue
[2026-05-14T06:37:49.908+0000] {logging_mixin.py:188} INFO - [2026-05-14T06:37:49.908+0000] {dagbag.py:545} INFO - Filling up the DagBag from /opt/airflow/dags/main.py
[2026-05-14T06:37:50.061+0000] {processor.py:840} INFO - DAG(s) 'produce_json' retrieved from /opt/airflow/dags/main.py
[2026-05-14T06:37:50.098+0000] {logging_mixin.py:188} INFO - [2026-05-14T06:37:50.098+0000] {dag.py:3096} INFO - Sync 1 DAGs
[2026-05-14T06:37:50.146+0000] {logging_mixin.py:188} INFO - [2026-05-14T06:37:50.146+0000] {dag.py:3954} INFO - Setting next_dagrun for produce_json to 2026-05-13 13:00:00+00:00, run_after=2026-05-14 13:00:00+00:00
[2026-05-14T06:37:50.228+0000] {processor.py:183} INFO - Processing /opt/airflow/dags/main.py took 0.333 seconds
[2026-05-14T06:38:20.337+0000] {processor.py:161} INFO - Started process (PID=1613) to work on /opt/airflow/dags/main.py
[2026-05-14T06:38:20.339+0000] {processor.py:830} INFO - Processing file /opt/airflow/dags/main.py for tasks to queue
[2026-05-14T06:38:20.343+0000] {logging_mixin.py:188} INFO - [2026-05-14T06:38:20.342+0000] {dagbag.py:545} INFO - Filling up the DagBag from /opt/airflow/dags/main.py
[2026-05-14T06:38:20.421+0000] {processor.py:840} INFO - DAG(s) 'produce_json' retrieved from /opt/airflow/dags/main.py
[2026-05-14T06:38:20.452+0000] {logging_mixin.py:188} INFO - [2026-05-14T06:38:20.452+0000] {dag.py:3096} INFO - Sync 1 DAGs
[2026-05-14T06:38:20.483+0000] {logging_mixin.py:188} INFO - [2026-05-14T06:38:20.483+0000] {dag.py:3954} INFO - Setting next_dagrun for produce_json to 2026-05-13 13:00:00+00:00, run_after=2026-05-14 13:00:00+00:00
[2026-05-14T06:38:20.556+0000] {processor.py:183} INFO - Processing /opt/airflow/dags/main.py took 0.226 seconds
[2026-05-14T06:38:50.907+0000] {processor.py:161} INFO - Started process (PID=1620) to work on /opt/airflow/dags/main.py
[2026-05-14T06:38:50.909+0000] {processor.py:830} INFO - Processing file /opt/airflow/dags/main.py for tasks to queue
[2026-05-14T06:38:50.912+0000] {logging_mixin.py:188} INFO - [2026-05-14T06:38:50.912+0000] {dagbag.py:545} INFO - Filling up the DagBag from /opt/airflow/dags/main.py
[2026-05-14T06:38:51.063+0000] {processor.py:840} INFO - DAG(s) 'produce_json' retrieved from /opt/airflow/dags/main.py
[2026-05-14T06:38:51.098+0000] {logging_mixin.py:188} INFO - [2026-05-14T06:38:51.097+0000] {dag.py:3096} INFO - Sync 1 DAGs
[2026-05-14T06:38:51.133+0000] {logging_mixin.py:188} INFO - [2026-05-14T06:38:51.132+0000] {dag.py:3954} INFO - Setting next_dagrun for produce_json to 2026-05-13 13:00:00+00:00, run_after=2026-05-14 13:00:00+00:00
[2026-05-14T06:38:51.172+0000] {processor.py:183} INFO - Processing /opt/airflow/dags/main.py took 0.274 seconds
[2026-05-14T06:39:21.533+0000] {processor.py:161} INFO - Started process (PID=1627) to work on /opt/airflow/dags/main.py
[2026-05-14T06:39:21.535+0000] {processor.py:830} INFO - Processing file /opt/airflow/dags/main.py for tasks to queue
[2026-05-14T06:39:21.538+0000] {logging_mixin.py:188} INFO - [2026-05-14T06:39:21.537+0000] {dagbag.py:545} INFO - Filling up the DagBag from /opt/airflow/dags/main.py
[2026-05-14T06:39:21.617+0000] {processor.py:840} INFO - DAG(s) 'produce_json' retrieved from /opt/airflow/dags/main.py
[2026-05-14T06:39:21.651+0000] {logging_mixin.py:188} INFO - [2026-05-14T06:39:21.651+0000] {dag.py:3096} INFO - Sync 1 DAGs
[2026-05-14T06:39:21.691+0000] {logging_mixin.py:188} INFO - [2026-05-14T06:39:21.691+0000] {dag.py:3954} INFO - Setting next_dagrun for produce_json to 2026-05-13 13:00:00+00:00, run_after=2026-05-14 13:00:00+00:00
[2026-05-14T06:39:21.726+0000] {processor.py:183} INFO - Processing /opt/airflow/dags/main.py took 0.204 seconds
[2026-05-14T06:39:51.848+0000] {processor.py:161} INFO - Started process (PID=1634) to work on /opt/airflow/dags/main.py
[2026-05-14T06:39:51.850+0000] {processor.py:830} INFO - Processing file /opt/airflow/dags/main.py for tasks to queue
[2026-05-14T06:39:51.853+0000] {logging_mixin.py:188} INFO - [2026-05-14T06:39:51.852+0000] {dagbag.py:545} INFO - Filling up the DagBag from /opt/airflow/dags/main.py
[2026-05-14T06:39:51.925+0000] {processor.py:840} INFO - DAG(s) 'produce_json' retrieved from /opt/airflow/dags/main.py
[2026-05-14T06:39:51.954+0000] {logging_mixin.py:188} INFO - [2026-05-14T06:39:51.954+0000] {dag.py:3096} INFO - Sync 1 DAGs
[2026-05-14T06:39:51.981+0000] {logging_mixin.py:188} INFO - [2026-05-14T06:39:51.980+0000] {dag.py:3954} INFO - Setting next_dagrun for produce_json to 2026-05-13 13:00:00+00:00, run_after=2026-05-14 13:00:00+00:00
[2026-05-14T06:39:52.049+0000] {processor.py:183} INFO - Processing /opt/airflow/dags/main.py took 0.209 seconds
[2026-05-14T06:40:22.375+0000] {processor.py:161} INFO - Started process (PID=1641) to work on /opt/airflow/dags/main.py
[2026-05-14T06:40:22.376+0000] {processor.py:830} INFO - Processing file /opt/airflow/dags/main.py for tasks to queue
[2026-05-14T06:40:22.378+0000] {logging_mixin.py:188} INFO - [2026-05-14T06:40:22.378+0000] {dagbag.py:545} INFO - Filling up the DagBag from /opt/airflow/dags/main.py
[2026-05-14T06:40:22.447+0000] {processor.py:840} INFO - DAG(s) 'produce_json' retrieved from /opt/airflow/dags/main.py
[2026-05-14T06:40:22.474+0000] {logging_mixin.py:188} INFO - [2026-05-14T06:40:22.473+0000] {dag.py:3096} INFO - Sync 1 DAGs
[2026-05-14T06:40:22.501+0000] {logging_mixin.py:188} INFO - [2026-05-14T06:40:22.501+0000] {dag.py:3954} INFO - Setting next_dagrun for produce_json to 2026-05-13 13:00:00+00:00, run_after=2026-05-14 13:00:00+00:00
[2026-05-14T06:40:22.569+0000] {processor.py:183} INFO - Processing /opt/airflow/dags/main.py took 0.200 seconds
[2026-05-14T06:40:52.714+0000] {processor.py:161} INFO - Started process (PID=1648) to work on /opt/airflow/dags/main.py
[2026-05-14T06:40:52.717+0000] {processor.py:830} INFO - Processing file /opt/airflow/dags/main.py for tasks to queue
[2026-05-14T06:40:52.720+0000] {logging_mixin.py:188} INFO - [2026-05-14T06:40:52.719+0000] {dagbag.py:545} INFO - Filling up the DagBag from /opt/airflow/dags/main.py
[2026-05-14T06:40:52.788+0000] {processor.py:840} INFO - DAG(s) 'produce_json' retrieved from /opt/airflow/dags/main.py
[2026-05-14T06:40:52.820+0000] {logging_mixin.py:188} INFO - [2026-05-14T06:40:52.820+0000] {dag.py:3096} INFO - Sync 1 DAGs
[2026-05-14T06:40:52.854+0000] {logging_mixin.py:188} INFO - [2026-05-14T06:40:52.853+0000] {dag.py:3954} INFO - Setting next_dagrun for produce_json to 2026-05-13 13:00:00+00:00, run_after=2026-05-14 13:00:00+00:00
[2026-05-14T06:40:52.931+0000] {processor.py:183} INFO - Processing /opt/airflow/dags/main.py took 0.224 seconds
[2026-05-14T06:41:23.381+0000] {processor.py:161} INFO - Started process (PID=1655) to work on /opt/airflow/dags/main.py
[2026-05-14T06:41:23.383+0000] {processor.py:830} INFO - Processing file /opt/airflow/dags/main.py for tasks to queue
[2026-05-14T06:41:23.385+0000] {logging_mixin.py:188} INFO - [2026-05-14T06:41:23.385+0000] {dagbag.py:545} INFO - Filling up the DagBag from /opt/airflow/dags/main.py
[2026-05-14T06:41:23.462+0000] {processor.py:840} INFO - DAG(s) 'produce_json' retrieved from /opt/airflow/dags/main.py
[2026-05-14T06:41:23.496+0000] {logging_mixin.py:188} INFO - [2026-05-14T06:41:23.496+0000] {dag.py:3096} INFO - Sync 1 DAGs
[2026-05-14T06:41:23.529+0000] {logging_mixin.py:188} INFO - [2026-05-14T06:41:23.529+0000] {dag.py:3954} INFO - Setting next_dagrun for produce_json to 2026-05-13 13:00:00+00:00, run_after=2026-05-14 13:00:00+00:00
[2026-05-14T06:41:23.555+0000] {processor.py:183} INFO - Processing /opt/airflow/dags/main.py took 0.180 seconds
[2026-05-14T06:41:53.731+0000] {processor.py:161} INFO - Started process (PID=1662) to work on /opt/airflow/dags/main.py
[2026-05-14T06:41:53.733+0000] {processor.py:830} INFO - Processing file /opt/airflow/dags/main.py for tasks to queue
[2026-05-14T06:41:53.736+0000] {logging_mixin.py:188} INFO - [2026-05-14T06:41:53.735+0000] {dagbag.py:545} INFO - Filling up the DagBag from /opt/airflow/dags/main.py
[2026-05-14T06:41:53.834+0000] {processor.py:840} INFO - DAG(s) 'produce_json' retrieved from /opt/airflow/dags/main.py
[2026-05-14T06:41:53.860+0000] {logging_mixin.py:188} INFO - [2026-05-14T06:41:53.859+0000] {dag.py:3096} INFO - Sync 1 DAGs
[2026-05-14T06:41:53.889+0000] {logging_mixin.py:188} INFO - [2026-05-14T06:41:53.888+0000] {dag.py:3954} INFO - Setting next_dagrun for produce_json to 2026-05-13 13:00:00+00:00, run_after=2026-05-14 13:00:00+00:00
[2026-05-14T06:41:53.973+0000] {processor.py:183} INFO - Processing /opt/airflow/dags/main.py took 0.250 seconds
[2026-05-14T06:42:24.222+0000] {processor.py:161} INFO - Started process (PID=1669) to work on /opt/airflow/dags/main.py
[2026-05-14T06:42:24.224+0000] {processor.py:830} INFO - Processing file /opt/airflow/dags/main.py for tasks to queue
[2026-05-14T06:42:24.227+0000] {logging_mixin.py:188} INFO - [2026-05-14T06:42:24.226+0000] {dagbag.py:545} INFO - Filling up the DagBag from /opt/airflow/dags/main.py
[2026-05-14T06:42:24.297+0000] {processor.py:840} INFO - DAG(s) 'produce_json' retrieved from /opt/airflow/dags/main.py
[2026-05-14T06:42:24.321+0000] {logging_mixin.py:188} INFO - [2026-05-14T06:42:24.320+0000] {dag.py:3096} INFO - Sync 1 DAGs
[2026-05-14T06:42:24.344+0000] {logging_mixin.py:188} INFO - [2026-05-14T06:42:24.344+0000] {dag.py:3954} INFO - Setting next_dagrun for produce_json to 2026-05-13 13:00:00+00:00, run_after=2026-05-14 13:00:00+00:00
[2026-05-14T06:42:24.415+0000] {processor.py:183} INFO - Processing /opt/airflow/dags/main.py took 0.199 seconds
[2026-05-14T06:42:54.637+0000] {processor.py:161} INFO - Started process (PID=1676) to work on /opt/airflow/dags/main.py
[2026-05-14T06:42:54.639+0000] {processor.py:830} INFO - Processing file /opt/airflow/dags/main.py for tasks to queue
[2026-05-14T06:42:54.641+0000] {logging_mixin.py:188} INFO - [2026-05-14T06:42:54.641+0000] {dagbag.py:545} INFO - Filling up the DagBag from /opt/airflow/dags/main.py
[2026-05-14T06:42:54.712+0000] {processor.py:840} INFO - DAG(s) 'produce_json' retrieved from /opt/airflow/dags/main.py
[2026-05-14T06:42:54.734+0000] {logging_mixin.py:188} INFO - [2026-05-14T06:42:54.734+0000] {dag.py:3096} INFO - Sync 1 DAGs
[2026-05-14T06:42:54.759+0000] {logging_mixin.py:188} INFO - [2026-05-14T06:42:54.758+0000] {dag.py:3954} INFO - Setting next_dagrun for produce_json to 2026-05-13 13:00:00+00:00, run_after=2026-05-14 13:00:00+00:00
[2026-05-14T06:42:54.829+0000] {processor.py:183} INFO - Processing /opt/airflow/dags/main.py took 0.199 seconds
[2026-05-14T06:43:25.070+0000] {processor.py:161} INFO - Started process (PID=1683) to work on /opt/airflow/dags/main.py
[2026-05-14T06:43:25.072+0000] {processor.py:830} INFO - Processing file /opt/airflow/dags/main.py for tasks to queue
[2026-05-14T06:43:25.076+0000] {logging_mixin.py:188} INFO - [2026-05-14T06:43:25.075+0000] {dagbag.py:545} INFO - Filling up the DagBag from /opt/airflow/dags/main.py
[2026-05-14T06:43:25.167+0000] {processor.py:840} INFO - DAG(s) 'produce_json' retrieved from /opt/airflow/dags/main.py
[2026-05-14T06:43:25.196+0000] {logging_mixin.py:188} INFO - [2026-05-14T06:43:25.196+0000] {dag.py:3096} INFO - Sync 1 DAGs
[2026-05-14T06:43:25.226+0000] {logging_mixin.py:188} INFO - [2026-05-14T06:43:25.226+0000] {dag.py:3954} INFO - Setting next_dagrun for produce_json to 2026-05-13 13:00:00+00:00, run_after=2026-05-14 13:00:00+00:00
[2026-05-14T06:43:25.297+0000] {processor.py:183} INFO - Processing /opt/airflow/dags/main.py took 0.241 seconds
[2026-05-14T06:43:55.476+0000] {processor.py:161} INFO - Started process (PID=1690) to work on /opt/airflow/dags/main.py
[2026-05-14T06:43:55.478+0000] {processor.py:830} INFO - Processing file /opt/airflow/dags/main.py for tasks to queue
[2026-05-14T06:43:55.481+0000] {logging_mixin.py:188} INFO - [2026-05-14T06:43:55.480+0000] {dagbag.py:545} INFO - Filling up the DagBag from /opt/airflow/dags/main.py
[2026-05-14T06:43:55.553+0000] {processor.py:840} INFO - DAG(s) 'produce_json' retrieved from /opt/airflow/dags/main.py
[2026-05-14T06:43:55.578+0000] {logging_mixin.py:188} INFO - [2026-05-14T06:43:55.578+0000] {dag.py:3096} INFO - Sync 1 DAGs
[2026-05-14T06:43:55.609+0000] {logging_mixin.py:188} INFO - [2026-05-14T06:43:55.609+0000] {dag.py:3954} INFO - Setting next_dagrun for produce_json to 2026-05-13 13:00:00+00:00, run_after=2026-05-14 13:00:00+00:00
[2026-05-14T06:43:55.682+0000] {processor.py:183} INFO - Processing /opt/airflow/dags/main.py took 0.214 seconds
[2026-05-14T06:44:25.958+0000] {processor.py:161} INFO - Started process (PID=1697) to work on /opt/airflow/dags/main.py
[2026-05-14T06:44:25.960+0000] {processor.py:830} INFO - Processing file /opt/airflow/dags/main.py for tasks to queue
[2026-05-14T06:44:25.963+0000] {logging_mixin.py:188} INFO - [2026-05-14T06:44:25.963+0000] {dagbag.py:545} INFO - Filling up the DagBag from /opt/airflow/dags/main.py
[2026-05-14T06:44:26.028+0000] {processor.py:840} INFO - DAG(s) 'produce_json' retrieved from /opt/airflow/dags/main.py
[2026-05-14T06:44:26.055+0000] {logging_mixin.py:188} INFO - [2026-05-14T06:44:26.055+0000] {dag.py:3096} INFO - Sync 1 DAGs
[2026-05-14T06:44:26.082+0000] {logging_mixin.py:188} INFO - [2026-05-14T06:44:26.082+0000] {dag.py:3954} INFO - Setting next_dagrun for produce_json to 2026-05-13 13:00:00+00:00, run_after=2026-05-14 13:00:00+00:00
[2026-05-14T06:44:26.154+0000] {processor.py:183} INFO - Processing /opt/airflow/dags/main.py took 0.205 seconds
[2026-05-14T06:44:56.309+0000] {processor.py:161} INFO - Started process (PID=1704) to work on /opt/airflow/dags/main.py
[2026-05-14T06:44:56.311+0000] {processor.py:830} INFO - Processing file /opt/airflow/dags/main.py for tasks to queue
[2026-05-14T06:44:56.315+0000] {logging_mixin.py:188} INFO - [2026-05-14T06:44:56.315+0000] {dagbag.py:545} INFO - Filling up the DagBag from /opt/airflow/dags/main.py
[2026-05-14T06:44:56.474+0000] {processor.py:840} INFO - DAG(s) 'produce_json' retrieved from /opt/airflow/dags/main.py
[2026-05-14T06:44:56.508+0000] {logging_mixin.py:188} INFO - [2026-05-14T06:44:56.507+0000] {dag.py:3096} INFO - Sync 1 DAGs
[2026-05-14T06:44:56.551+0000] {logging_mixin.py:188} INFO - [2026-05-14T06:44:56.550+0000] {dag.py:3954} INFO - Setting next_dagrun for produce_json to 2026-05-13 13:00:00+00:00, run_after=2026-05-14 13:00:00+00:00
[2026-05-14T06:44:56.635+0000] {processor.py:183} INFO - Processing /opt/airflow/dags/main.py took 0.337 seconds
[2026-05-14T06:45:26.796+0000] {processor.py:161} INFO - Started process (PID=1711) to work on /opt/airflow/dags/main.py
[2026-05-14T06:45:26.798+0000] {processor.py:830} INFO - Processing file /opt/airflow/dags/main.py for tasks to queue
[2026-05-14T06:45:26.800+0000] {logging_mixin.py:188} INFO - [2026-05-14T06:45:26.800+0000] {dagbag.py:545} INFO - Filling up the DagBag from /opt/airflow/dags/main.py
[2026-05-14T06:45:26.871+0000] {processor.py:840} INFO - DAG(s) 'produce_json' retrieved from /opt/airflow/dags/main.py
[2026-05-14T06:45:26.904+0000] {logging_mixin.py:188} INFO - [2026-05-14T06:45:26.904+0000] {dag.py:3096} INFO - Sync 1 DAGs
[2026-05-14T06:45:26.935+0000] {logging_mixin.py:188} INFO - [2026-05-14T06:45:26.935+0000] {dag.py:3954} INFO - Setting next_dagrun for produce_json to 2026-05-13 13:00:00+00:00, run_after=2026-05-14 13:00:00+00:00
[2026-05-14T06:45:26.966+0000] {processor.py:183} INFO - Processing /opt/airflow/dags/main.py took 0.177 seconds
[2026-05-14T06:45:57.288+0000] {processor.py:161} INFO - Started process (PID=1718) to work on /opt/airflow/dags/main.py
[2026-05-14T06:45:57.291+0000] {processor.py:830} INFO - Processing file /opt/airflow/dags/main.py for tasks to queue
[2026-05-14T06:45:57.295+0000] {logging_mixin.py:188} INFO - [2026-05-14T06:45:57.294+0000] {dagbag.py:545} INFO - Filling up the DagBag from /opt/airflow/dags/main.py
[2026-05-14T06:45:57.409+0000] {processor.py:840} INFO - DAG(s) 'produce_json' retrieved from /opt/airflow/dags/main.py
[2026-05-14T06:45:57.442+0000] {logging_mixin.py:188} INFO - [2026-05-14T06:45:57.441+0000] {dag.py:3096} INFO - Sync 1 DAGs
[2026-05-14T06:45:57.479+0000] {logging_mixin.py:188} INFO - [2026-05-14T06:45:57.478+0000] {dag.py:3954} INFO - Setting next_dagrun for produce_json to 2026-05-13 13:00:00+00:00, run_after=2026-05-14 13:00:00+00:00
[2026-05-14T06:45:57.570+0000] {processor.py:183} INFO - Processing /opt/airflow/dags/main.py took 0.294 seconds
[2026-05-14T06:46:27.901+0000] {processor.py:161} INFO - Started process (PID=1725) to work on /opt/airflow/dags/main.py
[2026-05-14T06:46:27.903+0000] {processor.py:830} INFO - Processing file /opt/airflow/dags/main.py for tasks to queue
[2026-05-14T06:46:27.907+0000] {logging_mixin.py:188} INFO - [2026-05-14T06:46:27.907+0000] {dagbag.py:545} INFO - Filling up the DagBag from /opt/airflow/dags/main.py
[2026-05-14T06:46:28.070+0000] {processor.py:840} INFO - DAG(s) 'produce_json' retrieved from /opt/airflow/dags/main.py
[2026-05-14T06:46:28.106+0000] {logging_mixin.py:188} INFO - [2026-05-14T06:46:28.105+0000] {dag.py:3096} INFO - Sync 1 DAGs
[2026-05-14T06:46:28.139+0000] {logging_mixin.py:188} INFO - [2026-05-14T06:46:28.139+0000] {dag.py:3954} INFO - Setting next_dagrun for produce_json to 2026-05-13 13:00:00+00:00, run_after=2026-05-14 13:00:00+00:00
[2026-05-14T06:46:28.173+0000] {processor.py:183} INFO - Processing /opt/airflow/dags/main.py took 0.279 seconds
[2026-05-14T07:37:16.288+0000] {processor.py:161} INFO - Started process (PID=1732) to work on /opt/airflow/dags/main.py
[2026-05-14T07:37:16.300+0000] {processor.py:830} INFO - Processing file /opt/airflow/dags/main.py for tasks to queue
[2026-05-14T07:37:16.317+0000] {logging_mixin.py:188} INFO - [2026-05-14T07:37:16.316+0000] {dagbag.py:545} INFO - Filling up the DagBag from /opt/airflow/dags/main.py
[2026-05-14T07:37:16.555+0000] {processor.py:840} INFO - DAG(s) 'produce_json' retrieved from /opt/airflow/dags/main.py
[2026-05-14T07:37:16.648+0000] {logging_mixin.py:188} INFO - [2026-05-14T07:37:16.648+0000] {dag.py:3096} INFO - Sync 1 DAGs
[2026-05-14T07:37:16.752+0000] {logging_mixin.py:188} INFO - [2026-05-14T07:37:16.752+0000] {dag.py:3954} INFO - Setting next_dagrun for produce_json to 2026-05-13 13:00:00+00:00, run_after=2026-05-14 13:00:00+00:00
[2026-05-14T07:37:16.804+0000] {processor.py:183} INFO - Processing /opt/airflow/dags/main.py took 0.557 seconds
[2026-05-14T07:37:47.064+0000] {processor.py:161} INFO - Started process (PID=1739) to work on /opt/airflow/dags/main.py
[2026-05-14T07:37:47.066+0000] {processor.py:830} INFO - Processing file /opt/airflow/dags/main.py for tasks to queue
[2026-05-14T07:37:47.068+0000] {logging_mixin.py:188} INFO - [2026-05-14T07:37:47.067+0000] {dagbag.py:545} INFO - Filling up the DagBag from /opt/airflow/dags/main.py
[2026-05-14T07:37:47.154+0000] {processor.py:840} INFO - DAG(s) 'produce_json' retrieved from /opt/airflow/dags/main.py
[2026-05-14T07:37:47.181+0000] {logging_mixin.py:188} INFO - [2026-05-14T07:37:47.181+0000] {dag.py:3096} INFO - Sync 1 DAGs
[2026-05-14T07:37:47.204+0000] {logging_mixin.py:188} INFO - [2026-05-14T07:37:47.204+0000] {dag.py:3954} INFO - Setting next_dagrun for produce_json to 2026-05-13 13:00:00+00:00, run_after=2026-05-14 13:00:00+00:00
[2026-05-14T07:37:47.264+0000] {processor.py:183} INFO - Processing /opt/airflow/dags/main.py took 0.207 seconds
[2026-05-14T07:38:17.444+0000] {processor.py:161} INFO - Started process (PID=1746) to work on /opt/airflow/dags/main.py
[2026-05-14T07:38:17.445+0000] {processor.py:830} INFO - Processing file /opt/airflow/dags/main.py for tasks to queue
[2026-05-14T07:38:17.447+0000] {logging_mixin.py:188} INFO - [2026-05-14T07:38:17.447+0000] {dagbag.py:545} INFO - Filling up the DagBag from /opt/airflow/dags/main.py
[2026-05-14T07:38:17.499+0000] {processor.py:840} INFO - DAG(s) 'produce_json' retrieved from /opt/airflow/dags/main.py
[2026-05-14T07:38:17.521+0000] {logging_mixin.py:188} INFO - [2026-05-14T07:38:17.521+0000] {dag.py:3096} INFO - Sync 1 DAGs
[2026-05-14T07:38:17.555+0000] {logging_mixin.py:188} INFO - [2026-05-14T07:38:17.554+0000] {dag.py:3954} INFO - Setting next_dagrun for produce_json to 2026-05-13 13:00:00+00:00, run_after=2026-05-14 13:00:00+00:00
[2026-05-14T07:38:17.615+0000] {processor.py:183} INFO - Processing /opt/airflow/dags/main.py took 0.178 seconds
[2026-05-14T07:38:47.845+0000] {processor.py:161} INFO - Started process (PID=1753) to work on /opt/airflow/dags/main.py
[2026-05-14T07:38:47.847+0000] {processor.py:830} INFO - Processing file /opt/airflow/dags/main.py for tasks to queue
[2026-05-14T07:38:47.851+0000] {logging_mixin.py:188} INFO - [2026-05-14T07:38:47.851+0000] {dagbag.py:545} INFO - Filling up the DagBag from /opt/airflow/dags/main.py
[2026-05-14T07:38:47.941+0000] {processor.py:840} INFO - DAG(s) 'produce_json' retrieved from /opt/airflow/dags/main.py
[2026-05-14T07:38:47.971+0000] {logging_mixin.py:188} INFO - [2026-05-14T07:38:47.971+0000] {dag.py:3096} INFO - Sync 1 DAGs
[2026-05-14T07:38:48.000+0000] {logging_mixin.py:188} INFO - [2026-05-14T07:38:48.000+0000] {dag.py:3954} INFO - Setting next_dagrun for produce_json to 2026-05-13 13:00:00+00:00, run_after=2026-05-14 13:00:00+00:00
[2026-05-14T07:38:48.028+0000] {processor.py:183} INFO - Processing /opt/airflow/dags/main.py took 0.196 seconds
[2026-05-14T07:39:18.176+0000] {processor.py:161} INFO - Started process (PID=1760) to work on /opt/airflow/dags/main.py
[2026-05-14T07:39:18.178+0000] {processor.py:830} INFO - Processing file /opt/airflow/dags/main.py for tasks to queue
[2026-05-14T07:39:18.180+0000] {logging_mixin.py:188} INFO - [2026-05-14T07:39:18.180+0000] {dagbag.py:545} INFO - Filling up the DagBag from /opt/airflow/dags/main.py
[2026-05-14T07:39:18.244+0000] {processor.py:840} INFO - DAG(s) 'produce_json' retrieved from /opt/airflow/dags/main.py
[2026-05-14T07:39:18.277+0000] {logging_mixin.py:188} INFO - [2026-05-14T07:39:18.276+0000] {dag.py:3096} INFO - Sync 1 DAGs
[2026-05-14T07:39:18.306+0000] {logging_mixin.py:188} INFO - [2026-05-14T07:39:18.306+0000] {dag.py:3954} INFO - Setting next_dagrun for produce_json to 2026-05-13 13:00:00+00:00, run_after=2026-05-14 13:00:00+00:00
[2026-05-14T07:39:18.376+0000] {processor.py:183} INFO - Processing /opt/airflow/dags/main.py took 0.208 seconds
[2026-05-14T07:39:48.664+0000] {processor.py:161} INFO - Started process (PID=1767) to work on /opt/airflow/dags/main.py
[2026-05-14T07:39:48.666+0000] {processor.py:830} INFO - Processing file /opt/airflow/dags/main.py for tasks to queue
[2026-05-14T07:39:48.668+0000] {logging_mixin.py:188} INFO - [2026-05-14T07:39:48.668+0000] {dagbag.py:545} INFO - Filling up the DagBag from /opt/airflow/dags/main.py
[2026-05-14T07:39:48.733+0000] {processor.py:840} INFO - DAG(s) 'produce_json' retrieved from /opt/airflow/dags/main.py
[2026-05-14T07:39:48.764+0000] {logging_mixin.py:188} INFO - [2026-05-14T07:39:48.763+0000] {dag.py:3096} INFO - Sync 1 DAGs
[2026-05-14T07:39:48.794+0000] {logging_mixin.py:188} INFO - [2026-05-14T07:39:48.793+0000] {dag.py:3954} INFO - Setting next_dagrun for produce_json to 2026-05-13 13:00:00+00:00, run_after=2026-05-14 13:00:00+00:00
[2026-05-14T07:39:48.867+0000] {processor.py:183} INFO - Processing /opt/airflow/dags/main.py took 0.209 seconds
[2026-05-14T07:40:19.014+0000] {processor.py:161} INFO - Started process (PID=1774) to work on /opt/airflow/dags/main.py
[2026-05-14T07:40:19.015+0000] {processor.py:830} INFO - Processing file /opt/airflow/dags/main.py for tasks to queue
[2026-05-14T07:40:19.018+0000] {logging_mixin.py:188} INFO - [2026-05-14T07:40:19.017+0000] {dagbag.py:545} INFO - Filling up the DagBag from /opt/airflow/dags/main.py
[2026-05-14T07:40:19.081+0000] {processor.py:840} INFO - DAG(s) 'produce_json' retrieved from /opt/airflow/dags/main.py
[2026-05-14T07:40:19.112+0000] {logging_mixin.py:188} INFO - [2026-05-14T07:40:19.111+0000] {dag.py:3096} INFO - Sync 1 DAGs
[2026-05-14T07:40:19.140+0000] {logging_mixin.py:188} INFO - [2026-05-14T07:40:19.140+0000] {dag.py:3954} INFO - Setting next_dagrun for produce_json to 2026-05-13 13:00:00+00:00, run_after=2026-05-14 13:00:00+00:00
[2026-05-14T07:40:19.211+0000] {processor.py:183} INFO - Processing /opt/airflow/dags/main.py took 0.205 seconds
[2026-05-14T07:40:49.507+0000] {processor.py:161} INFO - Started process (PID=1781) to work on /opt/airflow/dags/main.py
[2026-05-14T07:40:49.508+0000] {processor.py:830} INFO - Processing file /opt/airflow/dags/main.py for tasks to queue
[2026-05-14T07:40:49.511+0000] {logging_mixin.py:188} INFO - [2026-05-14T07:40:49.510+0000] {dagbag.py:545} INFO - Filling up the DagBag from /opt/airflow/dags/main.py
[2026-05-14T07:40:49.572+0000] {processor.py:840} INFO - DAG(s) 'produce_json' retrieved from /opt/airflow/dags/main.py
[2026-05-14T07:40:49.624+0000] {logging_mixin.py:188} INFO - [2026-05-14T07:40:49.624+0000] {dag.py:3096} INFO - Sync 1 DAGs
[2026-05-14T07:40:49.666+0000] {logging_mixin.py:188} INFO - [2026-05-14T07:40:49.666+0000] {dag.py:3954} INFO - Setting next_dagrun for produce_json to 2026-05-13 13:00:00+00:00, run_after=2026-05-14 13:00:00+00:00
[2026-05-14T07:40:49.694+0000] {processor.py:183} INFO - Processing /opt/airflow/dags/main.py took 0.193 seconds
[2026-05-14T07:41:19.853+0000] {processor.py:161} INFO - Started process (PID=1788) to work on /opt/airflow/dags/main.py
[2026-05-14T07:41:19.855+0000] {processor.py:830} INFO - Processing file /opt/airflow/dags/main.py for tasks to queue
[2026-05-14T07:41:19.858+0000] {logging_mixin.py:188} INFO - [2026-05-14T07:41:19.858+0000] {dagbag.py:545} INFO - Filling up the DagBag from /opt/airflow/dags/main.py
[2026-05-14T07:41:20.006+0000] {processor.py:840} INFO - DAG(s) 'produce_json' retrieved from /opt/airflow/dags/main.py
[2026-05-14T07:41:20.043+0000] {logging_mixin.py:188} INFO - [2026-05-14T07:41:20.043+0000] {dag.py:3096} INFO - Sync 1 DAGs
[2026-05-14T07:41:20.083+0000] {logging_mixin.py:188} INFO - [2026-05-14T07:41:20.083+0000] {dag.py:3954} INFO - Setting next_dagrun for produce_json to 2026-05-13 13:00:00+00:00, run_after=2026-05-14 13:00:00+00:00
[2026-05-14T07:41:20.136+0000] {processor.py:183} INFO - Processing /opt/airflow/dags/main.py took 0.294 seconds
[2026-05-14T07:41:50.377+0000] {processor.py:161} INFO - Started process (PID=1795) to work on /opt/airflow/dags/main.py
[2026-05-14T07:41:50.380+0000] {processor.py:830} INFO - Processing file /opt/airflow/dags/main.py for tasks to queue
[2026-05-14T07:41:50.386+0000] {logging_mixin.py:188} INFO - [2026-05-14T07:41:50.386+0000] {dagbag.py:545} INFO - Filling up the DagBag from /opt/airflow/dags/main.py
[2026-05-14T07:41:50.529+0000] {processor.py:840} INFO - DAG(s) 'produce_json' retrieved from /opt/airflow/dags/main.py
[2026-05-14T07:41:50.565+0000] {logging_mixin.py:188} INFO - [2026-05-14T07:41:50.564+0000] {dag.py:3096} INFO - Sync 1 DAGs
[2026-05-14T07:41:50.605+0000] {logging_mixin.py:188} INFO - [2026-05-14T07:41:50.605+0000] {dag.py:3954} INFO - Setting next_dagrun for produce_json to 2026-05-13 13:00:00+00:00, run_after=2026-05-14 13:00:00+00:00
[2026-05-14T07:41:50.653+0000] {processor.py:183} INFO - Processing /opt/airflow/dags/main.py took 0.289 seconds
[2026-05-14T07:42:20.930+0000] {processor.py:161} INFO - Started process (PID=1802) to work on /opt/airflow/dags/main.py
[2026-05-14T07:42:20.932+0000] {processor.py:830} INFO - Processing file /opt/airflow/dags/main.py for tasks to queue
[2026-05-14T07:42:20.934+0000] {logging_mixin.py:188} INFO - [2026-05-14T07:42:20.934+0000] {dagbag.py:545} INFO - Filling up the DagBag from /opt/airflow/dags/main.py
[2026-05-14T07:42:20.997+0000] {processor.py:840} INFO - DAG(s) 'produce_json' retrieved from /opt/airflow/dags/main.py
[2026-05-14T07:42:21.022+0000] {logging_mixin.py:188} INFO - [2026-05-14T07:42:21.022+0000] {dag.py:3096} INFO - Sync 1 DAGs
[2026-05-14T07:42:21.046+0000] {logging_mixin.py:188} INFO - [2026-05-14T07:42:21.046+0000] {dag.py:3954} INFO - Setting next_dagrun for produce_json to 2026-05-13 13:00:00+00:00, run_after=2026-05-14 13:00:00+00:00
[2026-05-14T07:42:21.069+0000] {processor.py:183} INFO - Processing /opt/airflow/dags/main.py took 0.149 seconds
[2026-05-14T07:42:51.328+0000] {processor.py:161} INFO - Started process (PID=1809) to work on /opt/airflow/dags/main.py
[2026-05-14T07:42:51.330+0000] {processor.py:830} INFO - Processing file /opt/airflow/dags/main.py for tasks to queue
[2026-05-14T07:42:51.333+0000] {logging_mixin.py:188} INFO - [2026-05-14T07:42:51.333+0000] {dagbag.py:545} INFO - Filling up the DagBag from /opt/airflow/dags/main.py
[2026-05-14T07:42:51.407+0000] {processor.py:840} INFO - DAG(s) 'produce_json' retrieved from /opt/airflow/dags/main.py
[2026-05-14T07:42:51.443+0000] {logging_mixin.py:188} INFO - [2026-05-14T07:42:51.442+0000] {dag.py:3096} INFO - Sync 1 DAGs
[2026-05-14T07:42:51.477+0000] {logging_mixin.py:188} INFO - [2026-05-14T07:42:51.477+0000] {dag.py:3954} INFO - Setting next_dagrun for produce_json to 2026-05-13 13:00:00+00:00, run_after=2026-05-14 13:00:00+00:00
[2026-05-14T07:42:51.524+0000] {processor.py:183} INFO - Processing /opt/airflow/dags/main.py took 0.204 seconds
[2026-05-14T07:43:21.710+0000] {processor.py:161} INFO - Started process (PID=1816) to work on /opt/airflow/dags/main.py
[2026-05-14T07:43:21.712+0000] {processor.py:830} INFO - Processing file /opt/airflow/dags/main.py for tasks to queue
[2026-05-14T07:43:21.714+0000] {logging_mixin.py:188} INFO - [2026-05-14T07:43:21.714+0000] {dagbag.py:545} INFO - Filling up the DagBag from /opt/airflow/dags/main.py
[2026-05-14T07:43:21.778+0000] {processor.py:840} INFO - DAG(s) 'produce_json' retrieved from /opt/airflow/dags/main.py
[2026-05-14T07:43:21.811+0000] {logging_mixin.py:188} INFO - [2026-05-14T07:43:21.811+0000] {dag.py:3096} INFO - Sync 1 DAGs
[2026-05-14T07:43:21.840+0000] {logging_mixin.py:188} INFO - [2026-05-14T07:43:21.840+0000] {dag.py:3954} INFO - Setting next_dagrun for produce_json to 2026-05-13 13:00:00+00:00, run_after=2026-05-14 13:00:00+00:00
[2026-05-14T07:43:21.914+0000] {processor.py:183} INFO - Processing /opt/airflow/dags/main.py took 0.211 seconds
[2026-05-14T07:43:52.125+0000] {processor.py:161} INFO - Started process (PID=1823) to work on /opt/airflow/dags/main.py
[2026-05-14T07:43:52.126+0000] {processor.py:830} INFO - Processing file /opt/airflow/dags/main.py for tasks to queue
[2026-05-14T07:43:52.129+0000] {logging_mixin.py:188} INFO - [2026-05-14T07:43:52.129+0000] {dagbag.py:545} INFO - Filling up the DagBag from /opt/airflow/dags/main.py
[2026-05-14T07:43:52.198+0000] {processor.py:840} INFO - DAG(s) 'produce_json' retrieved from /opt/airflow/dags/main.py
[2026-05-14T07:43:52.225+0000] {logging_mixin.py:188} INFO - [2026-05-14T07:43:52.224+0000] {dag.py:3096} INFO - Sync 1 DAGs
[2026-05-14T07:43:52.252+0000] {logging_mixin.py:188} INFO - [2026-05-14T07:43:52.252+0000] {dag.py:3954} INFO - Setting next_dagrun for produce_json to 2026-05-13 13:00:00+00:00, run_after=2026-05-14 13:00:00+00:00
[2026-05-14T07:43:52.324+0000] {processor.py:183} INFO - Processing /opt/airflow/dags/main.py took 0.207 seconds
[2026-05-14T07:44:22.584+0000] {processor.py:161} INFO - Started process (PID=1830) to work on /opt/airflow/dags/main.py
[2026-05-14T07:44:22.586+0000] {processor.py:830} INFO - Processing file /opt/airflow/dags/main.py for tasks to queue
[2026-05-14T07:44:22.589+0000] {logging_mixin.py:188} INFO - [2026-05-14T07:44:22.589+0000] {dagbag.py:545} INFO - Filling up the DagBag from /opt/airflow/dags/main.py
[2026-05-14T07:44:22.731+0000] {processor.py:840} INFO - DAG(s) 'produce_json' retrieved from /opt/airflow/dags/main.py
[2026-05-14T07:44:22.759+0000] {logging_mixin.py:188} INFO - [2026-05-14T07:44:22.759+0000] {dag.py:3096} INFO - Sync 1 DAGs
[2026-05-14T07:44:22.785+0000] {logging_mixin.py:188} INFO - [2026-05-14T07:44:22.785+0000] {dag.py:3954} INFO - Setting next_dagrun for produce_json to 2026-05-13 13:00:00+00:00, run_after=2026-05-14 13:00:00+00:00
[2026-05-14T07:44:22.859+0000] {processor.py:183} INFO - Processing /opt/airflow/dags/main.py took 0.287 seconds
[2026-05-14T07:44:52.959+0000] {processor.py:161} INFO - Started process (PID=1837) to work on /opt/airflow/dags/main.py
[2026-05-14T07:44:52.961+0000] {processor.py:830} INFO - Processing file /opt/airflow/dags/main.py for tasks to queue
[2026-05-14T07:44:52.963+0000] {logging_mixin.py:188} INFO - [2026-05-14T07:44:52.963+0000] {dagbag.py:545} INFO - Filling up the DagBag from /opt/airflow/dags/main.py
[2026-05-14T07:44:53.026+0000] {processor.py:840} INFO - DAG(s) 'produce_json' retrieved from /opt/airflow/dags/main.py
[2026-05-14T07:44:53.052+0000] {logging_mixin.py:188} INFO - [2026-05-14T07:44:53.051+0000] {dag.py:3096} INFO - Sync 1 DAGs
[2026-05-14T07:44:53.079+0000] {logging_mixin.py:188} INFO - [2026-05-14T07:44:53.078+0000] {dag.py:3954} INFO - Setting next_dagrun for produce_json to 2026-05-13 13:00:00+00:00, run_after=2026-05-14 13:00:00+00:00
[2026-05-14T07:44:53.155+0000] {processor.py:183} INFO - Processing /opt/airflow/dags/main.py took 0.203 seconds
[2026-05-14T07:45:23.514+0000] {processor.py:161} INFO - Started process (PID=1844) to work on /opt/airflow/dags/main.py
[2026-05-14T07:45:23.517+0000] {processor.py:830} INFO - Processing file /opt/airflow/dags/main.py for tasks to queue
[2026-05-14T07:45:23.522+0000] {logging_mixin.py:188} INFO - [2026-05-14T07:45:23.521+0000] {dagbag.py:545} INFO - Filling up the DagBag from /opt/airflow/dags/main.py
[2026-05-14T07:45:23.693+0000] {processor.py:840} INFO - DAG(s) 'produce_json' retrieved from /opt/airflow/dags/main.py
[2026-05-14T07:45:23.720+0000] {logging_mixin.py:188} INFO - [2026-05-14T07:45:23.719+0000] {dag.py:3096} INFO - Sync 1 DAGs
[2026-05-14T07:45:23.747+0000] {logging_mixin.py:188} INFO - [2026-05-14T07:45:23.746+0000] {dag.py:3954} INFO - Setting next_dagrun for produce_json to 2026-05-13 13:00:00+00:00, run_after=2026-05-14 13:00:00+00:00
[2026-05-14T07:45:23.820+0000] {processor.py:183} INFO - Processing /opt/airflow/dags/main.py took 0.313 seconds
[2026-05-14T07:45:54.178+0000] {processor.py:161} INFO - Started process (PID=1851) to work on /opt/airflow/dags/main.py
[2026-05-14T07:45:54.179+0000] {processor.py:830} INFO - Processing file /opt/airflow/dags/main.py for tasks to queue
[2026-05-14T07:45:54.182+0000] {logging_mixin.py:188} INFO - [2026-05-14T07:45:54.182+0000] {dagbag.py:545} INFO - Filling up the DagBag from /opt/airflow/dags/main.py
[2026-05-14T07:45:54.245+0000] {processor.py:840} INFO - DAG(s) 'produce_json' retrieved from /opt/airflow/dags/main.py
[2026-05-14T07:45:54.271+0000] {logging_mixin.py:188} INFO - [2026-05-14T07:45:54.271+0000] {dag.py:3096} INFO - Sync 1 DAGs
[2026-05-14T07:45:54.300+0000] {logging_mixin.py:188} INFO - [2026-05-14T07:45:54.300+0000] {dag.py:3954} INFO - Setting next_dagrun for produce_json to 2026-05-13 13:00:00+00:00, run_after=2026-05-14 13:00:00+00:00
[2026-05-14T07:45:54.371+0000] {processor.py:183} INFO - Processing /opt/airflow/dags/main.py took 0.201 seconds
[2026-05-14T07:46:24.510+0000] {processor.py:161} INFO - Started process (PID=1858) to work on /opt/airflow/dags/main.py
[2026-05-14T07:46:24.512+0000] {processor.py:830} INFO - Processing file /opt/airflow/dags/main.py for tasks to queue
[2026-05-14T07:46:24.517+0000] {logging_mixin.py:188} INFO - [2026-05-14T07:46:24.517+0000] {dagbag.py:545} INFO - Filling up the DagBag from /opt/airflow/dags/main.py
[2026-05-14T07:46:24.622+0000] {processor.py:840} INFO - DAG(s) 'produce_json' retrieved from /opt/airflow/dags/main.py
[2026-05-14T07:46:24.659+0000] {logging_mixin.py:188} INFO - [2026-05-14T07:46:24.659+0000] {dag.py:3096} INFO - Sync 1 DAGs
[2026-05-14T07:46:24.697+0000] {logging_mixin.py:188} INFO - [2026-05-14T07:46:24.696+0000] {dag.py:3954} INFO - Setting next_dagrun for produce_json to 2026-05-13 13:00:00+00:00, run_after=2026-05-14 13:00:00+00:00
[2026-05-14T07:46:24.765+0000] {processor.py:183} INFO - Processing /opt/airflow/dags/main.py took 0.267 seconds
[2026-05-14T07:46:55.051+0000] {processor.py:161} INFO - Started process (PID=1865) to work on /opt/airflow/dags/main.py
[2026-05-14T07:46:55.055+0000] {processor.py:830} INFO - Processing file /opt/airflow/dags/main.py for tasks to queue
[2026-05-14T07:46:55.058+0000] {logging_mixin.py:188} INFO - [2026-05-14T07:46:55.058+0000] {dagbag.py:545} INFO - Filling up the DagBag from /opt/airflow/dags/main.py
[2026-05-14T07:46:55.228+0000] {processor.py:840} INFO - DAG(s) 'produce_json' retrieved from /opt/airflow/dags/main.py
[2026-05-14T07:46:55.277+0000] {logging_mixin.py:188} INFO - [2026-05-14T07:46:55.276+0000] {dag.py:3096} INFO - Sync 1 DAGs
[2026-05-14T07:46:55.333+0000] {logging_mixin.py:188} INFO - [2026-05-14T07:46:55.332+0000] {dag.py:3954} INFO - Setting next_dagrun for produce_json to 2026-05-13 13:00:00+00:00, run_after=2026-05-14 13:00:00+00:00
[2026-05-14T07:46:55.389+0000] {processor.py:183} INFO - Processing /opt/airflow/dags/main.py took 0.355 seconds
[2026-05-14T07:47:25.629+0000] {processor.py:161} INFO - Started process (PID=1872) to work on /opt/airflow/dags/main.py
[2026-05-14T07:47:25.632+0000] {processor.py:830} INFO - Processing file /opt/airflow/dags/main.py for tasks to queue
[2026-05-14T07:47:25.637+0000] {logging_mixin.py:188} INFO - [2026-05-14T07:47:25.636+0000] {dagbag.py:545} INFO - Filling up the DagBag from /opt/airflow/dags/main.py
[2026-05-14T07:47:25.744+0000] {processor.py:840} INFO - DAG(s) 'produce_json' retrieved from /opt/airflow/dags/main.py
[2026-05-14T07:47:25.777+0000] {logging_mixin.py:188} INFO - [2026-05-14T07:47:25.776+0000] {dag.py:3096} INFO - Sync 1 DAGs
[2026-05-14T07:47:25.805+0000] {logging_mixin.py:188} INFO - [2026-05-14T07:47:25.805+0000] {dag.py:3954} INFO - Setting next_dagrun for produce_json to 2026-05-13 13:00:00+00:00, run_after=2026-05-14 13:00:00+00:00
[2026-05-14T07:47:25.891+0000] {processor.py:183} INFO - Processing /opt/airflow/dags/main.py took 0.282 seconds
[2026-05-14T09:33:07.458+0000] {processor.py:161} INFO - Started process (PID=1879) to work on /opt/airflow/dags/main.py
[2026-05-14T09:33:07.471+0000] {processor.py:830} INFO - Processing file /opt/airflow/dags/main.py for tasks to queue
[2026-05-14T09:33:07.479+0000] {logging_mixin.py:188} INFO - [2026-05-14T09:33:07.478+0000] {dagbag.py:545} INFO - Filling up the DagBag from /opt/airflow/dags/main.py
[2026-05-14T09:33:07.731+0000] {processor.py:840} INFO - DAG(s) 'produce_json' retrieved from /opt/airflow/dags/main.py
[2026-05-14T09:33:07.842+0000] {logging_mixin.py:188} INFO - [2026-05-14T09:33:07.841+0000] {dag.py:3096} INFO - Sync 1 DAGs
[2026-05-14T09:33:07.935+0000] {logging_mixin.py:188} INFO - [2026-05-14T09:33:07.934+0000] {dag.py:3954} INFO - Setting next_dagrun for produce_json to 2026-05-13 13:00:00+00:00, run_after=2026-05-14 13:00:00+00:00
[2026-05-14T09:33:07.980+0000] {processor.py:183} INFO - Processing /opt/airflow/dags/main.py took 0.546 seconds
[2026-05-14T09:33:38.252+0000] {processor.py:161} INFO - Started process (PID=1886) to work on /opt/airflow/dags/main.py
[2026-05-14T09:33:38.253+0000] {processor.py:830} INFO - Processing file /opt/airflow/dags/main.py for tasks to queue
[2026-05-14T09:33:38.256+0000] {logging_mixin.py:188} INFO - [2026-05-14T09:33:38.255+0000] {dagbag.py:545} INFO - Filling up the DagBag from /opt/airflow/dags/main.py
[2026-05-14T09:33:38.310+0000] {processor.py:840} INFO - DAG(s) 'produce_json' retrieved from /opt/airflow/dags/main.py
[2026-05-14T09:33:38.342+0000] {logging_mixin.py:188} INFO - [2026-05-14T09:33:38.342+0000] {dag.py:3096} INFO - Sync 1 DAGs
[2026-05-14T09:33:38.364+0000] {logging_mixin.py:188} INFO - [2026-05-14T09:33:38.364+0000] {dag.py:3954} INFO - Setting next_dagrun for produce_json to 2026-05-13 13:00:00+00:00, run_after=2026-05-14 13:00:00+00:00
[2026-05-14T09:33:38.421+0000] {processor.py:183} INFO - Processing /opt/airflow/dags/main.py took 0.177 seconds
[2026-05-14T11:34:11.745+0000] {processor.py:161} INFO - Started process (PID=54) to work on /opt/airflow/dags/main.py
[2026-05-14T11:34:11.747+0000] {processor.py:830} INFO - Processing file /opt/airflow/dags/main.py for tasks to queue
[2026-05-14T11:34:11.753+0000] {logging_mixin.py:188} INFO - [2026-05-14T11:34:11.753+0000] {dagbag.py:545} INFO - Filling up the DagBag from /opt/airflow/dags/main.py
[2026-05-14T11:34:11.896+0000] {processor.py:840} INFO - DAG(s) 'produce_json' retrieved from /opt/airflow/dags/main.py
[2026-05-14T11:34:11.986+0000] {logging_mixin.py:188} INFO - [2026-05-14T11:34:11.985+0000] {dag.py:3096} INFO - Sync 1 DAGs
[2026-05-14T11:34:12.040+0000] {logging_mixin.py:188} INFO - [2026-05-14T11:34:12.039+0000] {dag.py:3954} INFO - Setting next_dagrun for produce_json to 2026-05-13 13:00:00+00:00, run_after=2026-05-14 13:00:00+00:00
[2026-05-14T11:34:12.076+0000] {processor.py:183} INFO - Processing /opt/airflow/dags/main.py took 0.351 seconds
[2026-05-14T11:34:42.385+0000] {processor.py:161} INFO - Started process (PID=61) to work on /opt/airflow/dags/main.py
[2026-05-14T11:34:42.387+0000] {processor.py:830} INFO - Processing file /opt/airflow/dags/main.py for tasks to queue
[2026-05-14T11:34:42.390+0000] {logging_mixin.py:188} INFO - [2026-05-14T11:34:42.390+0000] {dagbag.py:545} INFO - Filling up the DagBag from /opt/airflow/dags/main.py
[2026-05-14T11:34:42.460+0000] {processor.py:840} INFO - DAG(s) 'produce_json' retrieved from /opt/airflow/dags/main.py
[2026-05-14T11:34:42.507+0000] {logging_mixin.py:188} INFO - [2026-05-14T11:34:42.506+0000] {dag.py:3096} INFO - Sync 1 DAGs
[2026-05-14T11:34:42.553+0000] {logging_mixin.py:188} INFO - [2026-05-14T11:34:42.552+0000] {dag.py:3954} INFO - Setting next_dagrun for produce_json to 2026-05-13 13:00:00+00:00, run_after=2026-05-14 13:00:00+00:00
[2026-05-14T11:34:42.588+0000] {processor.py:183} INFO - Processing /opt/airflow/dags/main.py took 0.213 seconds
[2026-05-14T11:35:12.664+0000] {processor.py:161} INFO - Started process (PID=68) to work on /opt/airflow/dags/main.py
[2026-05-14T11:35:12.666+0000] {processor.py:830} INFO - Processing file /opt/airflow/dags/main.py for tasks to queue
[2026-05-14T11:35:12.669+0000] {logging_mixin.py:188} INFO - [2026-05-14T11:35:12.669+0000] {dagbag.py:545} INFO - Filling up the DagBag from /opt/airflow/dags/main.py
[2026-05-14T11:35:12.739+0000] {processor.py:840} INFO - DAG(s) 'produce_json' retrieved from /opt/airflow/dags/main.py
[2026-05-14T11:35:12.769+0000] {logging_mixin.py:188} INFO - [2026-05-14T11:35:12.769+0000] {dag.py:3096} INFO - Sync 1 DAGs
[2026-05-14T11:35:12.800+0000] {logging_mixin.py:188} INFO - [2026-05-14T11:35:12.800+0000] {dag.py:3954} INFO - Setting next_dagrun for produce_json to 2026-05-13 13:00:00+00:00, run_after=2026-05-14 13:00:00+00:00
[2026-05-14T11:35:12.826+0000] {processor.py:183} INFO - Processing /opt/airflow/dags/main.py took 0.171 seconds
[2026-05-14T11:35:42.969+0000] {processor.py:161} INFO - Started process (PID=75) to work on /opt/airflow/dags/main.py
[2026-05-14T11:35:42.970+0000] {processor.py:830} INFO - Processing file /opt/airflow/dags/main.py for tasks to queue
[2026-05-14T11:35:42.973+0000] {logging_mixin.py:188} INFO - [2026-05-14T11:35:42.973+0000] {dagbag.py:545} INFO - Filling up the DagBag from /opt/airflow/dags/main.py
[2026-05-14T11:35:43.041+0000] {processor.py:840} INFO - DAG(s) 'produce_json' retrieved from /opt/airflow/dags/main.py
[2026-05-14T11:35:43.077+0000] {logging_mixin.py:188} INFO - [2026-05-14T11:35:43.076+0000] {dag.py:3096} INFO - Sync 1 DAGs
[2026-05-14T11:35:43.115+0000] {logging_mixin.py:188} INFO - [2026-05-14T11:35:43.115+0000] {dag.py:3954} INFO - Setting next_dagrun for produce_json to 2026-05-13 13:00:00+00:00, run_after=2026-05-14 13:00:00+00:00
[2026-05-14T11:35:43.141+0000] {processor.py:183} INFO - Processing /opt/airflow/dags/main.py took 0.184 seconds
[2026-05-14T11:36:13.388+0000] {processor.py:161} INFO - Started process (PID=82) to work on /opt/airflow/dags/main.py
[2026-05-14T11:36:13.389+0000] {processor.py:830} INFO - Processing file /opt/airflow/dags/main.py for tasks to queue
[2026-05-14T11:36:13.393+0000] {logging_mixin.py:188} INFO - [2026-05-14T11:36:13.392+0000] {dagbag.py:545} INFO - Filling up the DagBag from /opt/airflow/dags/main.py
[2026-05-14T11:36:13.478+0000] {processor.py:840} INFO - DAG(s) 'produce_json' retrieved from /opt/airflow/dags/main.py
[2026-05-14T11:36:13.512+0000] {logging_mixin.py:188} INFO - [2026-05-14T11:36:13.512+0000] {dag.py:3096} INFO - Sync 1 DAGs
[2026-05-14T11:36:13.545+0000] {logging_mixin.py:188} INFO - [2026-05-14T11:36:13.544+0000] {dag.py:3954} INFO - Setting next_dagrun for produce_json to 2026-05-13 13:00:00+00:00, run_after=2026-05-14 13:00:00+00:00
[2026-05-14T11:36:13.588+0000] {processor.py:183} INFO - Processing /opt/airflow/dags/main.py took 0.211 seconds
[2026-05-14T11:36:43.667+0000] {processor.py:161} INFO - Started process (PID=89) to work on /opt/airflow/dags/main.py
[2026-05-14T11:36:43.668+0000] {processor.py:830} INFO - Processing file /opt/airflow/dags/main.py for tasks to queue
[2026-05-14T11:36:43.672+0000] {logging_mixin.py:188} INFO - [2026-05-14T11:36:43.672+0000] {dagbag.py:545} INFO - Filling up the DagBag from /opt/airflow/dags/main.py
[2026-05-14T11:36:43.741+0000] {processor.py:840} INFO - DAG(s) 'produce_json' retrieved from /opt/airflow/dags/main.py
[2026-05-14T11:36:43.772+0000] {logging_mixin.py:188} INFO - [2026-05-14T11:36:43.771+0000] {dag.py:3096} INFO - Sync 1 DAGs
[2026-05-14T11:36:43.797+0000] {logging_mixin.py:188} INFO - [2026-05-14T11:36:43.797+0000] {dag.py:3954} INFO - Setting next_dagrun for produce_json to 2026-05-13 13:00:00+00:00, run_after=2026-05-14 13:00:00+00:00
[2026-05-14T11:36:43.826+0000] {processor.py:183} INFO - Processing /opt/airflow/dags/main.py took 0.168 seconds
[2026-05-14T11:37:13.990+0000] {processor.py:161} INFO - Started process (PID=96) to work on /opt/airflow/dags/main.py
[2026-05-14T11:37:13.992+0000] {processor.py:830} INFO - Processing file /opt/airflow/dags/main.py for tasks to queue
[2026-05-14T11:37:13.997+0000] {logging_mixin.py:188} INFO - [2026-05-14T11:37:13.997+0000] {dagbag.py:545} INFO - Filling up the DagBag from /opt/airflow/dags/main.py
[2026-05-14T11:37:14.134+0000] {processor.py:840} INFO - DAG(s) 'produce_json' retrieved from /opt/airflow/dags/main.py
[2026-05-14T11:37:14.190+0000] {logging_mixin.py:188} INFO - [2026-05-14T11:37:14.190+0000] {dag.py:3096} INFO - Sync 1 DAGs
[2026-05-14T11:37:14.251+0000] {logging_mixin.py:188} INFO - [2026-05-14T11:37:14.250+0000] {dag.py:3954} INFO - Setting next_dagrun for produce_json to 2026-05-13 13:00:00+00:00, run_after=2026-05-14 13:00:00+00:00
[2026-05-14T11:37:14.296+0000] {processor.py:183} INFO - Processing /opt/airflow/dags/main.py took 0.317 seconds
[2026-05-14T11:37:44.380+0000] {processor.py:161} INFO - Started process (PID=109) to work on /opt/airflow/dags/main.py
[2026-05-14T11:37:44.381+0000] {processor.py:830} INFO - Processing file /opt/airflow/dags/main.py for tasks to queue
[2026-05-14T11:37:44.384+0000] {logging_mixin.py:188} INFO - [2026-05-14T11:37:44.384+0000] {dagbag.py:545} INFO - Filling up the DagBag from /opt/airflow/dags/main.py
[2026-05-14T11:37:44.443+0000] {processor.py:840} INFO - DAG(s) 'produce_json' retrieved from /opt/airflow/dags/main.py
[2026-05-14T11:37:44.470+0000] {logging_mixin.py:188} INFO - [2026-05-14T11:37:44.470+0000] {dag.py:3096} INFO - Sync 1 DAGs
[2026-05-14T11:37:44.498+0000] {logging_mixin.py:188} INFO - [2026-05-14T11:37:44.498+0000] {dag.py:3954} INFO - Setting next_dagrun for produce_json to 2026-05-13 13:00:00+00:00, run_after=2026-05-14 13:00:00+00:00
[2026-05-14T11:37:44.524+0000] {processor.py:183} INFO - Processing /opt/airflow/dags/main.py took 0.153 seconds
[2026-05-14T11:38:14.668+0000] {processor.py:161} INFO - Started process (PID=116) to work on /opt/airflow/dags/main.py
[2026-05-14T11:38:14.670+0000] {processor.py:830} INFO - Processing file /opt/airflow/dags/main.py for tasks to queue
[2026-05-14T11:38:14.674+0000] {logging_mixin.py:188} INFO - [2026-05-14T11:38:14.673+0000] {dagbag.py:545} INFO - Filling up the DagBag from /opt/airflow/dags/main.py
[2026-05-14T11:38:14.739+0000] {processor.py:840} INFO - DAG(s) 'produce_json' retrieved from /opt/airflow/dags/main.py
[2026-05-14T11:38:14.764+0000] {logging_mixin.py:188} INFO - [2026-05-14T11:38:14.764+0000] {dag.py:3096} INFO - Sync 1 DAGs
[2026-05-14T11:38:14.790+0000] {logging_mixin.py:188} INFO - [2026-05-14T11:38:14.790+0000] {dag.py:3954} INFO - Setting next_dagrun for produce_json to 2026-05-13 13:00:00+00:00, run_after=2026-05-14 13:00:00+00:00
[2026-05-14T11:38:14.833+0000] {processor.py:183} INFO - Processing /opt/airflow/dags/main.py took 0.170 seconds
[2026-05-14T11:38:45.070+0000] {processor.py:161} INFO - Started process (PID=123) to work on /opt/airflow/dags/main.py
[2026-05-14T11:38:45.071+0000] {processor.py:830} INFO - Processing file /opt/airflow/dags/main.py for tasks to queue
[2026-05-14T11:38:45.074+0000] {logging_mixin.py:188} INFO - [2026-05-14T11:38:45.074+0000] {dagbag.py:545} INFO - Filling up the DagBag from /opt/airflow/dags/main.py
[2026-05-14T11:38:45.143+0000] {processor.py:840} INFO - DAG(s) 'produce_json' retrieved from /opt/airflow/dags/main.py
[2026-05-14T11:38:45.174+0000] {logging_mixin.py:188} INFO - [2026-05-14T11:38:45.174+0000] {dag.py:3096} INFO - Sync 1 DAGs
[2026-05-14T11:38:45.201+0000] {logging_mixin.py:188} INFO - [2026-05-14T11:38:45.201+0000] {dag.py:3954} INFO - Setting next_dagrun for produce_json to 2026-05-13 13:00:00+00:00, run_after=2026-05-14 13:00:00+00:00
[2026-05-14T11:38:45.236+0000] {processor.py:183} INFO - Processing /opt/airflow/dags/main.py took 0.173 seconds
[2026-05-14T11:39:15.368+0000] {processor.py:161} INFO - Started process (PID=130) to work on /opt/airflow/dags/main.py
[2026-05-14T11:39:15.369+0000] {processor.py:830} INFO - Processing file /opt/airflow/dags/main.py for tasks to queue
[2026-05-14T11:39:15.372+0000] {logging_mixin.py:188} INFO - [2026-05-14T11:39:15.372+0000] {dagbag.py:545} INFO - Filling up the DagBag from /opt/airflow/dags/main.py
[2026-05-14T11:39:15.434+0000] {processor.py:840} INFO - DAG(s) 'produce_json' retrieved from /opt/airflow/dags/main.py
[2026-05-14T11:39:15.460+0000] {logging_mixin.py:188} INFO - [2026-05-14T11:39:15.460+0000] {dag.py:3096} INFO - Sync 1 DAGs
[2026-05-14T11:39:15.484+0000] {logging_mixin.py:188} INFO - [2026-05-14T11:39:15.483+0000] {dag.py:3954} INFO - Setting next_dagrun for produce_json to 2026-05-13 13:00:00+00:00, run_after=2026-05-14 13:00:00+00:00
[2026-05-14T11:39:15.518+0000] {processor.py:183} INFO - Processing /opt/airflow/dags/main.py took 0.157 seconds
[2026-05-14T11:39:45.648+0000] {processor.py:161} INFO - Started process (PID=137) to work on /opt/airflow/dags/main.py
[2026-05-14T11:39:45.649+0000] {processor.py:830} INFO - Processing file /opt/airflow/dags/main.py for tasks to queue
[2026-05-14T11:39:45.652+0000] {logging_mixin.py:188} INFO - [2026-05-14T11:39:45.652+0000] {dagbag.py:545} INFO - Filling up the DagBag from /opt/airflow/dags/main.py
[2026-05-14T11:39:45.717+0000] {processor.py:840} INFO - DAG(s) 'produce_json' retrieved from /opt/airflow/dags/main.py
[2026-05-14T11:39:45.747+0000] {logging_mixin.py:188} INFO - [2026-05-14T11:39:45.746+0000] {dag.py:3096} INFO - Sync 1 DAGs
[2026-05-14T11:39:45.775+0000] {logging_mixin.py:188} INFO - [2026-05-14T11:39:45.775+0000] {dag.py:3954} INFO - Setting next_dagrun for produce_json to 2026-05-13 13:00:00+00:00, run_after=2026-05-14 13:00:00+00:00
[2026-05-14T11:39:45.798+0000] {processor.py:183} INFO - Processing /opt/airflow/dags/main.py took 0.158 seconds
[2026-05-14T11:40:16.066+0000] {processor.py:161} INFO - Started process (PID=145) to work on /opt/airflow/dags/main.py
[2026-05-14T11:40:16.068+0000] {processor.py:830} INFO - Processing file /opt/airflow/dags/main.py for tasks to queue
[2026-05-14T11:40:16.070+0000] {logging_mixin.py:188} INFO - [2026-05-14T11:40:16.070+0000] {dagbag.py:545} INFO - Filling up the DagBag from /opt/airflow/dags/main.py
[2026-05-14T11:40:16.127+0000] {processor.py:840} INFO - DAG(s) 'produce_json' retrieved from /opt/airflow/dags/main.py
[2026-05-14T11:40:16.150+0000] {logging_mixin.py:188} INFO - [2026-05-14T11:40:16.150+0000] {dag.py:3096} INFO - Sync 1 DAGs
[2026-05-14T11:40:16.173+0000] {logging_mixin.py:188} INFO - [2026-05-14T11:40:16.173+0000] {dag.py:3954} INFO - Setting next_dagrun for produce_json to 2026-05-13 13:00:00+00:00, run_after=2026-05-14 13:00:00+00:00
[2026-05-14T11:40:16.209+0000] {processor.py:183} INFO - Processing /opt/airflow/dags/main.py took 0.150 seconds
[2026-05-14T11:40:46.373+0000] {processor.py:161} INFO - Started process (PID=152) to work on /opt/airflow/dags/main.py
[2026-05-14T11:40:46.375+0000] {processor.py:830} INFO - Processing file /opt/airflow/dags/main.py for tasks to queue
[2026-05-14T11:40:46.381+0000] {logging_mixin.py:188} INFO - [2026-05-14T11:40:46.380+0000] {dagbag.py:545} INFO - Filling up the DagBag from /opt/airflow/dags/main.py
[2026-05-14T11:40:46.464+0000] {processor.py:840} INFO - DAG(s) 'produce_json' retrieved from /opt/airflow/dags/main.py
[2026-05-14T11:40:46.501+0000] {logging_mixin.py:188} INFO - [2026-05-14T11:40:46.501+0000] {dag.py:3096} INFO - Sync 1 DAGs
[2026-05-14T11:40:46.539+0000] {logging_mixin.py:188} INFO - [2026-05-14T11:40:46.539+0000] {dag.py:3954} INFO - Setting next_dagrun for produce_json to 2026-05-13 13:00:00+00:00, run_after=2026-05-14 13:00:00+00:00
[2026-05-14T11:40:46.584+0000] {processor.py:183} INFO - Processing /opt/airflow/dags/main.py took 0.224 seconds
[2026-05-14T11:41:16.779+0000] {processor.py:161} INFO - Started process (PID=159) to work on /opt/airflow/dags/main.py
[2026-05-14T11:41:16.781+0000] {processor.py:830} INFO - Processing file /opt/airflow/dags/main.py for tasks to queue
[2026-05-14T11:41:16.784+0000] {logging_mixin.py:188} INFO - [2026-05-14T11:41:16.784+0000] {dagbag.py:545} INFO - Filling up the DagBag from /opt/airflow/dags/main.py
[2026-05-14T11:41:16.869+0000] {processor.py:840} INFO - DAG(s) 'produce_json' retrieved from /opt/airflow/dags/main.py
[2026-05-14T11:41:16.899+0000] {logging_mixin.py:188} INFO - [2026-05-14T11:41:16.899+0000] {dag.py:3096} INFO - Sync 1 DAGs
[2026-05-14T11:41:16.933+0000] {logging_mixin.py:188} INFO - [2026-05-14T11:41:16.933+0000] {dag.py:3954} INFO - Setting next_dagrun for produce_json to 2026-05-13 13:00:00+00:00, run_after=2026-05-14 13:00:00+00:00
[2026-05-14T11:41:16.970+0000] {processor.py:183} INFO - Processing /opt/airflow/dags/main.py took 0.198 seconds
[2026-05-14T11:41:47.135+0000] {processor.py:161} INFO - Started process (PID=166) to work on /opt/airflow/dags/main.py
[2026-05-14T11:41:47.136+0000] {processor.py:830} INFO - Processing file /opt/airflow/dags/main.py for tasks to queue
[2026-05-14T11:41:47.139+0000] {logging_mixin.py:188} INFO - [2026-05-14T11:41:47.139+0000] {dagbag.py:545} INFO - Filling up the DagBag from /opt/airflow/dags/main.py
[2026-05-14T11:41:47.197+0000] {processor.py:840} INFO - DAG(s) 'produce_json' retrieved from /opt/airflow/dags/main.py
[2026-05-14T11:41:47.228+0000] {logging_mixin.py:188} INFO - [2026-05-14T11:41:47.228+0000] {dag.py:3096} INFO - Sync 1 DAGs
[2026-05-14T11:41:47.256+0000] {logging_mixin.py:188} INFO - [2026-05-14T11:41:47.255+0000] {dag.py:3954} INFO - Setting next_dagrun for produce_json to 2026-05-13 13:00:00+00:00, run_after=2026-05-14 13:00:00+00:00
[2026-05-14T11:41:47.293+0000] {processor.py:183} INFO - Processing /opt/airflow/dags/main.py took 0.165 seconds
[2026-05-14T11:42:17.536+0000] {processor.py:161} INFO - Started process (PID=173) to work on /opt/airflow/dags/main.py
[2026-05-14T11:42:17.538+0000] {processor.py:830} INFO - Processing file /opt/airflow/dags/main.py for tasks to queue
[2026-05-14T11:42:17.542+0000] {logging_mixin.py:188} INFO - [2026-05-14T11:42:17.541+0000] {dagbag.py:545} INFO - Filling up the DagBag from /opt/airflow/dags/main.py
[2026-05-14T11:42:17.605+0000] {processor.py:840} INFO - DAG(s) 'produce_json' retrieved from /opt/airflow/dags/main.py
[2026-05-14T11:42:17.632+0000] {logging_mixin.py:188} INFO - [2026-05-14T11:42:17.632+0000] {dag.py:3096} INFO - Sync 1 DAGs
[2026-05-14T11:42:17.658+0000] {logging_mixin.py:188} INFO - [2026-05-14T11:42:17.658+0000] {dag.py:3954} INFO - Setting next_dagrun for produce_json to 2026-05-13 13:00:00+00:00, run_after=2026-05-14 13:00:00+00:00
[2026-05-14T11:42:17.692+0000] {processor.py:183} INFO - Processing /opt/airflow/dags/main.py took 0.163 seconds
[2026-05-14T11:42:47.844+0000] {processor.py:161} INFO - Started process (PID=181) to work on /opt/airflow/dags/main.py
[2026-05-14T11:42:47.846+0000] {processor.py:830} INFO - Processing file /opt/airflow/dags/main.py for tasks to queue
[2026-05-14T11:42:47.849+0000] {logging_mixin.py:188} INFO - [2026-05-14T11:42:47.849+0000] {dagbag.py:545} INFO - Filling up the DagBag from /opt/airflow/dags/main.py
[2026-05-14T11:42:47.920+0000] {processor.py:840} INFO - DAG(s) 'produce_json' retrieved from /opt/airflow/dags/main.py
[2026-05-14T11:42:47.950+0000] {logging_mixin.py:188} INFO - [2026-05-14T11:42:47.950+0000] {dag.py:3096} INFO - Sync 1 DAGs
[2026-05-14T11:42:47.976+0000] {logging_mixin.py:188} INFO - [2026-05-14T11:42:47.975+0000] {dag.py:3954} INFO - Setting next_dagrun for produce_json to 2026-05-13 13:00:00+00:00, run_after=2026-05-14 13:00:00+00:00
[2026-05-14T11:42:48.011+0000] {processor.py:183} INFO - Processing /opt/airflow/dags/main.py took 0.175 seconds
[2026-05-14T11:43:18.240+0000] {processor.py:161} INFO - Started process (PID=188) to work on /opt/airflow/dags/main.py
[2026-05-14T11:43:18.241+0000] {processor.py:830} INFO - Processing file /opt/airflow/dags/main.py for tasks to queue
[2026-05-14T11:43:18.244+0000] {logging_mixin.py:188} INFO - [2026-05-14T11:43:18.243+0000] {dagbag.py:545} INFO - Filling up the DagBag from /opt/airflow/dags/main.py
[2026-05-14T11:43:18.311+0000] {processor.py:840} INFO - DAG(s) 'produce_json' retrieved from /opt/airflow/dags/main.py
[2026-05-14T11:43:18.341+0000] {logging_mixin.py:188} INFO - [2026-05-14T11:43:18.341+0000] {dag.py:3096} INFO - Sync 1 DAGs
[2026-05-14T11:43:18.367+0000] {logging_mixin.py:188} INFO - [2026-05-14T11:43:18.367+0000] {dag.py:3954} INFO - Setting next_dagrun for produce_json to 2026-05-13 13:00:00+00:00, run_after=2026-05-14 13:00:00+00:00
[2026-05-14T11:43:18.404+0000] {processor.py:183} INFO - Processing /opt/airflow/dags/main.py took 0.171 seconds
[2026-05-14T11:43:48.588+0000] {processor.py:161} INFO - Started process (PID=196) to work on /opt/airflow/dags/main.py
[2026-05-14T11:43:48.590+0000] {processor.py:830} INFO - Processing file /opt/airflow/dags/main.py for tasks to queue
[2026-05-14T11:43:48.593+0000] {logging_mixin.py:188} INFO - [2026-05-14T11:43:48.593+0000] {dagbag.py:545} INFO - Filling up the DagBag from /opt/airflow/dags/main.py
[2026-05-14T11:43:48.666+0000] {processor.py:840} INFO - DAG(s) 'produce_json' retrieved from /opt/airflow/dags/main.py
[2026-05-14T11:43:48.695+0000] {logging_mixin.py:188} INFO - [2026-05-14T11:43:48.695+0000] {dag.py:3096} INFO - Sync 1 DAGs
[2026-05-14T11:43:48.722+0000] {logging_mixin.py:188} INFO - [2026-05-14T11:43:48.722+0000] {dag.py:3954} INFO - Setting next_dagrun for produce_json to 2026-05-13 13:00:00+00:00, run_after=2026-05-14 13:00:00+00:00
[2026-05-14T11:43:48.752+0000] {processor.py:183} INFO - Processing /opt/airflow/dags/main.py took 0.170 seconds
[2026-05-14T11:44:19.086+0000] {processor.py:161} INFO - Started process (PID=203) to work on /opt/airflow/dags/main.py
[2026-05-14T11:44:19.088+0000] {processor.py:830} INFO - Processing file /opt/airflow/dags/main.py for tasks to queue
[2026-05-14T11:44:19.092+0000] {logging_mixin.py:188} INFO - [2026-05-14T11:44:19.091+0000] {dagbag.py:545} INFO - Filling up the DagBag from /opt/airflow/dags/main.py
[2026-05-14T11:44:19.163+0000] {processor.py:840} INFO - DAG(s) 'produce_json' retrieved from /opt/airflow/dags/main.py
[2026-05-14T11:44:19.191+0000] {logging_mixin.py:188} INFO - [2026-05-14T11:44:19.191+0000] {dag.py:3096} INFO - Sync 1 DAGs
[2026-05-14T11:44:19.219+0000] {logging_mixin.py:188} INFO - [2026-05-14T11:44:19.219+0000] {dag.py:3954} INFO - Setting next_dagrun for produce_json to 2026-05-13 13:00:00+00:00, run_after=2026-05-14 13:00:00+00:00
[2026-05-14T11:44:19.244+0000] {processor.py:183} INFO - Processing /opt/airflow/dags/main.py took 0.166 seconds
[2026-05-14T11:44:49.377+0000] {processor.py:161} INFO - Started process (PID=210) to work on /opt/airflow/dags/main.py
[2026-05-14T11:44:49.378+0000] {processor.py:830} INFO - Processing file /opt/airflow/dags/main.py for tasks to queue
[2026-05-14T11:44:49.381+0000] {logging_mixin.py:188} INFO - [2026-05-14T11:44:49.381+0000] {dagbag.py:545} INFO - Filling up the DagBag from /opt/airflow/dags/main.py
[2026-05-14T11:44:49.441+0000] {processor.py:840} INFO - DAG(s) 'produce_json' retrieved from /opt/airflow/dags/main.py
[2026-05-14T11:44:49.470+0000] {logging_mixin.py:188} INFO - [2026-05-14T11:44:49.469+0000] {dag.py:3096} INFO - Sync 1 DAGs
[2026-05-14T11:44:49.500+0000] {logging_mixin.py:188} INFO - [2026-05-14T11:44:49.499+0000] {dag.py:3954} INFO - Setting next_dagrun for produce_json to 2026-05-13 13:00:00+00:00, run_after=2026-05-14 13:00:00+00:00
[2026-05-14T11:44:49.540+0000] {processor.py:183} INFO - Processing /opt/airflow/dags/main.py took 0.169 seconds
[2026-05-14T11:45:19.797+0000] {processor.py:161} INFO - Started process (PID=217) to work on /opt/airflow/dags/main.py
[2026-05-14T11:45:19.799+0000] {processor.py:830} INFO - Processing file /opt/airflow/dags/main.py for tasks to queue
[2026-05-14T11:45:19.802+0000] {logging_mixin.py:188} INFO - [2026-05-14T11:45:19.801+0000] {dagbag.py:545} INFO - Filling up the DagBag from /opt/airflow/dags/main.py
[2026-05-14T11:45:19.897+0000] {processor.py:840} INFO - DAG(s) 'produce_json' retrieved from /opt/airflow/dags/main.py
[2026-05-14T11:45:19.944+0000] {logging_mixin.py:188} INFO - [2026-05-14T11:45:19.943+0000] {dag.py:3096} INFO - Sync 1 DAGs
[2026-05-14T11:45:19.986+0000] {logging_mixin.py:188} INFO - [2026-05-14T11:45:19.986+0000] {dag.py:3954} INFO - Setting next_dagrun for produce_json to 2026-05-13 13:00:00+00:00, run_after=2026-05-14 13:00:00+00:00
[2026-05-14T11:45:20.017+0000] {processor.py:183} INFO - Processing /opt/airflow/dags/main.py took 0.228 seconds
[2026-05-14T11:45:50.079+0000] {processor.py:161} INFO - Started process (PID=224) to work on /opt/airflow/dags/main.py
[2026-05-14T11:45:50.080+0000] {processor.py:830} INFO - Processing file /opt/airflow/dags/main.py for tasks to queue
[2026-05-14T11:45:50.083+0000] {logging_mixin.py:188} INFO - [2026-05-14T11:45:50.083+0000] {dagbag.py:545} INFO - Filling up the DagBag from /opt/airflow/dags/main.py
[2026-05-14T11:45:50.143+0000] {processor.py:840} INFO - DAG(s) 'produce_json' retrieved from /opt/airflow/dags/main.py
[2026-05-14T11:45:50.172+0000] {logging_mixin.py:188} INFO - [2026-05-14T11:45:50.172+0000] {dag.py:3096} INFO - Sync 1 DAGs
[2026-05-14T11:45:50.200+0000] {logging_mixin.py:188} INFO - [2026-05-14T11:45:50.200+0000] {dag.py:3954} INFO - Setting next_dagrun for produce_json to 2026-05-13 13:00:00+00:00, run_after=2026-05-14 13:00:00+00:00
[2026-05-14T11:45:50.238+0000] {processor.py:183} INFO - Processing /opt/airflow/dags/main.py took 0.167 seconds
[2026-05-14T11:46:20.357+0000] {processor.py:161} INFO - Started process (PID=231) to work on /opt/airflow/dags/main.py
[2026-05-14T11:46:20.359+0000] {processor.py:830} INFO - Processing file /opt/airflow/dags/main.py for tasks to queue
[2026-05-14T11:46:20.361+0000] {logging_mixin.py:188} INFO - [2026-05-14T11:46:20.361+0000] {dagbag.py:545} INFO - Filling up the DagBag from /opt/airflow/dags/main.py
[2026-05-14T11:46:20.425+0000] {processor.py:840} INFO - DAG(s) 'produce_json' retrieved from /opt/airflow/dags/main.py
[2026-05-14T11:46:20.455+0000] {logging_mixin.py:188} INFO - [2026-05-14T11:46:20.455+0000] {dag.py:3096} INFO - Sync 1 DAGs
[2026-05-14T11:46:20.484+0000] {logging_mixin.py:188} INFO - [2026-05-14T11:46:20.484+0000] {dag.py:3954} INFO - Setting next_dagrun for produce_json to 2026-05-13 13:00:00+00:00, run_after=2026-05-14 13:00:00+00:00
[2026-05-14T11:46:20.523+0000] {processor.py:183} INFO - Processing /opt/airflow/dags/main.py took 0.171 seconds
[2026-05-14T11:46:50.779+0000] {processor.py:161} INFO - Started process (PID=238) to work on /opt/airflow/dags/main.py
[2026-05-14T11:46:50.781+0000] {processor.py:830} INFO - Processing file /opt/airflow/dags/main.py for tasks to queue
[2026-05-14T11:46:50.783+0000] {logging_mixin.py:188} INFO - [2026-05-14T11:46:50.783+0000] {dagbag.py:545} INFO - Filling up the DagBag from /opt/airflow/dags/main.py
[2026-05-14T11:46:50.848+0000] {processor.py:840} INFO - DAG(s) 'produce_json' retrieved from /opt/airflow/dags/main.py
[2026-05-14T11:46:50.882+0000] {logging_mixin.py:188} INFO - [2026-05-14T11:46:50.881+0000] {dag.py:3096} INFO - Sync 1 DAGs
[2026-05-14T11:46:50.912+0000] {logging_mixin.py:188} INFO - [2026-05-14T11:46:50.912+0000] {dag.py:3954} INFO - Setting next_dagrun for produce_json to 2026-05-13 13:00:00+00:00, run_after=2026-05-14 13:00:00+00:00
[2026-05-14T11:46:50.939+0000] {processor.py:183} INFO - Processing /opt/airflow/dags/main.py took 0.167 seconds
[2026-05-14T11:47:21.072+0000] {processor.py:161} INFO - Started process (PID=245) to work on /opt/airflow/dags/main.py
[2026-05-14T11:47:21.074+0000] {processor.py:830} INFO - Processing file /opt/airflow/dags/main.py for tasks to queue
[2026-05-14T11:47:21.077+0000] {logging_mixin.py:188} INFO - [2026-05-14T11:47:21.076+0000] {dagbag.py:545} INFO - Filling up the DagBag from /opt/airflow/dags/main.py
[2026-05-14T11:47:21.129+0000] {processor.py:840} INFO - DAG(s) 'produce_json' retrieved from /opt/airflow/dags/main.py
[2026-05-14T11:47:21.165+0000] {logging_mixin.py:188} INFO - [2026-05-14T11:47:21.165+0000] {dag.py:3096} INFO - Sync 1 DAGs
[2026-05-14T11:47:21.207+0000] {logging_mixin.py:188} INFO - [2026-05-14T11:47:21.206+0000] {dag.py:3954} INFO - Setting next_dagrun for produce_json to 2026-05-13 13:00:00+00:00, run_after=2026-05-14 13:00:00+00:00
[2026-05-14T11:47:21.250+0000] {processor.py:183} INFO - Processing /opt/airflow/dags/main.py took 0.187 seconds
[2026-05-14T11:47:51.476+0000] {processor.py:161} INFO - Started process (PID=252) to work on /opt/airflow/dags/main.py
[2026-05-14T11:47:51.478+0000] {processor.py:830} INFO - Processing file /opt/airflow/dags/main.py for tasks to queue
[2026-05-14T11:47:51.482+0000] {logging_mixin.py:188} INFO - [2026-05-14T11:47:51.482+0000] {dagbag.py:545} INFO - Filling up the DagBag from /opt/airflow/dags/main.py
[2026-05-14T11:47:51.562+0000] {processor.py:840} INFO - DAG(s) 'produce_json' retrieved from /opt/airflow/dags/main.py
[2026-05-14T11:47:51.603+0000] {logging_mixin.py:188} INFO - [2026-05-14T11:47:51.603+0000] {dag.py:3096} INFO - Sync 1 DAGs
[2026-05-14T11:47:51.636+0000] {logging_mixin.py:188} INFO - [2026-05-14T11:47:51.636+0000] {dag.py:3954} INFO - Setting next_dagrun for produce_json to 2026-05-13 13:00:00+00:00, run_after=2026-05-14 13:00:00+00:00
[2026-05-14T11:47:51.665+0000] {processor.py:183} INFO - Processing /opt/airflow/dags/main.py took 0.208 seconds
[2026-05-14T11:48:21.817+0000] {processor.py:161} INFO - Started process (PID=259) to work on /opt/airflow/dags/main.py
[2026-05-14T11:48:21.818+0000] {processor.py:830} INFO - Processing file /opt/airflow/dags/main.py for tasks to queue
[2026-05-14T11:48:21.821+0000] {logging_mixin.py:188} INFO - [2026-05-14T11:48:21.821+0000] {dagbag.py:545} INFO - Filling up the DagBag from /opt/airflow/dags/main.py
[2026-05-14T11:48:21.896+0000] {processor.py:840} INFO - DAG(s) 'produce_json' retrieved from /opt/airflow/dags/main.py
[2026-05-14T11:48:21.933+0000] {logging_mixin.py:188} INFO - [2026-05-14T11:48:21.933+0000] {dag.py:3096} INFO - Sync 1 DAGs
[2026-05-14T11:48:21.969+0000] {logging_mixin.py:188} INFO - [2026-05-14T11:48:21.969+0000] {dag.py:3954} INFO - Setting next_dagrun for produce_json to 2026-05-13 13:00:00+00:00, run_after=2026-05-14 13:00:00+00:00
[2026-05-14T11:48:21.996+0000] {processor.py:183} INFO - Processing /opt/airflow/dags/main.py took 0.186 seconds
[2026-05-14T11:48:52.195+0000] {processor.py:161} INFO - Started process (PID=266) to work on /opt/airflow/dags/main.py
[2026-05-14T11:48:52.197+0000] {processor.py:830} INFO - Processing file /opt/airflow/dags/main.py for tasks to queue
[2026-05-14T11:48:52.200+0000] {logging_mixin.py:188} INFO - [2026-05-14T11:48:52.199+0000] {dagbag.py:545} INFO - Filling up the DagBag from /opt/airflow/dags/main.py
[2026-05-14T11:48:52.265+0000] {processor.py:840} INFO - DAG(s) 'produce_json' retrieved from /opt/airflow/dags/main.py
[2026-05-14T11:48:52.289+0000] {logging_mixin.py:188} INFO - [2026-05-14T11:48:52.289+0000] {dag.py:3096} INFO - Sync 1 DAGs
[2026-05-14T11:48:52.314+0000] {logging_mixin.py:188} INFO - [2026-05-14T11:48:52.313+0000] {dag.py:3954} INFO - Setting next_dagrun for produce_json to 2026-05-13 13:00:00+00:00, run_after=2026-05-14 13:00:00+00:00
[2026-05-14T11:48:52.340+0000] {processor.py:183} INFO - Processing /opt/airflow/dags/main.py took 0.152 seconds
[2026-05-14T11:49:22.601+0000] {processor.py:161} INFO - Started process (PID=273) to work on /opt/airflow/dags/main.py
[2026-05-14T11:49:22.602+0000] {processor.py:830} INFO - Processing file /opt/airflow/dags/main.py for tasks to queue
[2026-05-14T11:49:22.606+0000] {logging_mixin.py:188} INFO - [2026-05-14T11:49:22.605+0000] {dagbag.py:545} INFO - Filling up the DagBag from /opt/airflow/dags/main.py
[2026-05-14T11:49:22.679+0000] {processor.py:840} INFO - DAG(s) 'produce_json' retrieved from /opt/airflow/dags/main.py
[2026-05-14T11:49:22.710+0000] {logging_mixin.py:188} INFO - [2026-05-14T11:49:22.710+0000] {dag.py:3096} INFO - Sync 1 DAGs
[2026-05-14T11:49:22.739+0000] {logging_mixin.py:188} INFO - [2026-05-14T11:49:22.739+0000] {dag.py:3954} INFO - Setting next_dagrun for produce_json to 2026-05-13 13:00:00+00:00, run_after=2026-05-14 13:00:00+00:00
[2026-05-14T11:49:22.770+0000] {processor.py:183} INFO - Processing /opt/airflow/dags/main.py took 0.178 seconds
[2026-05-14T11:49:52.887+0000] {processor.py:161} INFO - Started process (PID=280) to work on /opt/airflow/dags/main.py
[2026-05-14T11:49:52.889+0000] {processor.py:830} INFO - Processing file /opt/airflow/dags/main.py for tasks to queue
[2026-05-14T11:49:52.891+0000] {logging_mixin.py:188} INFO - [2026-05-14T11:49:52.891+0000] {dagbag.py:545} INFO - Filling up the DagBag from /opt/airflow/dags/main.py
[2026-05-14T11:49:52.957+0000] {processor.py:840} INFO - DAG(s) 'produce_json' retrieved from /opt/airflow/dags/main.py
[2026-05-14T11:49:52.986+0000] {logging_mixin.py:188} INFO - [2026-05-14T11:49:52.985+0000] {dag.py:3096} INFO - Sync 1 DAGs
[2026-05-14T11:49:53.018+0000] {logging_mixin.py:188} INFO - [2026-05-14T11:49:53.017+0000] {dag.py:3954} INFO - Setting next_dagrun for produce_json to 2026-05-13 13:00:00+00:00, run_after=2026-05-14 13:00:00+00:00
[2026-05-14T11:49:53.043+0000] {processor.py:183} INFO - Processing /opt/airflow/dags/main.py took 0.163 seconds
[2026-05-14T11:50:23.194+0000] {processor.py:161} INFO - Started process (PID=287) to work on /opt/airflow/dags/main.py
[2026-05-14T11:50:23.196+0000] {processor.py:830} INFO - Processing file /opt/airflow/dags/main.py for tasks to queue
[2026-05-14T11:50:23.198+0000] {logging_mixin.py:188} INFO - [2026-05-14T11:50:23.197+0000] {dagbag.py:545} INFO - Filling up the DagBag from /opt/airflow/dags/main.py
[2026-05-14T11:50:23.294+0000] {processor.py:840} INFO - DAG(s) 'produce_json' retrieved from /opt/airflow/dags/main.py
[2026-05-14T11:50:23.330+0000] {logging_mixin.py:188} INFO - [2026-05-14T11:50:23.330+0000] {dag.py:3096} INFO - Sync 1 DAGs
[2026-05-14T11:50:23.362+0000] {logging_mixin.py:188} INFO - [2026-05-14T11:50:23.361+0000] {dag.py:3954} INFO - Setting next_dagrun for produce_json to 2026-05-13 13:00:00+00:00, run_after=2026-05-14 13:00:00+00:00
[2026-05-14T11:50:23.394+0000] {processor.py:183} INFO - Processing /opt/airflow/dags/main.py took 0.207 seconds
[2026-05-14T11:50:53.585+0000] {processor.py:161} INFO - Started process (PID=294) to work on /opt/airflow/dags/main.py
[2026-05-14T11:50:53.587+0000] {processor.py:830} INFO - Processing file /opt/airflow/dags/main.py for tasks to queue
[2026-05-14T11:50:53.590+0000] {logging_mixin.py:188} INFO - [2026-05-14T11:50:53.590+0000] {dagbag.py:545} INFO - Filling up the DagBag from /opt/airflow/dags/main.py
[2026-05-14T11:50:53.723+0000] {processor.py:840} INFO - DAG(s) 'produce_json' retrieved from /opt/airflow/dags/main.py
[2026-05-14T11:50:53.764+0000] {logging_mixin.py:188} INFO - [2026-05-14T11:50:53.764+0000] {dag.py:3096} INFO - Sync 1 DAGs
[2026-05-14T11:50:53.808+0000] {logging_mixin.py:188} INFO - [2026-05-14T11:50:53.807+0000] {dag.py:3954} INFO - Setting next_dagrun for produce_json to 2026-05-13 13:00:00+00:00, run_after=2026-05-14 13:00:00+00:00
[2026-05-14T11:50:53.841+0000] {processor.py:183} INFO - Processing /opt/airflow/dags/main.py took 0.262 seconds
[2026-05-14T11:51:23.992+0000] {processor.py:161} INFO - Started process (PID=301) to work on /opt/airflow/dags/main.py
[2026-05-14T11:51:23.994+0000] {processor.py:830} INFO - Processing file /opt/airflow/dags/main.py for tasks to queue
[2026-05-14T11:51:24.002+0000] {logging_mixin.py:188} INFO - [2026-05-14T11:51:24.000+0000] {dagbag.py:545} INFO - Filling up the DagBag from /opt/airflow/dags/main.py
[2026-05-14T11:51:24.173+0000] {processor.py:840} INFO - DAG(s) 'produce_json' retrieved from /opt/airflow/dags/main.py
[2026-05-14T11:51:24.236+0000] {logging_mixin.py:188} INFO - [2026-05-14T11:51:24.235+0000] {dag.py:3096} INFO - Sync 1 DAGs
[2026-05-14T11:51:24.291+0000] {logging_mixin.py:188} INFO - [2026-05-14T11:51:24.291+0000] {dag.py:3954} INFO - Setting next_dagrun for produce_json to 2026-05-13 13:00:00+00:00, run_after=2026-05-14 13:00:00+00:00
[2026-05-14T11:51:24.339+0000] {processor.py:183} INFO - Processing /opt/airflow/dags/main.py took 0.367 seconds
[2026-05-14T11:51:54.622+0000] {processor.py:161} INFO - Started process (PID=308) to work on /opt/airflow/dags/main.py
[2026-05-14T11:51:54.623+0000] {processor.py:830} INFO - Processing file /opt/airflow/dags/main.py for tasks to queue
[2026-05-14T11:51:54.626+0000] {logging_mixin.py:188} INFO - [2026-05-14T11:51:54.626+0000] {dagbag.py:545} INFO - Filling up the DagBag from /opt/airflow/dags/main.py
[2026-05-14T11:51:54.696+0000] {processor.py:840} INFO - DAG(s) 'produce_json' retrieved from /opt/airflow/dags/main.py
[2026-05-14T11:51:54.734+0000] {logging_mixin.py:188} INFO - [2026-05-14T11:51:54.733+0000] {dag.py:3096} INFO - Sync 1 DAGs
[2026-05-14T11:51:54.765+0000] {logging_mixin.py:188} INFO - [2026-05-14T11:51:54.765+0000] {dag.py:3954} INFO - Setting next_dagrun for produce_json to 2026-05-13 13:00:00+00:00, run_after=2026-05-14 13:00:00+00:00
[2026-05-14T11:51:54.793+0000] {processor.py:183} INFO - Processing /opt/airflow/dags/main.py took 0.180 seconds
[2026-05-14T11:52:24.864+0000] {processor.py:161} INFO - Started process (PID=315) to work on /opt/airflow/dags/main.py
[2026-05-14T11:52:24.865+0000] {processor.py:830} INFO - Processing file /opt/airflow/dags/main.py for tasks to queue
[2026-05-14T11:52:24.868+0000] {logging_mixin.py:188} INFO - [2026-05-14T11:52:24.867+0000] {dagbag.py:545} INFO - Filling up the DagBag from /opt/airflow/dags/main.py
[2026-05-14T11:52:24.929+0000] {processor.py:840} INFO - DAG(s) 'produce_json' retrieved from /opt/airflow/dags/main.py
[2026-05-14T11:52:24.964+0000] {logging_mixin.py:188} INFO - [2026-05-14T11:52:24.963+0000] {dag.py:3096} INFO - Sync 1 DAGs
[2026-05-14T11:52:24.997+0000] {logging_mixin.py:188} INFO - [2026-05-14T11:52:24.997+0000] {dag.py:3954} INFO - Setting next_dagrun for produce_json to 2026-05-13 13:00:00+00:00, run_after=2026-05-14 13:00:00+00:00
[2026-05-14T11:52:25.029+0000] {processor.py:183} INFO - Processing /opt/airflow/dags/main.py took 0.173 seconds
[2026-05-14T11:52:55.302+0000] {processor.py:161} INFO - Started process (PID=322) to work on /opt/airflow/dags/main.py
[2026-05-14T11:52:55.303+0000] {processor.py:830} INFO - Processing file /opt/airflow/dags/main.py for tasks to queue
[2026-05-14T11:52:55.306+0000] {logging_mixin.py:188} INFO - [2026-05-14T11:52:55.305+0000] {dagbag.py:545} INFO - Filling up the DagBag from /opt/airflow/dags/main.py
[2026-05-14T11:52:55.375+0000] {processor.py:840} INFO - DAG(s) 'produce_json' retrieved from /opt/airflow/dags/main.py
[2026-05-14T11:52:55.409+0000] {logging_mixin.py:188} INFO - [2026-05-14T11:52:55.408+0000] {dag.py:3096} INFO - Sync 1 DAGs
[2026-05-14T11:52:55.453+0000] {logging_mixin.py:188} INFO - [2026-05-14T11:52:55.453+0000] {dag.py:3954} INFO - Setting next_dagrun for produce_json to 2026-05-13 13:00:00+00:00, run_after=2026-05-14 13:00:00+00:00
[2026-05-14T11:52:55.492+0000] {processor.py:183} INFO - Processing /opt/airflow/dags/main.py took 0.197 seconds
[2026-05-14T11:53:25.547+0000] {processor.py:161} INFO - Started process (PID=329) to work on /opt/airflow/dags/main.py
[2026-05-14T11:53:25.548+0000] {processor.py:830} INFO - Processing file /opt/airflow/dags/main.py for tasks to queue
[2026-05-14T11:53:25.552+0000] {logging_mixin.py:188} INFO - [2026-05-14T11:53:25.551+0000] {dagbag.py:545} INFO - Filling up the DagBag from /opt/airflow/dags/main.py
[2026-05-14T11:53:25.622+0000] {processor.py:840} INFO - DAG(s) 'produce_json' retrieved from /opt/airflow/dags/main.py
[2026-05-14T11:53:25.658+0000] {logging_mixin.py:188} INFO - [2026-05-14T11:53:25.658+0000] {dag.py:3096} INFO - Sync 1 DAGs
[2026-05-14T11:53:25.687+0000] {logging_mixin.py:188} INFO - [2026-05-14T11:53:25.686+0000] {dag.py:3954} INFO - Setting next_dagrun for produce_json to 2026-05-13 13:00:00+00:00, run_after=2026-05-14 13:00:00+00:00
[2026-05-14T11:53:25.723+0000] {processor.py:183} INFO - Processing /opt/airflow/dags/main.py took 0.186 seconds
[2026-05-14T11:53:55.979+0000] {processor.py:161} INFO - Started process (PID=336) to work on /opt/airflow/dags/main.py
[2026-05-14T11:53:55.980+0000] {processor.py:830} INFO - Processing file /opt/airflow/dags/main.py for tasks to queue
[2026-05-14T11:53:55.983+0000] {logging_mixin.py:188} INFO - [2026-05-14T11:53:55.982+0000] {dagbag.py:545} INFO - Filling up the DagBag from /opt/airflow/dags/main.py
[2026-05-14T11:53:56.039+0000] {processor.py:840} INFO - DAG(s) 'produce_json' retrieved from /opt/airflow/dags/main.py
[2026-05-14T11:53:56.066+0000] {logging_mixin.py:188} INFO - [2026-05-14T11:53:56.066+0000] {dag.py:3096} INFO - Sync 1 DAGs
[2026-05-14T11:53:56.096+0000] {logging_mixin.py:188} INFO - [2026-05-14T11:53:56.096+0000] {dag.py:3954} INFO - Setting next_dagrun for produce_json to 2026-05-13 13:00:00+00:00, run_after=2026-05-14 13:00:00+00:00
[2026-05-14T11:53:56.134+0000] {processor.py:183} INFO - Processing /opt/airflow/dags/main.py took 0.162 seconds
[2026-05-14T11:54:26.355+0000] {processor.py:161} INFO - Started process (PID=343) to work on /opt/airflow/dags/main.py
[2026-05-14T11:54:26.357+0000] {processor.py:830} INFO - Processing file /opt/airflow/dags/main.py for tasks to queue
[2026-05-14T11:54:26.360+0000] {logging_mixin.py:188} INFO - [2026-05-14T11:54:26.359+0000] {dagbag.py:545} INFO - Filling up the DagBag from /opt/airflow/dags/main.py
[2026-05-14T11:54:26.426+0000] {processor.py:840} INFO - DAG(s) 'produce_json' retrieved from /opt/airflow/dags/main.py
[2026-05-14T11:54:26.454+0000] {logging_mixin.py:188} INFO - [2026-05-14T11:54:26.454+0000] {dag.py:3096} INFO - Sync 1 DAGs
[2026-05-14T11:54:26.482+0000] {logging_mixin.py:188} INFO - [2026-05-14T11:54:26.482+0000] {dag.py:3954} INFO - Setting next_dagrun for produce_json to 2026-05-13 13:00:00+00:00, run_after=2026-05-14 13:00:00+00:00
[2026-05-14T11:54:26.509+0000] {processor.py:183} INFO - Processing /opt/airflow/dags/main.py took 0.160 seconds
[2026-05-14T11:54:56.600+0000] {processor.py:161} INFO - Started process (PID=350) to work on /opt/airflow/dags/main.py
[2026-05-14T11:54:56.602+0000] {processor.py:830} INFO - Processing file /opt/airflow/dags/main.py for tasks to queue
[2026-05-14T11:54:56.607+0000] {logging_mixin.py:188} INFO - [2026-05-14T11:54:56.606+0000] {dagbag.py:545} INFO - Filling up the DagBag from /opt/airflow/dags/main.py
[2026-05-14T11:54:56.690+0000] {processor.py:840} INFO - DAG(s) 'produce_json' retrieved from /opt/airflow/dags/main.py
[2026-05-14T11:54:56.728+0000] {logging_mixin.py:188} INFO - [2026-05-14T11:54:56.728+0000] {dag.py:3096} INFO - Sync 1 DAGs
[2026-05-14T11:54:56.766+0000] {logging_mixin.py:188} INFO - [2026-05-14T11:54:56.765+0000] {dag.py:3954} INFO - Setting next_dagrun for produce_json to 2026-05-13 13:00:00+00:00, run_after=2026-05-14 13:00:00+00:00
[2026-05-14T11:54:56.806+0000] {processor.py:183} INFO - Processing /opt/airflow/dags/main.py took 0.219 seconds
[2026-05-14T11:55:27.025+0000] {processor.py:161} INFO - Started process (PID=357) to work on /opt/airflow/dags/main.py
[2026-05-14T11:55:27.026+0000] {processor.py:830} INFO - Processing file /opt/airflow/dags/main.py for tasks to queue
[2026-05-14T11:55:27.028+0000] {logging_mixin.py:188} INFO - [2026-05-14T11:55:27.028+0000] {dagbag.py:545} INFO - Filling up the DagBag from /opt/airflow/dags/main.py
[2026-05-14T11:55:27.091+0000] {processor.py:840} INFO - DAG(s) 'produce_json' retrieved from /opt/airflow/dags/main.py
[2026-05-14T11:55:27.122+0000] {logging_mixin.py:188} INFO - [2026-05-14T11:55:27.122+0000] {dag.py:3096} INFO - Sync 1 DAGs
[2026-05-14T11:55:27.156+0000] {logging_mixin.py:188} INFO - [2026-05-14T11:55:27.155+0000] {dag.py:3954} INFO - Setting next_dagrun for produce_json to 2026-05-13 13:00:00+00:00, run_after=2026-05-14 13:00:00+00:00
[2026-05-14T11:55:27.196+0000] {processor.py:183} INFO - Processing /opt/airflow/dags/main.py took 0.179 seconds
[2026-05-14T11:55:57.296+0000] {processor.py:161} INFO - Started process (PID=364) to work on /opt/airflow/dags/main.py
[2026-05-14T11:55:57.297+0000] {processor.py:830} INFO - Processing file /opt/airflow/dags/main.py for tasks to queue
[2026-05-14T11:55:57.300+0000] {logging_mixin.py:188} INFO - [2026-05-14T11:55:57.299+0000] {dagbag.py:545} INFO - Filling up the DagBag from /opt/airflow/dags/main.py
[2026-05-14T11:55:57.361+0000] {processor.py:840} INFO - DAG(s) 'produce_json' retrieved from /opt/airflow/dags/main.py
[2026-05-14T11:55:57.388+0000] {logging_mixin.py:188} INFO - [2026-05-14T11:55:57.387+0000] {dag.py:3096} INFO - Sync 1 DAGs
[2026-05-14T11:55:57.416+0000] {logging_mixin.py:188} INFO - [2026-05-14T11:55:57.416+0000] {dag.py:3954} INFO - Setting next_dagrun for produce_json to 2026-05-13 13:00:00+00:00, run_after=2026-05-14 13:00:00+00:00
[2026-05-14T11:55:57.454+0000] {processor.py:183} INFO - Processing /opt/airflow/dags/main.py took 0.166 seconds
[2026-05-14T11:56:27.715+0000] {processor.py:161} INFO - Started process (PID=371) to work on /opt/airflow/dags/main.py
[2026-05-14T11:56:27.716+0000] {processor.py:830} INFO - Processing file /opt/airflow/dags/main.py for tasks to queue
[2026-05-14T11:56:27.719+0000] {logging_mixin.py:188} INFO - [2026-05-14T11:56:27.718+0000] {dagbag.py:545} INFO - Filling up the DagBag from /opt/airflow/dags/main.py
[2026-05-14T11:56:27.786+0000] {processor.py:840} INFO - DAG(s) 'produce_json' retrieved from /opt/airflow/dags/main.py
[2026-05-14T11:56:27.818+0000] {logging_mixin.py:188} INFO - [2026-05-14T11:56:27.818+0000] {dag.py:3096} INFO - Sync 1 DAGs
[2026-05-14T11:56:27.852+0000] {logging_mixin.py:188} INFO - [2026-05-14T11:56:27.852+0000] {dag.py:3954} INFO - Setting next_dagrun for produce_json to 2026-05-13 13:00:00+00:00, run_after=2026-05-14 13:00:00+00:00
[2026-05-14T11:56:27.892+0000] {processor.py:183} INFO - Processing /opt/airflow/dags/main.py took 0.184 seconds
[2026-05-14T11:56:57.995+0000] {processor.py:161} INFO - Started process (PID=378) to work on /opt/airflow/dags/main.py
[2026-05-14T11:56:57.997+0000] {processor.py:830} INFO - Processing file /opt/airflow/dags/main.py for tasks to queue
[2026-05-14T11:56:58.000+0000] {logging_mixin.py:188} INFO - [2026-05-14T11:56:57.999+0000] {dagbag.py:545} INFO - Filling up the DagBag from /opt/airflow/dags/main.py
[2026-05-14T11:56:58.067+0000] {processor.py:840} INFO - DAG(s) 'produce_json' retrieved from /opt/airflow/dags/main.py
[2026-05-14T11:56:58.099+0000] {logging_mixin.py:188} INFO - [2026-05-14T11:56:58.099+0000] {dag.py:3096} INFO - Sync 1 DAGs
[2026-05-14T11:56:58.130+0000] {logging_mixin.py:188} INFO - [2026-05-14T11:56:58.130+0000] {dag.py:3954} INFO - Setting next_dagrun for produce_json to 2026-05-13 13:00:00+00:00, run_after=2026-05-14 13:00:00+00:00
[2026-05-14T11:56:58.160+0000] {processor.py:183} INFO - Processing /opt/airflow/dags/main.py took 0.172 seconds
[2026-05-14T11:57:28.379+0000] {processor.py:161} INFO - Started process (PID=385) to work on /opt/airflow/dags/main.py
[2026-05-14T11:57:28.380+0000] {processor.py:830} INFO - Processing file /opt/airflow/dags/main.py for tasks to queue
[2026-05-14T11:57:28.383+0000] {logging_mixin.py:188} INFO - [2026-05-14T11:57:28.383+0000] {dagbag.py:545} INFO - Filling up the DagBag from /opt/airflow/dags/main.py
[2026-05-14T11:57:28.445+0000] {processor.py:840} INFO - DAG(s) 'produce_json' retrieved from /opt/airflow/dags/main.py
[2026-05-14T11:57:28.475+0000] {logging_mixin.py:188} INFO - [2026-05-14T11:57:28.474+0000] {dag.py:3096} INFO - Sync 1 DAGs
[2026-05-14T11:57:28.507+0000] {logging_mixin.py:188} INFO - [2026-05-14T11:57:28.506+0000] {dag.py:3954} INFO - Setting next_dagrun for produce_json to 2026-05-13 13:00:00+00:00, run_after=2026-05-14 13:00:00+00:00
[2026-05-14T11:57:28.537+0000] {processor.py:183} INFO - Processing /opt/airflow/dags/main.py took 0.165 seconds
[2026-05-14T11:57:58.714+0000] {processor.py:161} INFO - Started process (PID=392) to work on /opt/airflow/dags/main.py
[2026-05-14T11:57:58.717+0000] {processor.py:830} INFO - Processing file /opt/airflow/dags/main.py for tasks to queue
[2026-05-14T11:57:58.722+0000] {logging_mixin.py:188} INFO - [2026-05-14T11:57:58.721+0000] {dagbag.py:545} INFO - Filling up the DagBag from /opt/airflow/dags/main.py
[2026-05-14T11:57:58.890+0000] {processor.py:840} INFO - DAG(s) 'produce_json' retrieved from /opt/airflow/dags/main.py
[2026-05-14T11:57:58.953+0000] {logging_mixin.py:188} INFO - [2026-05-14T11:57:58.953+0000] {dag.py:3096} INFO - Sync 1 DAGs
[2026-05-14T11:57:59.005+0000] {logging_mixin.py:188} INFO - [2026-05-14T11:57:59.005+0000] {dag.py:3954} INFO - Setting next_dagrun for produce_json to 2026-05-13 13:00:00+00:00, run_after=2026-05-14 13:00:00+00:00
[2026-05-14T11:57:59.051+0000] {processor.py:183} INFO - Processing /opt/airflow/dags/main.py took 0.349 seconds
[2026-05-14T11:58:29.351+0000] {processor.py:161} INFO - Started process (PID=400) to work on /opt/airflow/dags/main.py
[2026-05-14T11:58:29.354+0000] {processor.py:830} INFO - Processing file /opt/airflow/dags/main.py for tasks to queue
[2026-05-14T11:58:29.358+0000] {logging_mixin.py:188} INFO - [2026-05-14T11:58:29.357+0000] {dagbag.py:545} INFO - Filling up the DagBag from /opt/airflow/dags/main.py
[2026-05-14T11:58:29.445+0000] {processor.py:840} INFO - DAG(s) 'produce_json' retrieved from /opt/airflow/dags/main.py
[2026-05-14T11:58:29.478+0000] {logging_mixin.py:188} INFO - [2026-05-14T11:58:29.478+0000] {dag.py:3096} INFO - Sync 1 DAGs
[2026-05-14T11:58:29.519+0000] {logging_mixin.py:188} INFO - [2026-05-14T11:58:29.519+0000] {dag.py:3954} INFO - Setting next_dagrun for produce_json to 2026-05-13 13:00:00+00:00, run_after=2026-05-14 13:00:00+00:00
[2026-05-14T11:58:29.558+0000] {processor.py:183} INFO - Processing /opt/airflow/dags/main.py took 0.223 seconds
[2026-05-14T11:58:59.837+0000] {processor.py:161} INFO - Started process (PID=407) to work on /opt/airflow/dags/main.py
[2026-05-14T11:58:59.839+0000] {processor.py:830} INFO - Processing file /opt/airflow/dags/main.py for tasks to queue
[2026-05-14T11:58:59.842+0000] {logging_mixin.py:188} INFO - [2026-05-14T11:58:59.842+0000] {dagbag.py:545} INFO - Filling up the DagBag from /opt/airflow/dags/main.py
[2026-05-14T11:58:59.925+0000] {processor.py:840} INFO - DAG(s) 'produce_json' retrieved from /opt/airflow/dags/main.py
[2026-05-14T11:58:59.967+0000] {logging_mixin.py:188} INFO - [2026-05-14T11:58:59.967+0000] {dag.py:3096} INFO - Sync 1 DAGs
[2026-05-14T11:59:00.001+0000] {logging_mixin.py:188} INFO - [2026-05-14T11:59:00.001+0000] {dag.py:3954} INFO - Setting next_dagrun for produce_json to 2026-05-13 13:00:00+00:00, run_after=2026-05-14 13:00:00+00:00
[2026-05-14T11:59:00.037+0000] {processor.py:183} INFO - Processing /opt/airflow/dags/main.py took 0.209 seconds
[2026-05-14T11:59:30.485+0000] {processor.py:161} INFO - Started process (PID=414) to work on /opt/airflow/dags/main.py
[2026-05-14T11:59:30.487+0000] {processor.py:830} INFO - Processing file /opt/airflow/dags/main.py for tasks to queue
[2026-05-14T11:59:30.491+0000] {logging_mixin.py:188} INFO - [2026-05-14T11:59:30.490+0000] {dagbag.py:545} INFO - Filling up the DagBag from /opt/airflow/dags/main.py
[2026-05-14T11:59:30.599+0000] {processor.py:840} INFO - DAG(s) 'produce_json' retrieved from /opt/airflow/dags/main.py
[2026-05-14T11:59:30.638+0000] {logging_mixin.py:188} INFO - [2026-05-14T11:59:30.637+0000] {dag.py:3096} INFO - Sync 1 DAGs
[2026-05-14T11:59:30.670+0000] {logging_mixin.py:188} INFO - [2026-05-14T11:59:30.670+0000] {dag.py:3954} INFO - Setting next_dagrun for produce_json to 2026-05-13 13:00:00+00:00, run_after=2026-05-14 13:00:00+00:00
[2026-05-14T11:59:30.703+0000] {processor.py:183} INFO - Processing /opt/airflow/dags/main.py took 0.229 seconds
[2026-05-14T12:00:00.978+0000] {processor.py:161} INFO - Started process (PID=421) to work on /opt/airflow/dags/main.py
[2026-05-14T12:00:00.981+0000] {processor.py:830} INFO - Processing file /opt/airflow/dags/main.py for tasks to queue
[2026-05-14T12:00:00.985+0000] {logging_mixin.py:188} INFO - [2026-05-14T12:00:00.985+0000] {dagbag.py:545} INFO - Filling up the DagBag from /opt/airflow/dags/main.py
[2026-05-14T12:00:01.065+0000] {processor.py:840} INFO - DAG(s) 'produce_json' retrieved from /opt/airflow/dags/main.py
[2026-05-14T12:00:01.098+0000] {logging_mixin.py:188} INFO - [2026-05-14T12:00:01.098+0000] {dag.py:3096} INFO - Sync 1 DAGs
[2026-05-14T12:00:01.127+0000] {logging_mixin.py:188} INFO - [2026-05-14T12:00:01.127+0000] {dag.py:3954} INFO - Setting next_dagrun for produce_json to 2026-05-13 13:00:00+00:00, run_after=2026-05-14 13:00:00+00:00
[2026-05-14T12:00:01.156+0000] {processor.py:183} INFO - Processing /opt/airflow/dags/main.py took 0.190 seconds
[2026-05-14T12:00:31.229+0000] {processor.py:161} INFO - Started process (PID=428) to work on /opt/airflow/dags/main.py
[2026-05-14T12:00:31.230+0000] {processor.py:830} INFO - Processing file /opt/airflow/dags/main.py for tasks to queue
[2026-05-14T12:00:31.233+0000] {logging_mixin.py:188} INFO - [2026-05-14T12:00:31.233+0000] {dagbag.py:545} INFO - Filling up the DagBag from /opt/airflow/dags/main.py
[2026-05-14T12:00:31.298+0000] {processor.py:840} INFO - DAG(s) 'produce_json' retrieved from /opt/airflow/dags/main.py
[2026-05-14T12:00:31.332+0000] {logging_mixin.py:188} INFO - [2026-05-14T12:00:31.331+0000] {dag.py:3096} INFO - Sync 1 DAGs
[2026-05-14T12:00:31.365+0000] {logging_mixin.py:188} INFO - [2026-05-14T12:00:31.364+0000] {dag.py:3954} INFO - Setting next_dagrun for produce_json to 2026-05-13 13:00:00+00:00, run_after=2026-05-14 13:00:00+00:00
[2026-05-14T12:00:31.393+0000] {processor.py:183} INFO - Processing /opt/airflow/dags/main.py took 0.173 seconds
[2026-05-14T13:03:29.280+0000] {processor.py:161} INFO - Started process (PID=436) to work on /opt/airflow/dags/main.py
[2026-05-14T13:03:29.292+0000] {processor.py:830} INFO - Processing file /opt/airflow/dags/main.py for tasks to queue
[2026-05-14T13:03:29.310+0000] {logging_mixin.py:188} INFO - [2026-05-14T13:03:29.302+0000] {dagbag.py:545} INFO - Filling up the DagBag from /opt/airflow/dags/main.py
[2026-05-14T13:03:29.821+0000] {processor.py:840} INFO - DAG(s) 'produce_json' retrieved from /opt/airflow/dags/main.py
[2026-05-14T13:03:29.968+0000] {logging_mixin.py:188} INFO - [2026-05-14T13:03:29.967+0000] {dag.py:3096} INFO - Sync 1 DAGs
[2026-05-14T13:03:30.163+0000] {logging_mixin.py:188} INFO - [2026-05-14T13:03:30.162+0000] {dag.py:3954} INFO - Setting next_dagrun for produce_json to 2026-05-14 13:00:00+00:00, run_after=2026-05-15 13:00:00+00:00
[2026-05-14T13:03:30.278+0000] {processor.py:183} INFO - Processing /opt/airflow/dags/main.py took 1.040 seconds
[2026-05-14T13:04:00.559+0000] {processor.py:161} INFO - Started process (PID=443) to work on /opt/airflow/dags/main.py
[2026-05-14T13:04:00.561+0000] {processor.py:830} INFO - Processing file /opt/airflow/dags/main.py for tasks to queue
[2026-05-14T13:04:00.565+0000] {logging_mixin.py:188} INFO - [2026-05-14T13:04:00.565+0000] {dagbag.py:545} INFO - Filling up the DagBag from /opt/airflow/dags/main.py
[2026-05-14T13:04:00.655+0000] {processor.py:840} INFO - DAG(s) 'produce_json' retrieved from /opt/airflow/dags/main.py
[2026-05-14T13:04:00.685+0000] {logging_mixin.py:188} INFO - [2026-05-14T13:04:00.685+0000] {dag.py:3096} INFO - Sync 1 DAGs
[2026-05-14T13:04:00.721+0000] {logging_mixin.py:188} INFO - [2026-05-14T13:04:00.721+0000] {dag.py:3954} INFO - Setting next_dagrun for produce_json to 2026-05-14 13:00:00+00:00, run_after=2026-05-15 13:00:00+00:00
[2026-05-14T13:04:00.790+0000] {processor.py:183} INFO - Processing /opt/airflow/dags/main.py took 0.240 seconds
[2026-05-14T13:04:31.023+0000] {processor.py:161} INFO - Started process (PID=449) to work on /opt/airflow/dags/main.py
[2026-05-14T13:04:31.025+0000] {processor.py:830} INFO - Processing file /opt/airflow/dags/main.py for tasks to queue
[2026-05-14T13:04:31.030+0000] {logging_mixin.py:188} INFO - [2026-05-14T13:04:31.029+0000] {dagbag.py:545} INFO - Filling up the DagBag from /opt/airflow/dags/main.py
[2026-05-14T13:04:31.120+0000] {processor.py:840} INFO - DAG(s) 'produce_json' retrieved from /opt/airflow/dags/main.py
[2026-05-14T13:04:31.167+0000] {logging_mixin.py:188} INFO - [2026-05-14T13:04:31.166+0000] {dag.py:3096} INFO - Sync 1 DAGs
[2026-05-14T13:04:31.216+0000] {logging_mixin.py:188} INFO - [2026-05-14T13:04:31.215+0000] {dag.py:3954} INFO - Setting next_dagrun for produce_json to 2026-05-14 13:00:00+00:00, run_after=2026-05-15 13:00:00+00:00
[2026-05-14T13:04:31.281+0000] {processor.py:183} INFO - Processing /opt/airflow/dags/main.py took 0.267 seconds
[2026-05-14T13:05:01.551+0000] {processor.py:161} INFO - Started process (PID=456) to work on /opt/airflow/dags/main.py
[2026-05-14T13:05:01.553+0000] {processor.py:830} INFO - Processing file /opt/airflow/dags/main.py for tasks to queue
[2026-05-14T13:05:01.556+0000] {logging_mixin.py:188} INFO - [2026-05-14T13:05:01.555+0000] {dagbag.py:545} INFO - Filling up the DagBag from /opt/airflow/dags/main.py
[2026-05-14T13:05:01.647+0000] {processor.py:840} INFO - DAG(s) 'produce_json' retrieved from /opt/airflow/dags/main.py
[2026-05-14T13:05:01.687+0000] {logging_mixin.py:188} INFO - [2026-05-14T13:05:01.687+0000] {dag.py:3096} INFO - Sync 1 DAGs
[2026-05-14T13:05:01.733+0000] {logging_mixin.py:188} INFO - [2026-05-14T13:05:01.732+0000] {dag.py:3954} INFO - Setting next_dagrun for produce_json to 2026-05-14 13:00:00+00:00, run_after=2026-05-15 13:00:00+00:00
[2026-05-14T13:05:01.807+0000] {processor.py:183} INFO - Processing /opt/airflow/dags/main.py took 0.264 seconds
[2026-05-14T13:05:32.073+0000] {processor.py:161} INFO - Started process (PID=463) to work on /opt/airflow/dags/main.py
[2026-05-14T13:05:32.079+0000] {processor.py:830} INFO - Processing file /opt/airflow/dags/main.py for tasks to queue
[2026-05-14T13:05:32.086+0000] {logging_mixin.py:188} INFO - [2026-05-14T13:05:32.085+0000] {dagbag.py:545} INFO - Filling up the DagBag from /opt/airflow/dags/main.py
[2026-05-14T13:05:32.256+0000] {processor.py:840} INFO - DAG(s) 'produce_json' retrieved from /opt/airflow/dags/main.py
[2026-05-14T13:05:32.308+0000] {logging_mixin.py:188} INFO - [2026-05-14T13:05:32.307+0000] {dag.py:3096} INFO - Sync 1 DAGs
[2026-05-14T13:05:32.370+0000] {logging_mixin.py:188} INFO - [2026-05-14T13:05:32.370+0000] {dag.py:3954} INFO - Setting next_dagrun for produce_json to 2026-05-14 13:00:00+00:00, run_after=2026-05-15 13:00:00+00:00
[2026-05-14T13:05:32.416+0000] {processor.py:183} INFO - Processing /opt/airflow/dags/main.py took 0.380 seconds
[2026-05-14T13:06:02.499+0000] {processor.py:161} INFO - Started process (PID=470) to work on /opt/airflow/dags/main.py
[2026-05-14T13:06:02.504+0000] {processor.py:830} INFO - Processing file /opt/airflow/dags/main.py for tasks to queue
[2026-05-14T13:06:02.508+0000] {logging_mixin.py:188} INFO - [2026-05-14T13:06:02.507+0000] {dagbag.py:545} INFO - Filling up the DagBag from /opt/airflow/dags/main.py
[2026-05-14T13:06:02.586+0000] {processor.py:840} INFO - DAG(s) 'produce_json' retrieved from /opt/airflow/dags/main.py
[2026-05-14T13:06:02.616+0000] {logging_mixin.py:188} INFO - [2026-05-14T13:06:02.615+0000] {dag.py:3096} INFO - Sync 1 DAGs
[2026-05-14T13:06:02.649+0000] {logging_mixin.py:188} INFO - [2026-05-14T13:06:02.649+0000] {dag.py:3954} INFO - Setting next_dagrun for produce_json to 2026-05-14 13:00:00+00:00, run_after=2026-05-15 13:00:00+00:00
[2026-05-14T13:06:02.689+0000] {processor.py:183} INFO - Processing /opt/airflow/dags/main.py took 0.197 seconds
[2026-05-14T13:06:32.804+0000] {processor.py:161} INFO - Started process (PID=477) to work on /opt/airflow/dags/main.py
[2026-05-14T13:06:32.806+0000] {processor.py:830} INFO - Processing file /opt/airflow/dags/main.py for tasks to queue
[2026-05-14T13:06:32.808+0000] {logging_mixin.py:188} INFO - [2026-05-14T13:06:32.808+0000] {dagbag.py:545} INFO - Filling up the DagBag from /opt/airflow/dags/main.py
[2026-05-14T13:06:32.869+0000] {processor.py:840} INFO - DAG(s) 'produce_json' retrieved from /opt/airflow/dags/main.py
[2026-05-14T13:06:32.892+0000] {logging_mixin.py:188} INFO - [2026-05-14T13:06:32.892+0000] {dag.py:3096} INFO - Sync 1 DAGs
[2026-05-14T13:06:32.923+0000] {logging_mixin.py:188} INFO - [2026-05-14T13:06:32.922+0000] {dag.py:3954} INFO - Setting next_dagrun for produce_json to 2026-05-14 13:00:00+00:00, run_after=2026-05-15 13:00:00+00:00
[2026-05-14T13:06:32.997+0000] {processor.py:183} INFO - Processing /opt/airflow/dags/main.py took 0.200 seconds
[2026-05-14T13:07:03.333+0000] {processor.py:161} INFO - Started process (PID=484) to work on /opt/airflow/dags/main.py
[2026-05-14T13:07:03.335+0000] {processor.py:830} INFO - Processing file /opt/airflow/dags/main.py for tasks to queue
[2026-05-14T13:07:03.337+0000] {logging_mixin.py:188} INFO - [2026-05-14T13:07:03.337+0000] {dagbag.py:545} INFO - Filling up the DagBag from /opt/airflow/dags/main.py
[2026-05-14T13:07:03.424+0000] {processor.py:840} INFO - DAG(s) 'produce_json' retrieved from /opt/airflow/dags/main.py
[2026-05-14T13:07:03.458+0000] {logging_mixin.py:188} INFO - [2026-05-14T13:07:03.458+0000] {dag.py:3096} INFO - Sync 1 DAGs
[2026-05-14T13:07:03.495+0000] {logging_mixin.py:188} INFO - [2026-05-14T13:07:03.494+0000] {dag.py:3954} INFO - Setting next_dagrun for produce_json to 2026-05-14 13:00:00+00:00, run_after=2026-05-15 13:00:00+00:00
[2026-05-14T13:07:03.521+0000] {processor.py:183} INFO - Processing /opt/airflow/dags/main.py took 0.195 seconds
[2026-05-14T13:07:33.649+0000] {processor.py:161} INFO - Started process (PID=491) to work on /opt/airflow/dags/main.py
[2026-05-14T13:07:33.651+0000] {processor.py:830} INFO - Processing file /opt/airflow/dags/main.py for tasks to queue
[2026-05-14T13:07:33.653+0000] {logging_mixin.py:188} INFO - [2026-05-14T13:07:33.653+0000] {dagbag.py:545} INFO - Filling up the DagBag from /opt/airflow/dags/main.py
[2026-05-14T13:07:33.723+0000] {processor.py:840} INFO - DAG(s) 'produce_json' retrieved from /opt/airflow/dags/main.py
[2026-05-14T13:07:33.757+0000] {logging_mixin.py:188} INFO - [2026-05-14T13:07:33.756+0000] {dag.py:3096} INFO - Sync 1 DAGs
[2026-05-14T13:07:33.786+0000] {logging_mixin.py:188} INFO - [2026-05-14T13:07:33.786+0000] {dag.py:3954} INFO - Setting next_dagrun for produce_json to 2026-05-14 13:00:00+00:00, run_after=2026-05-15 13:00:00+00:00
[2026-05-14T13:07:33.859+0000] {processor.py:183} INFO - Processing /opt/airflow/dags/main.py took 0.218 seconds
[2026-05-14T13:08:04.164+0000] {processor.py:161} INFO - Started process (PID=498) to work on /opt/airflow/dags/main.py
[2026-05-14T13:08:04.167+0000] {processor.py:830} INFO - Processing file /opt/airflow/dags/main.py for tasks to queue
[2026-05-14T13:08:04.172+0000] {logging_mixin.py:188} INFO - [2026-05-14T13:08:04.172+0000] {dagbag.py:545} INFO - Filling up the DagBag from /opt/airflow/dags/main.py
[2026-05-14T13:08:04.279+0000] {processor.py:840} INFO - DAG(s) 'produce_json' retrieved from /opt/airflow/dags/main.py
[2026-05-14T13:08:04.331+0000] {logging_mixin.py:188} INFO - [2026-05-14T13:08:04.330+0000] {dag.py:3096} INFO - Sync 1 DAGs
[2026-05-14T13:08:04.387+0000] {logging_mixin.py:188} INFO - [2026-05-14T13:08:04.385+0000] {dag.py:3954} INFO - Setting next_dagrun for produce_json to 2026-05-14 13:00:00+00:00, run_after=2026-05-15 13:00:00+00:00
[2026-05-14T13:08:04.431+0000] {processor.py:183} INFO - Processing /opt/airflow/dags/main.py took 0.280 seconds
[2026-05-14T13:08:34.917+0000] {processor.py:161} INFO - Started process (PID=505) to work on /opt/airflow/dags/main.py
[2026-05-14T13:08:34.919+0000] {processor.py:830} INFO - Processing file /opt/airflow/dags/main.py for tasks to queue
[2026-05-14T13:08:34.925+0000] {logging_mixin.py:188} INFO - [2026-05-14T13:08:34.925+0000] {dagbag.py:545} INFO - Filling up the DagBag from /opt/airflow/dags/main.py
[2026-05-14T13:08:35.082+0000] {processor.py:840} INFO - DAG(s) 'produce_json' retrieved from /opt/airflow/dags/main.py
[2026-05-14T13:08:35.182+0000] {logging_mixin.py:188} INFO - [2026-05-14T13:08:35.175+0000] {dag.py:3096} INFO - Sync 1 DAGs
[2026-05-14T13:08:35.269+0000] {logging_mixin.py:188} INFO - [2026-05-14T13:08:35.268+0000] {dag.py:3954} INFO - Setting next_dagrun for produce_json to 2026-05-14 13:00:00+00:00, run_after=2026-05-15 13:00:00+00:00
[2026-05-14T13:08:35.423+0000] {processor.py:183} INFO - Processing /opt/airflow/dags/main.py took 0.515 seconds
[2026-05-14T13:09:05.754+0000] {processor.py:161} INFO - Started process (PID=512) to work on /opt/airflow/dags/main.py
[2026-05-14T13:09:05.755+0000] {processor.py:830} INFO - Processing file /opt/airflow/dags/main.py for tasks to queue
[2026-05-14T13:09:05.758+0000] {logging_mixin.py:188} INFO - [2026-05-14T13:09:05.757+0000] {dagbag.py:545} INFO - Filling up the DagBag from /opt/airflow/dags/main.py
[2026-05-14T13:09:05.820+0000] {processor.py:840} INFO - DAG(s) 'produce_json' retrieved from /opt/airflow/dags/main.py
[2026-05-14T13:09:05.847+0000] {logging_mixin.py:188} INFO - [2026-05-14T13:09:05.846+0000] {dag.py:3096} INFO - Sync 1 DAGs
[2026-05-14T13:09:05.872+0000] {logging_mixin.py:188} INFO - [2026-05-14T13:09:05.872+0000] {dag.py:3954} INFO - Setting next_dagrun for produce_json to 2026-05-14 13:00:00+00:00, run_after=2026-05-15 13:00:00+00:00
[2026-05-14T13:09:05.924+0000] {processor.py:183} INFO - Processing /opt/airflow/dags/main.py took 0.178 seconds
[2026-05-14T13:09:36.097+0000] {processor.py:161} INFO - Started process (PID=519) to work on /opt/airflow/dags/main.py
[2026-05-14T13:09:36.099+0000] {processor.py:830} INFO - Processing file /opt/airflow/dags/main.py for tasks to queue
[2026-05-14T13:09:36.101+0000] {logging_mixin.py:188} INFO - [2026-05-14T13:09:36.101+0000] {dagbag.py:545} INFO - Filling up the DagBag from /opt/airflow/dags/main.py
[2026-05-14T13:09:36.189+0000] {processor.py:840} INFO - DAG(s) 'produce_json' retrieved from /opt/airflow/dags/main.py
[2026-05-14T13:09:36.216+0000] {logging_mixin.py:188} INFO - [2026-05-14T13:09:36.215+0000] {dag.py:3096} INFO - Sync 1 DAGs
[2026-05-14T13:09:36.245+0000] {logging_mixin.py:188} INFO - [2026-05-14T13:09:36.245+0000] {dag.py:3954} INFO - Setting next_dagrun for produce_json to 2026-05-14 13:00:00+00:00, run_after=2026-05-15 13:00:00+00:00
[2026-05-14T13:09:36.284+0000] {processor.py:183} INFO - Processing /opt/airflow/dags/main.py took 0.196 seconds
[2026-05-14T13:10:06.558+0000] {processor.py:161} INFO - Started process (PID=526) to work on /opt/airflow/dags/main.py
[2026-05-14T13:10:06.560+0000] {processor.py:830} INFO - Processing file /opt/airflow/dags/main.py for tasks to queue
[2026-05-14T13:10:06.565+0000] {logging_mixin.py:188} INFO - [2026-05-14T13:10:06.564+0000] {dagbag.py:545} INFO - Filling up the DagBag from /opt/airflow/dags/main.py
[2026-05-14T13:10:06.653+0000] {processor.py:840} INFO - DAG(s) 'produce_json' retrieved from /opt/airflow/dags/main.py
[2026-05-14T13:10:06.686+0000] {logging_mixin.py:188} INFO - [2026-05-14T13:10:06.686+0000] {dag.py:3096} INFO - Sync 1 DAGs
[2026-05-14T13:10:06.719+0000] {logging_mixin.py:188} INFO - [2026-05-14T13:10:06.719+0000] {dag.py:3954} INFO - Setting next_dagrun for produce_json to 2026-05-14 13:00:00+00:00, run_after=2026-05-15 13:00:00+00:00
[2026-05-14T13:10:06.802+0000] {processor.py:183} INFO - Processing /opt/airflow/dags/main.py took 0.253 seconds
[2026-05-14T13:10:36.885+0000] {processor.py:161} INFO - Started process (PID=533) to work on /opt/airflow/dags/main.py
[2026-05-14T13:10:36.887+0000] {processor.py:830} INFO - Processing file /opt/airflow/dags/main.py for tasks to queue
[2026-05-14T13:10:36.889+0000] {logging_mixin.py:188} INFO - [2026-05-14T13:10:36.889+0000] {dagbag.py:545} INFO - Filling up the DagBag from /opt/airflow/dags/main.py
[2026-05-14T13:10:36.969+0000] {processor.py:840} INFO - DAG(s) 'produce_json' retrieved from /opt/airflow/dags/main.py
[2026-05-14T13:10:37.002+0000] {logging_mixin.py:188} INFO - [2026-05-14T13:10:37.002+0000] {dag.py:3096} INFO - Sync 1 DAGs
[2026-05-14T13:10:37.040+0000] {logging_mixin.py:188} INFO - [2026-05-14T13:10:37.040+0000] {dag.py:3954} INFO - Setting next_dagrun for produce_json to 2026-05-14 13:00:00+00:00, run_after=2026-05-15 13:00:00+00:00
[2026-05-14T13:10:37.077+0000] {processor.py:183} INFO - Processing /opt/airflow/dags/main.py took 0.199 seconds
[2026-05-14T13:11:07.470+0000] {processor.py:161} INFO - Started process (PID=539) to work on /opt/airflow/dags/main.py
[2026-05-14T13:11:07.475+0000] {processor.py:830} INFO - Processing file /opt/airflow/dags/main.py for tasks to queue
[2026-05-14T13:11:07.484+0000] {logging_mixin.py:188} INFO - [2026-05-14T13:11:07.483+0000] {dagbag.py:545} INFO - Filling up the DagBag from /opt/airflow/dags/main.py
[2026-05-14T13:11:07.601+0000] {processor.py:840} INFO - DAG(s) 'produce_json' retrieved from /opt/airflow/dags/main.py
[2026-05-14T13:11:07.636+0000] {logging_mixin.py:188} INFO - [2026-05-14T13:11:07.635+0000] {dag.py:3096} INFO - Sync 1 DAGs
[2026-05-14T13:11:07.674+0000] {logging_mixin.py:188} INFO - [2026-05-14T13:11:07.674+0000] {dag.py:3954} INFO - Setting next_dagrun for produce_json to 2026-05-14 13:00:00+00:00, run_after=2026-05-15 13:00:00+00:00
[2026-05-14T13:11:07.704+0000] {processor.py:183} INFO - Processing /opt/airflow/dags/main.py took 0.246 seconds
[2026-05-14T13:11:37.808+0000] {processor.py:161} INFO - Started process (PID=547) to work on /opt/airflow/dags/main.py
[2026-05-14T13:11:37.811+0000] {processor.py:830} INFO - Processing file /opt/airflow/dags/main.py for tasks to queue
[2026-05-14T13:11:37.816+0000] {logging_mixin.py:188} INFO - [2026-05-14T13:11:37.815+0000] {dagbag.py:545} INFO - Filling up the DagBag from /opt/airflow/dags/main.py
[2026-05-14T13:11:37.917+0000] {processor.py:840} INFO - DAG(s) 'produce_json' retrieved from /opt/airflow/dags/main.py
[2026-05-14T13:11:37.949+0000] {logging_mixin.py:188} INFO - [2026-05-14T13:11:37.949+0000] {dag.py:3096} INFO - Sync 1 DAGs
[2026-05-14T13:11:37.989+0000] {logging_mixin.py:188} INFO - [2026-05-14T13:11:37.988+0000] {dag.py:3954} INFO - Setting next_dagrun for produce_json to 2026-05-14 13:00:00+00:00, run_after=2026-05-15 13:00:00+00:00
[2026-05-14T13:11:38.032+0000] {processor.py:183} INFO - Processing /opt/airflow/dags/main.py took 0.233 seconds
[2026-05-14T13:12:08.320+0000] {processor.py:161} INFO - Started process (PID=555) to work on /opt/airflow/dags/main.py
[2026-05-14T13:12:08.322+0000] {processor.py:830} INFO - Processing file /opt/airflow/dags/main.py for tasks to queue
[2026-05-14T13:12:08.326+0000] {logging_mixin.py:188} INFO - [2026-05-14T13:12:08.325+0000] {dagbag.py:545} INFO - Filling up the DagBag from /opt/airflow/dags/main.py
[2026-05-14T13:12:08.419+0000] {processor.py:840} INFO - DAG(s) 'produce_json' retrieved from /opt/airflow/dags/main.py
[2026-05-14T13:12:08.454+0000] {logging_mixin.py:188} INFO - [2026-05-14T13:12:08.453+0000] {dag.py:3096} INFO - Sync 1 DAGs
[2026-05-14T13:12:08.494+0000] {logging_mixin.py:188} INFO - [2026-05-14T13:12:08.494+0000] {dag.py:3954} INFO - Setting next_dagrun for produce_json to 2026-05-14 13:00:00+00:00, run_after=2026-05-15 13:00:00+00:00
[2026-05-14T13:12:08.554+0000] {processor.py:183} INFO - Processing /opt/airflow/dags/main.py took 0.245 seconds
[2026-05-14T13:12:38.641+0000] {processor.py:161} INFO - Started process (PID=562) to work on /opt/airflow/dags/main.py
[2026-05-14T13:12:38.643+0000] {processor.py:830} INFO - Processing file /opt/airflow/dags/main.py for tasks to queue
[2026-05-14T13:12:38.645+0000] {logging_mixin.py:188} INFO - [2026-05-14T13:12:38.645+0000] {dagbag.py:545} INFO - Filling up the DagBag from /opt/airflow/dags/main.py
[2026-05-14T13:12:38.711+0000] {processor.py:840} INFO - DAG(s) 'produce_json' retrieved from /opt/airflow/dags/main.py
[2026-05-14T13:12:38.737+0000] {logging_mixin.py:188} INFO - [2026-05-14T13:12:38.737+0000] {dag.py:3096} INFO - Sync 1 DAGs
[2026-05-14T13:12:38.767+0000] {logging_mixin.py:188} INFO - [2026-05-14T13:12:38.767+0000] {dag.py:3954} INFO - Setting next_dagrun for produce_json to 2026-05-14 13:00:00+00:00, run_after=2026-05-15 13:00:00+00:00
[2026-05-14T13:12:38.812+0000] {processor.py:183} INFO - Processing /opt/airflow/dags/main.py took 0.179 seconds
[2026-05-14T13:13:08.981+0000] {processor.py:161} INFO - Started process (PID=569) to work on /opt/airflow/dags/main.py
[2026-05-14T13:13:08.985+0000] {processor.py:830} INFO - Processing file /opt/airflow/dags/main.py for tasks to queue
[2026-05-14T13:13:08.991+0000] {logging_mixin.py:188} INFO - [2026-05-14T13:13:08.990+0000] {dagbag.py:545} INFO - Filling up the DagBag from /opt/airflow/dags/main.py
[2026-05-14T13:13:09.103+0000] {processor.py:840} INFO - DAG(s) 'produce_json' retrieved from /opt/airflow/dags/main.py
[2026-05-14T13:13:09.137+0000] {logging_mixin.py:188} INFO - [2026-05-14T13:13:09.137+0000] {dag.py:3096} INFO - Sync 1 DAGs
[2026-05-14T13:13:09.176+0000] {logging_mixin.py:188} INFO - [2026-05-14T13:13:09.175+0000] {dag.py:3954} INFO - Setting next_dagrun for produce_json to 2026-05-14 13:00:00+00:00, run_after=2026-05-15 13:00:00+00:00
[2026-05-14T13:13:09.257+0000] {processor.py:183} INFO - Processing /opt/airflow/dags/main.py took 0.291 seconds
[2026-05-14T13:13:39.424+0000] {processor.py:161} INFO - Started process (PID=576) to work on /opt/airflow/dags/main.py
[2026-05-14T13:13:39.427+0000] {processor.py:830} INFO - Processing file /opt/airflow/dags/main.py for tasks to queue
[2026-05-14T13:13:39.432+0000] {logging_mixin.py:188} INFO - [2026-05-14T13:13:39.431+0000] {dagbag.py:545} INFO - Filling up the DagBag from /opt/airflow/dags/main.py
[2026-05-14T13:13:39.572+0000] {processor.py:840} INFO - DAG(s) 'produce_json' retrieved from /opt/airflow/dags/main.py
[2026-05-14T13:13:39.643+0000] {logging_mixin.py:188} INFO - [2026-05-14T13:13:39.642+0000] {dag.py:3096} INFO - Sync 1 DAGs
[2026-05-14T13:13:39.692+0000] {logging_mixin.py:188} INFO - [2026-05-14T13:13:39.691+0000] {dag.py:3954} INFO - Setting next_dagrun for produce_json to 2026-05-14 13:00:00+00:00, run_after=2026-05-15 13:00:00+00:00
[2026-05-14T13:13:39.777+0000] {processor.py:183} INFO - Processing /opt/airflow/dags/main.py took 0.374 seconds
[2026-05-14T13:14:10.130+0000] {processor.py:161} INFO - Started process (PID=583) to work on /opt/airflow/dags/main.py
[2026-05-14T13:14:10.132+0000] {processor.py:830} INFO - Processing file /opt/airflow/dags/main.py for tasks to queue
[2026-05-14T13:14:10.136+0000] {logging_mixin.py:188} INFO - [2026-05-14T13:14:10.136+0000] {dagbag.py:545} INFO - Filling up the DagBag from /opt/airflow/dags/main.py
[2026-05-14T13:14:10.239+0000] {processor.py:840} INFO - DAG(s) 'produce_json' retrieved from /opt/airflow/dags/main.py
[2026-05-14T13:14:10.272+0000] {logging_mixin.py:188} INFO - [2026-05-14T13:14:10.272+0000] {dag.py:3096} INFO - Sync 1 DAGs
[2026-05-14T13:14:10.305+0000] {logging_mixin.py:188} INFO - [2026-05-14T13:14:10.305+0000] {dag.py:3954} INFO - Setting next_dagrun for produce_json to 2026-05-14 13:00:00+00:00, run_after=2026-05-15 13:00:00+00:00
[2026-05-14T13:14:10.375+0000] {processor.py:183} INFO - Processing /opt/airflow/dags/main.py took 0.256 seconds
[2026-05-14T13:14:40.462+0000] {processor.py:161} INFO - Started process (PID=590) to work on /opt/airflow/dags/main.py
[2026-05-14T13:14:40.464+0000] {processor.py:830} INFO - Processing file /opt/airflow/dags/main.py for tasks to queue
[2026-05-14T13:14:40.467+0000] {logging_mixin.py:188} INFO - [2026-05-14T13:14:40.467+0000] {dagbag.py:545} INFO - Filling up the DagBag from /opt/airflow/dags/main.py
[2026-05-14T13:14:40.536+0000] {processor.py:840} INFO - DAG(s) 'produce_json' retrieved from /opt/airflow/dags/main.py
[2026-05-14T13:14:40.573+0000] {logging_mixin.py:188} INFO - [2026-05-14T13:14:40.573+0000] {dag.py:3096} INFO - Sync 1 DAGs
[2026-05-14T13:14:40.603+0000] {logging_mixin.py:188} INFO - [2026-05-14T13:14:40.602+0000] {dag.py:3954} INFO - Setting next_dagrun for produce_json to 2026-05-14 13:00:00+00:00, run_after=2026-05-15 13:00:00+00:00
[2026-05-14T13:14:40.629+0000] {processor.py:183} INFO - Processing /opt/airflow/dags/main.py took 0.174 seconds
[2026-05-14T13:15:11.002+0000] {processor.py:161} INFO - Started process (PID=597) to work on /opt/airflow/dags/main.py
[2026-05-14T13:15:11.004+0000] {processor.py:830} INFO - Processing file /opt/airflow/dags/main.py for tasks to queue
[2026-05-14T13:15:11.007+0000] {logging_mixin.py:188} INFO - [2026-05-14T13:15:11.007+0000] {dagbag.py:545} INFO - Filling up the DagBag from /opt/airflow/dags/main.py
[2026-05-14T13:15:11.081+0000] {processor.py:840} INFO - DAG(s) 'produce_json' retrieved from /opt/airflow/dags/main.py
[2026-05-14T13:15:11.109+0000] {logging_mixin.py:188} INFO - [2026-05-14T13:15:11.109+0000] {dag.py:3096} INFO - Sync 1 DAGs
[2026-05-14T13:15:11.137+0000] {logging_mixin.py:188} INFO - [2026-05-14T13:15:11.137+0000] {dag.py:3954} INFO - Setting next_dagrun for produce_json to 2026-05-14 13:00:00+00:00, run_after=2026-05-15 13:00:00+00:00
[2026-05-14T13:15:11.201+0000] {processor.py:183} INFO - Processing /opt/airflow/dags/main.py took 0.207 seconds
[2026-05-14T13:15:41.328+0000] {processor.py:161} INFO - Started process (PID=604) to work on /opt/airflow/dags/main.py
[2026-05-14T13:15:41.330+0000] {processor.py:830} INFO - Processing file /opt/airflow/dags/main.py for tasks to queue
[2026-05-14T13:15:41.333+0000] {logging_mixin.py:188} INFO - [2026-05-14T13:15:41.332+0000] {dagbag.py:545} INFO - Filling up the DagBag from /opt/airflow/dags/main.py
[2026-05-14T13:15:41.395+0000] {processor.py:840} INFO - DAG(s) 'produce_json' retrieved from /opt/airflow/dags/main.py
[2026-05-14T13:15:41.428+0000] {logging_mixin.py:188} INFO - [2026-05-14T13:15:41.428+0000] {dag.py:3096} INFO - Sync 1 DAGs
[2026-05-14T13:15:41.458+0000] {logging_mixin.py:188} INFO - [2026-05-14T13:15:41.457+0000] {dag.py:3954} INFO - Setting next_dagrun for produce_json to 2026-05-14 13:00:00+00:00, run_after=2026-05-15 13:00:00+00:00
[2026-05-14T13:15:41.528+0000] {processor.py:183} INFO - Processing /opt/airflow/dags/main.py took 0.206 seconds
[2026-05-14T13:16:11.800+0000] {processor.py:161} INFO - Started process (PID=611) to work on /opt/airflow/dags/main.py
[2026-05-14T13:16:11.803+0000] {processor.py:830} INFO - Processing file /opt/airflow/dags/main.py for tasks to queue
[2026-05-14T13:16:11.806+0000] {logging_mixin.py:188} INFO - [2026-05-14T13:16:11.805+0000] {dagbag.py:545} INFO - Filling up the DagBag from /opt/airflow/dags/main.py
[2026-05-14T13:16:11.887+0000] {processor.py:840} INFO - DAG(s) 'produce_json' retrieved from /opt/airflow/dags/main.py
[2026-05-14T13:16:11.917+0000] {logging_mixin.py:188} INFO - [2026-05-14T13:16:11.917+0000] {dag.py:3096} INFO - Sync 1 DAGs
[2026-05-14T13:16:11.951+0000] {logging_mixin.py:188} INFO - [2026-05-14T13:16:11.951+0000] {dag.py:3954} INFO - Setting next_dagrun for produce_json to 2026-05-14 13:00:00+00:00, run_after=2026-05-15 13:00:00+00:00
[2026-05-14T13:16:12.029+0000] {processor.py:183} INFO - Processing /opt/airflow/dags/main.py took 0.242 seconds
[2026-05-14T13:16:42.136+0000] {processor.py:161} INFO - Started process (PID=618) to work on /opt/airflow/dags/main.py
[2026-05-14T13:16:42.138+0000] {processor.py:830} INFO - Processing file /opt/airflow/dags/main.py for tasks to queue
[2026-05-14T13:16:42.141+0000] {logging_mixin.py:188} INFO - [2026-05-14T13:16:42.140+0000] {dagbag.py:545} INFO - Filling up the DagBag from /opt/airflow/dags/main.py
[2026-05-14T13:16:42.204+0000] {processor.py:840} INFO - DAG(s) 'produce_json' retrieved from /opt/airflow/dags/main.py
[2026-05-14T13:16:42.232+0000] {logging_mixin.py:188} INFO - [2026-05-14T13:16:42.231+0000] {dag.py:3096} INFO - Sync 1 DAGs
[2026-05-14T13:16:42.261+0000] {logging_mixin.py:188} INFO - [2026-05-14T13:16:42.261+0000] {dag.py:3954} INFO - Setting next_dagrun for produce_json to 2026-05-14 13:00:00+00:00, run_after=2026-05-15 13:00:00+00:00
[2026-05-14T13:16:42.328+0000] {processor.py:183} INFO - Processing /opt/airflow/dags/main.py took 0.199 seconds
[2026-05-14T13:17:12.686+0000] {processor.py:161} INFO - Started process (PID=625) to work on /opt/airflow/dags/main.py
[2026-05-14T13:17:12.687+0000] {processor.py:830} INFO - Processing file /opt/airflow/dags/main.py for tasks to queue
[2026-05-14T13:17:12.690+0000] {logging_mixin.py:188} INFO - [2026-05-14T13:17:12.689+0000] {dagbag.py:545} INFO - Filling up the DagBag from /opt/airflow/dags/main.py
[2026-05-14T13:17:12.752+0000] {processor.py:840} INFO - DAG(s) 'produce_json' retrieved from /opt/airflow/dags/main.py
[2026-05-14T13:17:12.785+0000] {logging_mixin.py:188} INFO - [2026-05-14T13:17:12.784+0000] {dag.py:3096} INFO - Sync 1 DAGs
[2026-05-14T13:17:12.814+0000] {logging_mixin.py:188} INFO - [2026-05-14T13:17:12.814+0000] {dag.py:3954} INFO - Setting next_dagrun for produce_json to 2026-05-14 13:00:00+00:00, run_after=2026-05-15 13:00:00+00:00
[2026-05-14T13:17:12.887+0000] {processor.py:183} INFO - Processing /opt/airflow/dags/main.py took 0.207 seconds
[2026-05-14T13:17:43.022+0000] {processor.py:161} INFO - Started process (PID=632) to work on /opt/airflow/dags/main.py
[2026-05-14T13:17:43.024+0000] {processor.py:830} INFO - Processing file /opt/airflow/dags/main.py for tasks to queue
[2026-05-14T13:17:43.028+0000] {logging_mixin.py:188} INFO - [2026-05-14T13:17:43.027+0000] {dagbag.py:545} INFO - Filling up the DagBag from /opt/airflow/dags/main.py
[2026-05-14T13:17:43.134+0000] {processor.py:840} INFO - DAG(s) 'produce_json' retrieved from /opt/airflow/dags/main.py
[2026-05-14T13:17:43.167+0000] {logging_mixin.py:188} INFO - [2026-05-14T13:17:43.167+0000] {dag.py:3096} INFO - Sync 1 DAGs
[2026-05-14T13:17:43.198+0000] {logging_mixin.py:188} INFO - [2026-05-14T13:17:43.198+0000] {dag.py:3954} INFO - Setting next_dagrun for produce_json to 2026-05-14 13:00:00+00:00, run_after=2026-05-15 13:00:00+00:00
[2026-05-14T13:17:43.283+0000] {processor.py:183} INFO - Processing /opt/airflow/dags/main.py took 0.271 seconds
[2026-05-14T13:18:13.483+0000] {processor.py:161} INFO - Started process (PID=639) to work on /opt/airflow/dags/main.py
[2026-05-14T13:18:13.485+0000] {processor.py:830} INFO - Processing file /opt/airflow/dags/main.py for tasks to queue
[2026-05-14T13:18:13.488+0000] {logging_mixin.py:188} INFO - [2026-05-14T13:18:13.487+0000] {dagbag.py:545} INFO - Filling up the DagBag from /opt/airflow/dags/main.py
[2026-05-14T13:18:13.553+0000] {processor.py:840} INFO - DAG(s) 'produce_json' retrieved from /opt/airflow/dags/main.py
[2026-05-14T13:18:13.582+0000] {logging_mixin.py:188} INFO - [2026-05-14T13:18:13.581+0000] {dag.py:3096} INFO - Sync 1 DAGs
[2026-05-14T13:18:13.608+0000] {logging_mixin.py:188} INFO - [2026-05-14T13:18:13.608+0000] {dag.py:3954} INFO - Setting next_dagrun for produce_json to 2026-05-14 13:00:00+00:00, run_after=2026-05-15 13:00:00+00:00
[2026-05-14T13:18:13.679+0000] {processor.py:183} INFO - Processing /opt/airflow/dags/main.py took 0.202 seconds
[2026-05-14T13:18:44.114+0000] {processor.py:161} INFO - Started process (PID=646) to work on /opt/airflow/dags/main.py
[2026-05-14T13:18:44.116+0000] {processor.py:830} INFO - Processing file /opt/airflow/dags/main.py for tasks to queue
[2026-05-14T13:18:44.121+0000] {logging_mixin.py:188} INFO - [2026-05-14T13:18:44.120+0000] {dagbag.py:545} INFO - Filling up the DagBag from /opt/airflow/dags/main.py
[2026-05-14T13:18:44.221+0000] {processor.py:840} INFO - DAG(s) 'produce_json' retrieved from /opt/airflow/dags/main.py
[2026-05-14T13:18:44.253+0000] {logging_mixin.py:188} INFO - [2026-05-14T13:18:44.253+0000] {dag.py:3096} INFO - Sync 1 DAGs
[2026-05-14T13:18:44.285+0000] {logging_mixin.py:188} INFO - [2026-05-14T13:18:44.285+0000] {dag.py:3954} INFO - Setting next_dagrun for produce_json to 2026-05-14 13:00:00+00:00, run_after=2026-05-15 13:00:00+00:00
[2026-05-14T13:18:44.356+0000] {processor.py:183} INFO - Processing /opt/airflow/dags/main.py took 0.250 seconds
[2026-05-14T13:19:14.435+0000] {processor.py:161} INFO - Started process (PID=653) to work on /opt/airflow/dags/main.py
[2026-05-14T13:19:14.437+0000] {processor.py:830} INFO - Processing file /opt/airflow/dags/main.py for tasks to queue
[2026-05-14T13:19:14.439+0000] {logging_mixin.py:188} INFO - [2026-05-14T13:19:14.439+0000] {dagbag.py:545} INFO - Filling up the DagBag from /opt/airflow/dags/main.py
[2026-05-14T13:19:14.500+0000] {processor.py:840} INFO - DAG(s) 'produce_json' retrieved from /opt/airflow/dags/main.py
[2026-05-14T13:19:14.525+0000] {logging_mixin.py:188} INFO - [2026-05-14T13:19:14.524+0000] {dag.py:3096} INFO - Sync 1 DAGs
[2026-05-14T13:19:14.548+0000] {logging_mixin.py:188} INFO - [2026-05-14T13:19:14.548+0000] {dag.py:3954} INFO - Setting next_dagrun for produce_json to 2026-05-14 13:00:00+00:00, run_after=2026-05-15 13:00:00+00:00
[2026-05-14T13:19:14.610+0000] {processor.py:183} INFO - Processing /opt/airflow/dags/main.py took 0.182 seconds
[2026-05-14T13:19:44.751+0000] {processor.py:161} INFO - Started process (PID=660) to work on /opt/airflow/dags/main.py
[2026-05-14T13:19:44.753+0000] {processor.py:830} INFO - Processing file /opt/airflow/dags/main.py for tasks to queue
[2026-05-14T13:19:44.756+0000] {logging_mixin.py:188} INFO - [2026-05-14T13:19:44.755+0000] {dagbag.py:545} INFO - Filling up the DagBag from /opt/airflow/dags/main.py
[2026-05-14T13:19:44.816+0000] {processor.py:840} INFO - DAG(s) 'produce_json' retrieved from /opt/airflow/dags/main.py
[2026-05-14T13:19:44.841+0000] {logging_mixin.py:188} INFO - [2026-05-14T13:19:44.841+0000] {dag.py:3096} INFO - Sync 1 DAGs
[2026-05-14T13:19:44.866+0000] {logging_mixin.py:188} INFO - [2026-05-14T13:19:44.866+0000] {dag.py:3954} INFO - Setting next_dagrun for produce_json to 2026-05-14 13:00:00+00:00, run_after=2026-05-15 13:00:00+00:00
[2026-05-14T13:19:44.933+0000] {processor.py:183} INFO - Processing /opt/airflow/dags/main.py took 0.188 seconds
[2026-05-14T13:20:15.208+0000] {processor.py:161} INFO - Started process (PID=666) to work on /opt/airflow/dags/main.py
[2026-05-14T13:20:15.210+0000] {processor.py:830} INFO - Processing file /opt/airflow/dags/main.py for tasks to queue
[2026-05-14T13:20:15.212+0000] {logging_mixin.py:188} INFO - [2026-05-14T13:20:15.212+0000] {dagbag.py:545} INFO - Filling up the DagBag from /opt/airflow/dags/main.py
[2026-05-14T13:20:15.280+0000] {processor.py:840} INFO - DAG(s) 'produce_json' retrieved from /opt/airflow/dags/main.py
[2026-05-14T13:20:15.303+0000] {logging_mixin.py:188} INFO - [2026-05-14T13:20:15.303+0000] {dag.py:3096} INFO - Sync 1 DAGs
[2026-05-14T13:20:15.333+0000] {logging_mixin.py:188} INFO - [2026-05-14T13:20:15.333+0000] {dag.py:3954} INFO - Setting next_dagrun for produce_json to 2026-05-14 13:00:00+00:00, run_after=2026-05-15 13:00:00+00:00
[2026-05-14T13:20:15.394+0000] {processor.py:183} INFO - Processing /opt/airflow/dags/main.py took 0.194 seconds
[2026-05-14T13:20:45.529+0000] {processor.py:161} INFO - Started process (PID=672) to work on /opt/airflow/dags/main.py
[2026-05-14T13:20:45.532+0000] {processor.py:830} INFO - Processing file /opt/airflow/dags/main.py for tasks to queue
[2026-05-14T13:20:45.536+0000] {logging_mixin.py:188} INFO - [2026-05-14T13:20:45.536+0000] {dagbag.py:545} INFO - Filling up the DagBag from /opt/airflow/dags/main.py
[2026-05-14T13:20:45.662+0000] {processor.py:840} INFO - DAG(s) 'produce_json' retrieved from /opt/airflow/dags/main.py
[2026-05-14T13:20:45.737+0000] {logging_mixin.py:188} INFO - [2026-05-14T13:20:45.736+0000] {dag.py:3096} INFO - Sync 1 DAGs
[2026-05-14T13:20:45.819+0000] {logging_mixin.py:188} INFO - [2026-05-14T13:20:45.818+0000] {dag.py:3954} INFO - Setting next_dagrun for produce_json to 2026-05-14 13:00:00+00:00, run_after=2026-05-15 13:00:00+00:00
[2026-05-14T13:20:45.872+0000] {processor.py:183} INFO - Processing /opt/airflow/dags/main.py took 0.352 seconds
[2026-05-14T13:21:16.018+0000] {processor.py:161} INFO - Started process (PID=679) to work on /opt/airflow/dags/main.py
[2026-05-14T13:21:16.020+0000] {processor.py:830} INFO - Processing file /opt/airflow/dags/main.py for tasks to queue
[2026-05-14T13:21:16.023+0000] {logging_mixin.py:188} INFO - [2026-05-14T13:21:16.022+0000] {dagbag.py:545} INFO - Filling up the DagBag from /opt/airflow/dags/main.py
[2026-05-14T13:21:16.094+0000] {processor.py:840} INFO - DAG(s) 'produce_json' retrieved from /opt/airflow/dags/main.py
[2026-05-14T13:21:16.130+0000] {logging_mixin.py:188} INFO - [2026-05-14T13:21:16.130+0000] {dag.py:3096} INFO - Sync 1 DAGs
[2026-05-14T13:21:16.179+0000] {logging_mixin.py:188} INFO - [2026-05-14T13:21:16.179+0000] {dag.py:3954} INFO - Setting next_dagrun for produce_json to 2026-05-14 13:00:00+00:00, run_after=2026-05-15 13:00:00+00:00
[2026-05-14T13:21:16.216+0000] {processor.py:183} INFO - Processing /opt/airflow/dags/main.py took 0.205 seconds
[2026-05-14T13:21:46.495+0000] {processor.py:161} INFO - Started process (PID=686) to work on /opt/airflow/dags/main.py
[2026-05-14T13:21:46.497+0000] {processor.py:830} INFO - Processing file /opt/airflow/dags/main.py for tasks to queue
[2026-05-14T13:21:46.499+0000] {logging_mixin.py:188} INFO - [2026-05-14T13:21:46.499+0000] {dagbag.py:545} INFO - Filling up the DagBag from /opt/airflow/dags/main.py
[2026-05-14T13:21:46.567+0000] {processor.py:840} INFO - DAG(s) 'produce_json' retrieved from /opt/airflow/dags/main.py
[2026-05-14T13:21:46.592+0000] {logging_mixin.py:188} INFO - [2026-05-14T13:21:46.591+0000] {dag.py:3096} INFO - Sync 1 DAGs
[2026-05-14T13:21:46.617+0000] {logging_mixin.py:188} INFO - [2026-05-14T13:21:46.616+0000] {dag.py:3954} INFO - Setting next_dagrun for produce_json to 2026-05-14 13:00:00+00:00, run_after=2026-05-15 13:00:00+00:00
[2026-05-14T13:21:46.684+0000] {processor.py:183} INFO - Processing /opt/airflow/dags/main.py took 0.195 seconds
[2026-05-14T13:22:16.815+0000] {processor.py:161} INFO - Started process (PID=693) to work on /opt/airflow/dags/main.py
[2026-05-14T13:22:16.817+0000] {processor.py:830} INFO - Processing file /opt/airflow/dags/main.py for tasks to queue
[2026-05-14T13:22:16.820+0000] {logging_mixin.py:188} INFO - [2026-05-14T13:22:16.820+0000] {dagbag.py:545} INFO - Filling up the DagBag from /opt/airflow/dags/main.py
[2026-05-14T13:22:16.881+0000] {processor.py:840} INFO - DAG(s) 'produce_json' retrieved from /opt/airflow/dags/main.py
[2026-05-14T13:22:16.908+0000] {logging_mixin.py:188} INFO - [2026-05-14T13:22:16.908+0000] {dag.py:3096} INFO - Sync 1 DAGs
[2026-05-14T13:22:16.937+0000] {logging_mixin.py:188} INFO - [2026-05-14T13:22:16.936+0000] {dag.py:3954} INFO - Setting next_dagrun for produce_json to 2026-05-14 13:00:00+00:00, run_after=2026-05-15 13:00:00+00:00
[2026-05-14T13:22:17.013+0000] {processor.py:183} INFO - Processing /opt/airflow/dags/main.py took 0.206 seconds
[2026-05-14T13:22:47.264+0000] {processor.py:161} INFO - Started process (PID=700) to work on /opt/airflow/dags/main.py
[2026-05-14T13:22:47.267+0000] {processor.py:830} INFO - Processing file /opt/airflow/dags/main.py for tasks to queue
[2026-05-14T13:22:47.272+0000] {logging_mixin.py:188} INFO - [2026-05-14T13:22:47.271+0000] {dagbag.py:545} INFO - Filling up the DagBag from /opt/airflow/dags/main.py
[2026-05-14T13:22:47.378+0000] {processor.py:840} INFO - DAG(s) 'produce_json' retrieved from /opt/airflow/dags/main.py
[2026-05-14T13:22:47.413+0000] {logging_mixin.py:188} INFO - [2026-05-14T13:22:47.412+0000] {dag.py:3096} INFO - Sync 1 DAGs
[2026-05-14T13:22:47.450+0000] {logging_mixin.py:188} INFO - [2026-05-14T13:22:47.450+0000] {dag.py:3954} INFO - Setting next_dagrun for produce_json to 2026-05-14 13:00:00+00:00, run_after=2026-05-15 13:00:00+00:00
[2026-05-14T13:22:47.497+0000] {processor.py:183} INFO - Processing /opt/airflow/dags/main.py took 0.242 seconds
[2026-05-14T13:23:17.613+0000] {processor.py:161} INFO - Started process (PID=707) to work on /opt/airflow/dags/main.py
[2026-05-14T13:23:17.614+0000] {processor.py:830} INFO - Processing file /opt/airflow/dags/main.py for tasks to queue
[2026-05-14T13:23:17.617+0000] {logging_mixin.py:188} INFO - [2026-05-14T13:23:17.617+0000] {dagbag.py:545} INFO - Filling up the DagBag from /opt/airflow/dags/main.py
[2026-05-14T13:23:17.691+0000] {processor.py:840} INFO - DAG(s) 'produce_json' retrieved from /opt/airflow/dags/main.py
[2026-05-14T13:23:17.717+0000] {logging_mixin.py:188} INFO - [2026-05-14T13:23:17.717+0000] {dag.py:3096} INFO - Sync 1 DAGs
[2026-05-14T13:23:17.749+0000] {logging_mixin.py:188} INFO - [2026-05-14T13:23:17.749+0000] {dag.py:3954} INFO - Setting next_dagrun for produce_json to 2026-05-14 13:00:00+00:00, run_after=2026-05-15 13:00:00+00:00
[2026-05-14T13:23:17.812+0000] {processor.py:183} INFO - Processing /opt/airflow/dags/main.py took 0.208 seconds
[2026-05-14T13:23:48.374+0000] {processor.py:161} INFO - Started process (PID=714) to work on /opt/airflow/dags/main.py
[2026-05-14T13:23:48.377+0000] {processor.py:830} INFO - Processing file /opt/airflow/dags/main.py for tasks to queue
[2026-05-14T13:23:48.383+0000] {logging_mixin.py:188} INFO - [2026-05-14T13:23:48.382+0000] {dagbag.py:545} INFO - Filling up the DagBag from /opt/airflow/dags/main.py
[2026-05-14T13:23:48.533+0000] {processor.py:840} INFO - DAG(s) 'produce_json' retrieved from /opt/airflow/dags/main.py
[2026-05-14T13:23:48.572+0000] {logging_mixin.py:188} INFO - [2026-05-14T13:23:48.571+0000] {dag.py:3096} INFO - Sync 1 DAGs
[2026-05-14T13:23:48.649+0000] {logging_mixin.py:188} INFO - [2026-05-14T13:23:48.648+0000] {dag.py:3954} INFO - Setting next_dagrun for produce_json to 2026-05-14 13:00:00+00:00, run_after=2026-05-15 13:00:00+00:00
[2026-05-14T13:23:48.741+0000] {processor.py:183} INFO - Processing /opt/airflow/dags/main.py took 0.375 seconds
[2026-05-14T13:24:19.150+0000] {processor.py:161} INFO - Started process (PID=721) to work on /opt/airflow/dags/main.py
[2026-05-14T13:24:19.154+0000] {processor.py:830} INFO - Processing file /opt/airflow/dags/main.py for tasks to queue
[2026-05-14T13:24:19.158+0000] {logging_mixin.py:188} INFO - [2026-05-14T13:24:19.157+0000] {dagbag.py:545} INFO - Filling up the DagBag from /opt/airflow/dags/main.py
[2026-05-14T13:24:19.258+0000] {processor.py:840} INFO - DAG(s) 'produce_json' retrieved from /opt/airflow/dags/main.py
[2026-05-14T13:24:19.293+0000] {logging_mixin.py:188} INFO - [2026-05-14T13:24:19.292+0000] {dag.py:3096} INFO - Sync 1 DAGs
[2026-05-14T13:24:19.326+0000] {logging_mixin.py:188} INFO - [2026-05-14T13:24:19.326+0000] {dag.py:3954} INFO - Setting next_dagrun for produce_json to 2026-05-14 13:00:00+00:00, run_after=2026-05-15 13:00:00+00:00
[2026-05-14T13:24:19.397+0000] {processor.py:183} INFO - Processing /opt/airflow/dags/main.py took 0.256 seconds
[2026-05-14T13:24:49.483+0000] {processor.py:161} INFO - Started process (PID=729) to work on /opt/airflow/dags/main.py
[2026-05-14T13:24:49.484+0000] {processor.py:830} INFO - Processing file /opt/airflow/dags/main.py for tasks to queue
[2026-05-14T13:24:49.487+0000] {logging_mixin.py:188} INFO - [2026-05-14T13:24:49.487+0000] {dagbag.py:545} INFO - Filling up the DagBag from /opt/airflow/dags/main.py
[2026-05-14T13:24:49.552+0000] {processor.py:840} INFO - DAG(s) 'produce_json' retrieved from /opt/airflow/dags/main.py
[2026-05-14T13:24:49.575+0000] {logging_mixin.py:188} INFO - [2026-05-14T13:24:49.575+0000] {dag.py:3096} INFO - Sync 1 DAGs
[2026-05-14T13:24:49.603+0000] {logging_mixin.py:188} INFO - [2026-05-14T13:24:49.603+0000] {dag.py:3954} INFO - Setting next_dagrun for produce_json to 2026-05-14 13:00:00+00:00, run_after=2026-05-15 13:00:00+00:00
[2026-05-14T13:24:49.676+0000] {processor.py:183} INFO - Processing /opt/airflow/dags/main.py took 0.200 seconds
[2026-05-14T13:25:19.778+0000] {processor.py:161} INFO - Started process (PID=736) to work on /opt/airflow/dags/main.py
[2026-05-14T13:25:19.780+0000] {processor.py:830} INFO - Processing file /opt/airflow/dags/main.py for tasks to queue
[2026-05-14T13:25:19.785+0000] {logging_mixin.py:188} INFO - [2026-05-14T13:25:19.784+0000] {dagbag.py:545} INFO - Filling up the DagBag from /opt/airflow/dags/main.py
[2026-05-14T13:25:19.887+0000] {processor.py:840} INFO - DAG(s) 'produce_json' retrieved from /opt/airflow/dags/main.py
[2026-05-14T13:25:19.927+0000] {logging_mixin.py:188} INFO - [2026-05-14T13:25:19.927+0000] {dag.py:3096} INFO - Sync 1 DAGs
[2026-05-14T13:25:19.963+0000] {logging_mixin.py:188} INFO - [2026-05-14T13:25:19.962+0000] {dag.py:3954} INFO - Setting next_dagrun for produce_json to 2026-05-14 13:00:00+00:00, run_after=2026-05-15 13:00:00+00:00
[2026-05-14T13:25:20.032+0000] {processor.py:183} INFO - Processing /opt/airflow/dags/main.py took 0.265 seconds
[2026-05-14T13:25:50.311+0000] {processor.py:161} INFO - Started process (PID=743) to work on /opt/airflow/dags/main.py
[2026-05-14T13:25:50.313+0000] {processor.py:830} INFO - Processing file /opt/airflow/dags/main.py for tasks to queue
[2026-05-14T13:25:50.315+0000] {logging_mixin.py:188} INFO - [2026-05-14T13:25:50.315+0000] {dagbag.py:545} INFO - Filling up the DagBag from /opt/airflow/dags/main.py
[2026-05-14T13:25:50.377+0000] {processor.py:840} INFO - DAG(s) 'produce_json' retrieved from /opt/airflow/dags/main.py
[2026-05-14T13:25:50.400+0000] {logging_mixin.py:188} INFO - [2026-05-14T13:25:50.400+0000] {dag.py:3096} INFO - Sync 1 DAGs
[2026-05-14T13:25:50.425+0000] {logging_mixin.py:188} INFO - [2026-05-14T13:25:50.424+0000] {dag.py:3954} INFO - Setting next_dagrun for produce_json to 2026-05-14 13:00:00+00:00, run_after=2026-05-15 13:00:00+00:00
[2026-05-14T13:25:50.495+0000] {processor.py:183} INFO - Processing /opt/airflow/dags/main.py took 0.195 seconds
[2026-05-14T13:26:20.644+0000] {processor.py:161} INFO - Started process (PID=750) to work on /opt/airflow/dags/main.py
[2026-05-14T13:26:20.646+0000] {processor.py:830} INFO - Processing file /opt/airflow/dags/main.py for tasks to queue
[2026-05-14T13:26:20.649+0000] {logging_mixin.py:188} INFO - [2026-05-14T13:26:20.649+0000] {dagbag.py:545} INFO - Filling up the DagBag from /opt/airflow/dags/main.py
[2026-05-14T13:26:20.717+0000] {processor.py:840} INFO - DAG(s) 'produce_json' retrieved from /opt/airflow/dags/main.py
[2026-05-14T13:26:20.742+0000] {logging_mixin.py:188} INFO - [2026-05-14T13:26:20.742+0000] {dag.py:3096} INFO - Sync 1 DAGs
[2026-05-14T13:26:20.769+0000] {logging_mixin.py:188} INFO - [2026-05-14T13:26:20.769+0000] {dag.py:3954} INFO - Setting next_dagrun for produce_json to 2026-05-14 13:00:00+00:00, run_after=2026-05-15 13:00:00+00:00
[2026-05-14T13:26:20.837+0000] {processor.py:183} INFO - Processing /opt/airflow/dags/main.py took 0.202 seconds
[2026-05-14T13:26:51.100+0000] {processor.py:161} INFO - Started process (PID=756) to work on /opt/airflow/dags/main.py
[2026-05-14T13:26:51.102+0000] {processor.py:830} INFO - Processing file /opt/airflow/dags/main.py for tasks to queue
[2026-05-14T13:26:51.107+0000] {logging_mixin.py:188} INFO - [2026-05-14T13:26:51.106+0000] {dagbag.py:545} INFO - Filling up the DagBag from /opt/airflow/dags/main.py
[2026-05-14T13:26:51.190+0000] {processor.py:840} INFO - DAG(s) 'produce_json' retrieved from /opt/airflow/dags/main.py
[2026-05-14T13:26:51.219+0000] {logging_mixin.py:188} INFO - [2026-05-14T13:26:51.218+0000] {dag.py:3096} INFO - Sync 1 DAGs
[2026-05-14T13:26:51.253+0000] {logging_mixin.py:188} INFO - [2026-05-14T13:26:51.253+0000] {dag.py:3954} INFO - Setting next_dagrun for produce_json to 2026-05-14 13:00:00+00:00, run_after=2026-05-15 13:00:00+00:00
[2026-05-14T13:26:51.325+0000] {processor.py:183} INFO - Processing /opt/airflow/dags/main.py took 0.242 seconds
[2026-05-14T13:27:21.626+0000] {processor.py:161} INFO - Started process (PID=763) to work on /opt/airflow/dags/main.py
[2026-05-14T13:27:21.634+0000] {processor.py:830} INFO - Processing file /opt/airflow/dags/main.py for tasks to queue
[2026-05-14T13:27:21.640+0000] {logging_mixin.py:188} INFO - [2026-05-14T13:27:21.639+0000] {dagbag.py:545} INFO - Filling up the DagBag from /opt/airflow/dags/main.py
[2026-05-14T13:27:21.808+0000] {processor.py:840} INFO - DAG(s) 'produce_json' retrieved from /opt/airflow/dags/main.py
[2026-05-14T13:27:21.863+0000] {logging_mixin.py:188} INFO - [2026-05-14T13:27:21.863+0000] {dag.py:3096} INFO - Sync 1 DAGs
[2026-05-14T13:27:21.910+0000] {logging_mixin.py:188} INFO - [2026-05-14T13:27:21.909+0000] {dag.py:3954} INFO - Setting next_dagrun for produce_json to 2026-05-14 13:00:00+00:00, run_after=2026-05-15 13:00:00+00:00
[2026-05-14T13:27:21.951+0000] {processor.py:183} INFO - Processing /opt/airflow/dags/main.py took 0.368 seconds
[2026-05-14T13:27:52.310+0000] {processor.py:161} INFO - Started process (PID=770) to work on /opt/airflow/dags/main.py
[2026-05-14T13:27:52.312+0000] {processor.py:830} INFO - Processing file /opt/airflow/dags/main.py for tasks to queue
[2026-05-14T13:27:52.315+0000] {logging_mixin.py:188} INFO - [2026-05-14T13:27:52.315+0000] {dagbag.py:545} INFO - Filling up the DagBag from /opt/airflow/dags/main.py
[2026-05-14T13:27:52.386+0000] {processor.py:840} INFO - DAG(s) 'produce_json' retrieved from /opt/airflow/dags/main.py
[2026-05-14T13:27:52.413+0000] {logging_mixin.py:188} INFO - [2026-05-14T13:27:52.413+0000] {dag.py:3096} INFO - Sync 1 DAGs
[2026-05-14T13:27:52.439+0000] {logging_mixin.py:188} INFO - [2026-05-14T13:27:52.439+0000] {dag.py:3954} INFO - Setting next_dagrun for produce_json to 2026-05-14 13:00:00+00:00, run_after=2026-05-15 13:00:00+00:00
[2026-05-14T13:27:52.517+0000] {processor.py:183} INFO - Processing /opt/airflow/dags/main.py took 0.214 seconds
[2026-05-14T13:28:22.612+0000] {processor.py:161} INFO - Started process (PID=777) to work on /opt/airflow/dags/main.py
[2026-05-14T13:28:22.614+0000] {processor.py:830} INFO - Processing file /opt/airflow/dags/main.py for tasks to queue
[2026-05-14T13:28:22.618+0000] {logging_mixin.py:188} INFO - [2026-05-14T13:28:22.617+0000] {dagbag.py:545} INFO - Filling up the DagBag from /opt/airflow/dags/main.py
[2026-05-14T13:28:22.681+0000] {processor.py:840} INFO - DAG(s) 'produce_json' retrieved from /opt/airflow/dags/main.py
[2026-05-14T13:28:22.708+0000] {logging_mixin.py:188} INFO - [2026-05-14T13:28:22.707+0000] {dag.py:3096} INFO - Sync 1 DAGs
[2026-05-14T13:28:22.745+0000] {logging_mixin.py:188} INFO - [2026-05-14T13:28:22.745+0000] {dag.py:3954} INFO - Setting next_dagrun for produce_json to 2026-05-14 13:00:00+00:00, run_after=2026-05-15 13:00:00+00:00
[2026-05-14T13:28:22.817+0000] {processor.py:183} INFO - Processing /opt/airflow/dags/main.py took 0.212 seconds
[2026-05-14T13:28:53.323+0000] {processor.py:161} INFO - Started process (PID=784) to work on /opt/airflow/dags/main.py
[2026-05-14T13:28:53.324+0000] {processor.py:830} INFO - Processing file /opt/airflow/dags/main.py for tasks to queue
[2026-05-14T13:28:53.327+0000] {logging_mixin.py:188} INFO - [2026-05-14T13:28:53.326+0000] {dagbag.py:545} INFO - Filling up the DagBag from /opt/airflow/dags/main.py
[2026-05-14T13:28:53.392+0000] {processor.py:840} INFO - DAG(s) 'produce_json' retrieved from /opt/airflow/dags/main.py
[2026-05-14T13:28:53.418+0000] {logging_mixin.py:188} INFO - [2026-05-14T13:28:53.418+0000] {dag.py:3096} INFO - Sync 1 DAGs
[2026-05-14T13:28:53.442+0000] {logging_mixin.py:188} INFO - [2026-05-14T13:28:53.442+0000] {dag.py:3954} INFO - Setting next_dagrun for produce_json to 2026-05-14 13:00:00+00:00, run_after=2026-05-15 13:00:00+00:00
[2026-05-14T13:28:53.516+0000] {processor.py:183} INFO - Processing /opt/airflow/dags/main.py took 0.200 seconds
[2026-05-14T13:29:23.646+0000] {processor.py:161} INFO - Started process (PID=791) to work on /opt/airflow/dags/main.py
[2026-05-14T13:29:23.648+0000] {processor.py:830} INFO - Processing file /opt/airflow/dags/main.py for tasks to queue
[2026-05-14T13:29:23.651+0000] {logging_mixin.py:188} INFO - [2026-05-14T13:29:23.650+0000] {dagbag.py:545} INFO - Filling up the DagBag from /opt/airflow/dags/main.py
[2026-05-14T13:29:23.720+0000] {processor.py:840} INFO - DAG(s) 'produce_json' retrieved from /opt/airflow/dags/main.py
[2026-05-14T13:29:23.751+0000] {logging_mixin.py:188} INFO - [2026-05-14T13:29:23.751+0000] {dag.py:3096} INFO - Sync 1 DAGs
[2026-05-14T13:29:23.785+0000] {logging_mixin.py:188} INFO - [2026-05-14T13:29:23.784+0000] {dag.py:3954} INFO - Setting next_dagrun for produce_json to 2026-05-14 13:00:00+00:00, run_after=2026-05-15 13:00:00+00:00
[2026-05-14T13:29:23.819+0000] {processor.py:183} INFO - Processing /opt/airflow/dags/main.py took 0.181 seconds
[2026-05-14T13:29:54.125+0000] {processor.py:161} INFO - Started process (PID=798) to work on /opt/airflow/dags/main.py
[2026-05-14T13:29:54.127+0000] {processor.py:830} INFO - Processing file /opt/airflow/dags/main.py for tasks to queue
[2026-05-14T13:29:54.131+0000] {logging_mixin.py:188} INFO - [2026-05-14T13:29:54.130+0000] {dagbag.py:545} INFO - Filling up the DagBag from /opt/airflow/dags/main.py
[2026-05-14T13:29:54.234+0000] {processor.py:840} INFO - DAG(s) 'produce_json' retrieved from /opt/airflow/dags/main.py
[2026-05-14T13:29:54.264+0000] {logging_mixin.py:188} INFO - [2026-05-14T13:29:54.264+0000] {dag.py:3096} INFO - Sync 1 DAGs
[2026-05-14T13:29:54.293+0000] {logging_mixin.py:188} INFO - [2026-05-14T13:29:54.292+0000] {dag.py:3954} INFO - Setting next_dagrun for produce_json to 2026-05-14 13:00:00+00:00, run_after=2026-05-15 13:00:00+00:00
[2026-05-14T13:29:54.374+0000] {processor.py:183} INFO - Processing /opt/airflow/dags/main.py took 0.257 seconds
[2026-05-14T13:30:24.701+0000] {processor.py:161} INFO - Started process (PID=805) to work on /opt/airflow/dags/main.py
[2026-05-14T13:30:24.703+0000] {processor.py:830} INFO - Processing file /opt/airflow/dags/main.py for tasks to queue
[2026-05-14T13:30:24.706+0000] {logging_mixin.py:188} INFO - [2026-05-14T13:30:24.705+0000] {dagbag.py:545} INFO - Filling up the DagBag from /opt/airflow/dags/main.py
[2026-05-14T13:30:24.771+0000] {processor.py:840} INFO - DAG(s) 'produce_json' retrieved from /opt/airflow/dags/main.py
[2026-05-14T13:30:24.799+0000] {logging_mixin.py:188} INFO - [2026-05-14T13:30:24.798+0000] {dag.py:3096} INFO - Sync 1 DAGs
[2026-05-14T13:30:24.825+0000] {logging_mixin.py:188} INFO - [2026-05-14T13:30:24.825+0000] {dag.py:3954} INFO - Setting next_dagrun for produce_json to 2026-05-14 13:00:00+00:00, run_after=2026-05-15 13:00:00+00:00
[2026-05-14T13:30:24.895+0000] {processor.py:183} INFO - Processing /opt/airflow/dags/main.py took 0.203 seconds
[2026-05-14T13:30:54.995+0000] {processor.py:161} INFO - Started process (PID=812) to work on /opt/airflow/dags/main.py
[2026-05-14T13:30:54.999+0000] {processor.py:830} INFO - Processing file /opt/airflow/dags/main.py for tasks to queue
[2026-05-14T13:30:55.004+0000] {logging_mixin.py:188} INFO - [2026-05-14T13:30:55.004+0000] {dagbag.py:545} INFO - Filling up the DagBag from /opt/airflow/dags/main.py
[2026-05-14T13:30:55.096+0000] {processor.py:840} INFO - DAG(s) 'produce_json' retrieved from /opt/airflow/dags/main.py
[2026-05-14T13:30:55.130+0000] {logging_mixin.py:188} INFO - [2026-05-14T13:30:55.130+0000] {dag.py:3096} INFO - Sync 1 DAGs
[2026-05-14T13:30:55.159+0000] {logging_mixin.py:188} INFO - [2026-05-14T13:30:55.159+0000] {dag.py:3954} INFO - Setting next_dagrun for produce_json to 2026-05-14 13:00:00+00:00, run_after=2026-05-15 13:00:00+00:00
[2026-05-14T13:30:55.241+0000] {processor.py:183} INFO - Processing /opt/airflow/dags/main.py took 0.255 seconds
[2026-05-14T13:31:25.499+0000] {processor.py:161} INFO - Started process (PID=818) to work on /opt/airflow/dags/main.py
[2026-05-14T13:31:25.502+0000] {processor.py:830} INFO - Processing file /opt/airflow/dags/main.py for tasks to queue
[2026-05-14T13:31:25.505+0000] {logging_mixin.py:188} INFO - [2026-05-14T13:31:25.505+0000] {dagbag.py:545} INFO - Filling up the DagBag from /opt/airflow/dags/main.py
[2026-05-14T13:31:25.577+0000] {processor.py:840} INFO - DAG(s) 'produce_json' retrieved from /opt/airflow/dags/main.py
[2026-05-14T13:31:25.612+0000] {logging_mixin.py:188} INFO - [2026-05-14T13:31:25.612+0000] {dag.py:3096} INFO - Sync 1 DAGs
[2026-05-14T13:31:25.640+0000] {logging_mixin.py:188} INFO - [2026-05-14T13:31:25.640+0000] {dag.py:3954} INFO - Setting next_dagrun for produce_json to 2026-05-14 13:00:00+00:00, run_after=2026-05-15 13:00:00+00:00
[2026-05-14T13:31:25.720+0000] {processor.py:183} INFO - Processing /opt/airflow/dags/main.py took 0.229 seconds
[2026-05-14T13:31:55.865+0000] {processor.py:161} INFO - Started process (PID=825) to work on /opt/airflow/dags/main.py
[2026-05-14T13:31:55.867+0000] {processor.py:830} INFO - Processing file /opt/airflow/dags/main.py for tasks to queue
[2026-05-14T13:31:55.870+0000] {logging_mixin.py:188} INFO - [2026-05-14T13:31:55.870+0000] {dagbag.py:545} INFO - Filling up the DagBag from /opt/airflow/dags/main.py
[2026-05-14T13:31:55.936+0000] {processor.py:840} INFO - DAG(s) 'produce_json' retrieved from /opt/airflow/dags/main.py
[2026-05-14T13:31:55.962+0000] {logging_mixin.py:188} INFO - [2026-05-14T13:31:55.962+0000] {dag.py:3096} INFO - Sync 1 DAGs
[2026-05-14T13:31:55.993+0000] {logging_mixin.py:188} INFO - [2026-05-14T13:31:55.993+0000] {dag.py:3954} INFO - Setting next_dagrun for produce_json to 2026-05-14 13:00:00+00:00, run_after=2026-05-15 13:00:00+00:00
[2026-05-14T13:31:56.017+0000] {processor.py:183} INFO - Processing /opt/airflow/dags/main.py took 0.160 seconds
[2026-05-14T13:32:26.345+0000] {processor.py:161} INFO - Started process (PID=832) to work on /opt/airflow/dags/main.py
[2026-05-14T13:32:26.348+0000] {processor.py:830} INFO - Processing file /opt/airflow/dags/main.py for tasks to queue
[2026-05-14T13:32:26.354+0000] {logging_mixin.py:188} INFO - [2026-05-14T13:32:26.352+0000] {dagbag.py:545} INFO - Filling up the DagBag from /opt/airflow/dags/main.py
[2026-05-14T13:32:26.511+0000] {processor.py:840} INFO - DAG(s) 'produce_json' retrieved from /opt/airflow/dags/main.py
[2026-05-14T13:32:26.575+0000] {logging_mixin.py:188} INFO - [2026-05-14T13:32:26.575+0000] {dag.py:3096} INFO - Sync 1 DAGs
[2026-05-14T13:32:26.619+0000] {logging_mixin.py:188} INFO - [2026-05-14T13:32:26.618+0000] {dag.py:3954} INFO - Setting next_dagrun for produce_json to 2026-05-14 13:00:00+00:00, run_after=2026-05-15 13:00:00+00:00
[2026-05-14T13:32:26.699+0000] {processor.py:183} INFO - Processing /opt/airflow/dags/main.py took 0.366 seconds
[2026-05-14T13:32:57.055+0000] {processor.py:161} INFO - Started process (PID=839) to work on /opt/airflow/dags/main.py
[2026-05-14T13:32:57.057+0000] {processor.py:830} INFO - Processing file /opt/airflow/dags/main.py for tasks to queue
[2026-05-14T13:32:57.059+0000] {logging_mixin.py:188} INFO - [2026-05-14T13:32:57.059+0000] {dagbag.py:545} INFO - Filling up the DagBag from /opt/airflow/dags/main.py
[2026-05-14T13:32:57.134+0000] {processor.py:840} INFO - DAG(s) 'produce_json' retrieved from /opt/airflow/dags/main.py
[2026-05-14T13:32:57.165+0000] {logging_mixin.py:188} INFO - [2026-05-14T13:32:57.164+0000] {dag.py:3096} INFO - Sync 1 DAGs
[2026-05-14T13:32:57.194+0000] {logging_mixin.py:188} INFO - [2026-05-14T13:32:57.194+0000] {dag.py:3954} INFO - Setting next_dagrun for produce_json to 2026-05-14 13:00:00+00:00, run_after=2026-05-15 13:00:00+00:00
[2026-05-14T13:32:57.264+0000] {processor.py:183} INFO - Processing /opt/airflow/dags/main.py took 0.216 seconds
[2026-05-14T13:33:27.370+0000] {processor.py:161} INFO - Started process (PID=846) to work on /opt/airflow/dags/main.py
[2026-05-14T13:33:27.371+0000] {processor.py:830} INFO - Processing file /opt/airflow/dags/main.py for tasks to queue
[2026-05-14T13:33:27.374+0000] {logging_mixin.py:188} INFO - [2026-05-14T13:33:27.374+0000] {dagbag.py:545} INFO - Filling up the DagBag from /opt/airflow/dags/main.py
[2026-05-14T13:33:27.438+0000] {processor.py:840} INFO - DAG(s) 'produce_json' retrieved from /opt/airflow/dags/main.py
[2026-05-14T13:33:27.462+0000] {logging_mixin.py:188} INFO - [2026-05-14T13:33:27.462+0000] {dag.py:3096} INFO - Sync 1 DAGs
[2026-05-14T13:33:27.494+0000] {logging_mixin.py:188} INFO - [2026-05-14T13:33:27.494+0000] {dag.py:3954} INFO - Setting next_dagrun for produce_json to 2026-05-14 13:00:00+00:00, run_after=2026-05-15 13:00:00+00:00
[2026-05-14T13:33:27.553+0000] {processor.py:183} INFO - Processing /opt/airflow/dags/main.py took 0.192 seconds
[2026-05-14T13:33:58.280+0000] {processor.py:161} INFO - Started process (PID=853) to work on /opt/airflow/dags/main.py
[2026-05-14T13:33:58.282+0000] {processor.py:830} INFO - Processing file /opt/airflow/dags/main.py for tasks to queue
[2026-05-14T13:33:58.286+0000] {logging_mixin.py:188} INFO - [2026-05-14T13:33:58.285+0000] {dagbag.py:545} INFO - Filling up the DagBag from /opt/airflow/dags/main.py
[2026-05-14T13:33:58.385+0000] {processor.py:840} INFO - DAG(s) 'produce_json' retrieved from /opt/airflow/dags/main.py
[2026-05-14T13:33:58.419+0000] {logging_mixin.py:188} INFO - [2026-05-14T13:33:58.419+0000] {dag.py:3096} INFO - Sync 1 DAGs
[2026-05-14T13:33:58.452+0000] {logging_mixin.py:188} INFO - [2026-05-14T13:33:58.452+0000] {dag.py:3954} INFO - Setting next_dagrun for produce_json to 2026-05-14 13:00:00+00:00, run_after=2026-05-15 13:00:00+00:00
[2026-05-14T13:33:58.521+0000] {processor.py:183} INFO - Processing /opt/airflow/dags/main.py took 0.252 seconds
[2026-05-14T13:34:28.847+0000] {processor.py:161} INFO - Started process (PID=860) to work on /opt/airflow/dags/main.py
[2026-05-14T13:34:28.851+0000] {processor.py:830} INFO - Processing file /opt/airflow/dags/main.py for tasks to queue
[2026-05-14T13:34:28.858+0000] {logging_mixin.py:188} INFO - [2026-05-14T13:34:28.857+0000] {dagbag.py:545} INFO - Filling up the DagBag from /opt/airflow/dags/main.py
[2026-05-14T13:34:28.999+0000] {processor.py:840} INFO - DAG(s) 'produce_json' retrieved from /opt/airflow/dags/main.py
[2026-05-14T13:34:29.036+0000] {logging_mixin.py:188} INFO - [2026-05-14T13:34:29.036+0000] {dag.py:3096} INFO - Sync 1 DAGs
[2026-05-14T13:34:29.089+0000] {logging_mixin.py:188} INFO - [2026-05-14T13:34:29.088+0000] {dag.py:3954} INFO - Setting next_dagrun for produce_json to 2026-05-14 13:00:00+00:00, run_after=2026-05-15 13:00:00+00:00
[2026-05-14T13:34:29.147+0000] {processor.py:183} INFO - Processing /opt/airflow/dags/main.py took 0.316 seconds
[2026-05-14T13:34:59.488+0000] {processor.py:161} INFO - Started process (PID=867) to work on /opt/airflow/dags/main.py
[2026-05-14T13:34:59.490+0000] {processor.py:830} INFO - Processing file /opt/airflow/dags/main.py for tasks to queue
[2026-05-14T13:34:59.493+0000] {logging_mixin.py:188} INFO - [2026-05-14T13:34:59.493+0000] {dagbag.py:545} INFO - Filling up the DagBag from /opt/airflow/dags/main.py
[2026-05-14T13:34:59.588+0000] {processor.py:840} INFO - DAG(s) 'produce_json' retrieved from /opt/airflow/dags/main.py
[2026-05-14T13:34:59.622+0000] {logging_mixin.py:188} INFO - [2026-05-14T13:34:59.622+0000] {dag.py:3096} INFO - Sync 1 DAGs
[2026-05-14T13:34:59.655+0000] {logging_mixin.py:188} INFO - [2026-05-14T13:34:59.655+0000] {dag.py:3954} INFO - Setting next_dagrun for produce_json to 2026-05-14 13:00:00+00:00, run_after=2026-05-15 13:00:00+00:00
[2026-05-14T13:34:59.728+0000] {processor.py:183} INFO - Processing /opt/airflow/dags/main.py took 0.249 seconds
[2026-05-14T13:35:29.807+0000] {processor.py:161} INFO - Started process (PID=874) to work on /opt/airflow/dags/main.py
[2026-05-14T13:35:29.809+0000] {processor.py:830} INFO - Processing file /opt/airflow/dags/main.py for tasks to queue
[2026-05-14T13:35:29.811+0000] {logging_mixin.py:188} INFO - [2026-05-14T13:35:29.811+0000] {dagbag.py:545} INFO - Filling up the DagBag from /opt/airflow/dags/main.py
[2026-05-14T13:35:29.876+0000] {processor.py:840} INFO - DAG(s) 'produce_json' retrieved from /opt/airflow/dags/main.py
[2026-05-14T13:35:29.904+0000] {logging_mixin.py:188} INFO - [2026-05-14T13:35:29.904+0000] {dag.py:3096} INFO - Sync 1 DAGs
[2026-05-14T13:35:29.935+0000] {logging_mixin.py:188} INFO - [2026-05-14T13:35:29.935+0000] {dag.py:3954} INFO - Setting next_dagrun for produce_json to 2026-05-14 13:00:00+00:00, run_after=2026-05-15 13:00:00+00:00
[2026-05-14T13:35:29.974+0000] {processor.py:183} INFO - Processing /opt/airflow/dags/main.py took 0.177 seconds
[2026-05-14T13:36:00.107+0000] {processor.py:161} INFO - Started process (PID=881) to work on /opt/airflow/dags/main.py
[2026-05-14T13:36:00.109+0000] {processor.py:830} INFO - Processing file /opt/airflow/dags/main.py for tasks to queue
[2026-05-14T13:36:00.111+0000] {logging_mixin.py:188} INFO - [2026-05-14T13:36:00.111+0000] {dagbag.py:545} INFO - Filling up the DagBag from /opt/airflow/dags/main.py
[2026-05-14T13:36:00.172+0000] {processor.py:840} INFO - DAG(s) 'produce_json' retrieved from /opt/airflow/dags/main.py
[2026-05-14T13:36:00.195+0000] {logging_mixin.py:188} INFO - [2026-05-14T13:36:00.195+0000] {dag.py:3096} INFO - Sync 1 DAGs
[2026-05-14T13:36:00.219+0000] {logging_mixin.py:188} INFO - [2026-05-14T13:36:00.218+0000] {dag.py:3954} INFO - Setting next_dagrun for produce_json to 2026-05-14 13:00:00+00:00, run_after=2026-05-15 13:00:00+00:00
[2026-05-14T13:36:00.294+0000] {processor.py:183} INFO - Processing /opt/airflow/dags/main.py took 0.194 seconds
[2026-05-14T13:36:30.564+0000] {processor.py:161} INFO - Started process (PID=888) to work on /opt/airflow/dags/main.py
[2026-05-14T13:36:30.566+0000] {processor.py:830} INFO - Processing file /opt/airflow/dags/main.py for tasks to queue
[2026-05-14T13:36:30.569+0000] {logging_mixin.py:188} INFO - [2026-05-14T13:36:30.568+0000] {dagbag.py:545} INFO - Filling up the DagBag from /opt/airflow/dags/main.py
[2026-05-14T13:36:30.632+0000] {processor.py:840} INFO - DAG(s) 'produce_json' retrieved from /opt/airflow/dags/main.py
[2026-05-14T13:36:30.658+0000] {logging_mixin.py:188} INFO - [2026-05-14T13:36:30.658+0000] {dag.py:3096} INFO - Sync 1 DAGs
[2026-05-14T13:36:30.684+0000] {logging_mixin.py:188} INFO - [2026-05-14T13:36:30.684+0000] {dag.py:3954} INFO - Setting next_dagrun for produce_json to 2026-05-14 13:00:00+00:00, run_after=2026-05-15 13:00:00+00:00
[2026-05-14T13:36:30.754+0000] {processor.py:183} INFO - Processing /opt/airflow/dags/main.py took 0.196 seconds
[2026-05-14T13:37:00.906+0000] {processor.py:161} INFO - Started process (PID=895) to work on /opt/airflow/dags/main.py
[2026-05-14T13:37:00.908+0000] {processor.py:830} INFO - Processing file /opt/airflow/dags/main.py for tasks to queue
[2026-05-14T13:37:00.912+0000] {logging_mixin.py:188} INFO - [2026-05-14T13:37:00.911+0000] {dagbag.py:545} INFO - Filling up the DagBag from /opt/airflow/dags/main.py
[2026-05-14T13:37:00.979+0000] {processor.py:840} INFO - DAG(s) 'produce_json' retrieved from /opt/airflow/dags/main.py
[2026-05-14T13:37:01.008+0000] {logging_mixin.py:188} INFO - [2026-05-14T13:37:01.007+0000] {dag.py:3096} INFO - Sync 1 DAGs
[2026-05-14T13:37:01.039+0000] {logging_mixin.py:188} INFO - [2026-05-14T13:37:01.038+0000] {dag.py:3954} INFO - Setting next_dagrun for produce_json to 2026-05-14 13:00:00+00:00, run_after=2026-05-15 13:00:00+00:00
[2026-05-14T13:37:01.071+0000] {processor.py:183} INFO - Processing /opt/airflow/dags/main.py took 0.172 seconds
[2026-05-14T13:37:31.365+0000] {processor.py:161} INFO - Started process (PID=902) to work on /opt/airflow/dags/main.py
[2026-05-14T13:37:31.367+0000] {processor.py:830} INFO - Processing file /opt/airflow/dags/main.py for tasks to queue
[2026-05-14T13:37:31.369+0000] {logging_mixin.py:188} INFO - [2026-05-14T13:37:31.369+0000] {dagbag.py:545} INFO - Filling up the DagBag from /opt/airflow/dags/main.py
[2026-05-14T13:37:31.428+0000] {processor.py:840} INFO - DAG(s) 'produce_json' retrieved from /opt/airflow/dags/main.py
[2026-05-14T13:37:31.454+0000] {logging_mixin.py:188} INFO - [2026-05-14T13:37:31.454+0000] {dag.py:3096} INFO - Sync 1 DAGs
[2026-05-14T13:37:31.478+0000] {logging_mixin.py:188} INFO - [2026-05-14T13:37:31.478+0000] {dag.py:3954} INFO - Setting next_dagrun for produce_json to 2026-05-14 13:00:00+00:00, run_after=2026-05-15 13:00:00+00:00
[2026-05-14T13:37:31.543+0000] {processor.py:183} INFO - Processing /opt/airflow/dags/main.py took 0.184 seconds
[2026-05-14T13:38:01.694+0000] {processor.py:161} INFO - Started process (PID=910) to work on /opt/airflow/dags/main.py
[2026-05-14T13:38:01.695+0000] {processor.py:830} INFO - Processing file /opt/airflow/dags/main.py for tasks to queue
[2026-05-14T13:38:01.698+0000] {logging_mixin.py:188} INFO - [2026-05-14T13:38:01.697+0000] {dagbag.py:545} INFO - Filling up the DagBag from /opt/airflow/dags/main.py
[2026-05-14T13:38:01.759+0000] {processor.py:840} INFO - DAG(s) 'produce_json' retrieved from /opt/airflow/dags/main.py
[2026-05-14T13:38:01.784+0000] {logging_mixin.py:188} INFO - [2026-05-14T13:38:01.783+0000] {dag.py:3096} INFO - Sync 1 DAGs
[2026-05-14T13:38:01.817+0000] {logging_mixin.py:188} INFO - [2026-05-14T13:38:01.817+0000] {dag.py:3954} INFO - Setting next_dagrun for produce_json to 2026-05-14 13:00:00+00:00, run_after=2026-05-15 13:00:00+00:00
[2026-05-14T13:38:01.873+0000] {processor.py:183} INFO - Processing /opt/airflow/dags/main.py took 0.186 seconds
[2026-05-14T13:38:32.428+0000] {processor.py:161} INFO - Started process (PID=917) to work on /opt/airflow/dags/main.py
[2026-05-14T13:38:32.431+0000] {processor.py:830} INFO - Processing file /opt/airflow/dags/main.py for tasks to queue
[2026-05-14T13:38:32.435+0000] {logging_mixin.py:188} INFO - [2026-05-14T13:38:32.435+0000] {dagbag.py:545} INFO - Filling up the DagBag from /opt/airflow/dags/main.py
[2026-05-14T13:38:32.522+0000] {processor.py:840} INFO - DAG(s) 'produce_json' retrieved from /opt/airflow/dags/main.py
[2026-05-14T13:38:32.552+0000] {logging_mixin.py:188} INFO - [2026-05-14T13:38:32.552+0000] {dag.py:3096} INFO - Sync 1 DAGs
[2026-05-14T13:38:32.580+0000] {logging_mixin.py:188} INFO - [2026-05-14T13:38:32.580+0000] {dag.py:3954} INFO - Setting next_dagrun for produce_json to 2026-05-14 13:00:00+00:00, run_after=2026-05-15 13:00:00+00:00
[2026-05-14T13:38:32.638+0000] {processor.py:183} INFO - Processing /opt/airflow/dags/main.py took 0.218 seconds
[2026-05-14T13:39:02.742+0000] {processor.py:161} INFO - Started process (PID=924) to work on /opt/airflow/dags/main.py
[2026-05-14T13:39:02.744+0000] {processor.py:830} INFO - Processing file /opt/airflow/dags/main.py for tasks to queue
[2026-05-14T13:39:02.746+0000] {logging_mixin.py:188} INFO - [2026-05-14T13:39:02.746+0000] {dagbag.py:545} INFO - Filling up the DagBag from /opt/airflow/dags/main.py
[2026-05-14T13:39:02.807+0000] {processor.py:840} INFO - DAG(s) 'produce_json' retrieved from /opt/airflow/dags/main.py
[2026-05-14T13:39:02.833+0000] {logging_mixin.py:188} INFO - [2026-05-14T13:39:02.833+0000] {dag.py:3096} INFO - Sync 1 DAGs
[2026-05-14T13:39:02.861+0000] {logging_mixin.py:188} INFO - [2026-05-14T13:39:02.861+0000] {dag.py:3954} INFO - Setting next_dagrun for produce_json to 2026-05-14 13:00:00+00:00, run_after=2026-05-15 13:00:00+00:00
[2026-05-14T13:39:02.933+0000] {processor.py:183} INFO - Processing /opt/airflow/dags/main.py took 0.199 seconds
[2026-05-14T13:39:33.261+0000] {processor.py:161} INFO - Started process (PID=931) to work on /opt/airflow/dags/main.py
[2026-05-14T13:39:33.263+0000] {processor.py:830} INFO - Processing file /opt/airflow/dags/main.py for tasks to queue
[2026-05-14T13:39:33.267+0000] {logging_mixin.py:188} INFO - [2026-05-14T13:39:33.267+0000] {dagbag.py:545} INFO - Filling up the DagBag from /opt/airflow/dags/main.py
[2026-05-14T13:39:33.362+0000] {processor.py:840} INFO - DAG(s) 'produce_json' retrieved from /opt/airflow/dags/main.py
[2026-05-14T13:39:33.394+0000] {logging_mixin.py:188} INFO - [2026-05-14T13:39:33.393+0000] {dag.py:3096} INFO - Sync 1 DAGs
[2026-05-14T13:39:33.427+0000] {logging_mixin.py:188} INFO - [2026-05-14T13:39:33.426+0000] {dag.py:3954} INFO - Setting next_dagrun for produce_json to 2026-05-14 13:00:00+00:00, run_after=2026-05-15 13:00:00+00:00
[2026-05-14T13:39:33.499+0000] {processor.py:183} INFO - Processing /opt/airflow/dags/main.py took 0.247 seconds
[2026-05-14T13:40:03.593+0000] {processor.py:161} INFO - Started process (PID=938) to work on /opt/airflow/dags/main.py
[2026-05-14T13:40:03.594+0000] {processor.py:830} INFO - Processing file /opt/airflow/dags/main.py for tasks to queue
[2026-05-14T13:40:03.597+0000] {logging_mixin.py:188} INFO - [2026-05-14T13:40:03.597+0000] {dagbag.py:545} INFO - Filling up the DagBag from /opt/airflow/dags/main.py
[2026-05-14T13:40:03.659+0000] {processor.py:840} INFO - DAG(s) 'produce_json' retrieved from /opt/airflow/dags/main.py
[2026-05-14T13:40:03.683+0000] {logging_mixin.py:188} INFO - [2026-05-14T13:40:03.683+0000] {dag.py:3096} INFO - Sync 1 DAGs
[2026-05-14T13:40:03.708+0000] {logging_mixin.py:188} INFO - [2026-05-14T13:40:03.707+0000] {dag.py:3954} INFO - Setting next_dagrun for produce_json to 2026-05-14 13:00:00+00:00, run_after=2026-05-15 13:00:00+00:00
[2026-05-14T13:40:03.783+0000] {processor.py:183} INFO - Processing /opt/airflow/dags/main.py took 0.197 seconds
[2026-05-14T13:40:34.119+0000] {processor.py:161} INFO - Started process (PID=945) to work on /opt/airflow/dags/main.py
[2026-05-14T13:40:34.121+0000] {processor.py:830} INFO - Processing file /opt/airflow/dags/main.py for tasks to queue
[2026-05-14T13:40:34.124+0000] {logging_mixin.py:188} INFO - [2026-05-14T13:40:34.124+0000] {dagbag.py:545} INFO - Filling up the DagBag from /opt/airflow/dags/main.py
[2026-05-14T13:40:34.205+0000] {processor.py:840} INFO - DAG(s) 'produce_json' retrieved from /opt/airflow/dags/main.py
[2026-05-14T13:40:34.232+0000] {logging_mixin.py:188} INFO - [2026-05-14T13:40:34.231+0000] {dag.py:3096} INFO - Sync 1 DAGs
[2026-05-14T13:40:34.260+0000] {logging_mixin.py:188} INFO - [2026-05-14T13:40:34.260+0000] {dag.py:3954} INFO - Setting next_dagrun for produce_json to 2026-05-14 13:00:00+00:00, run_after=2026-05-15 13:00:00+00:00
[2026-05-14T13:40:34.340+0000] {processor.py:183} INFO - Processing /opt/airflow/dags/main.py took 0.232 seconds
[2026-05-14T13:41:04.443+0000] {processor.py:161} INFO - Started process (PID=952) to work on /opt/airflow/dags/main.py
[2026-05-14T13:41:04.445+0000] {processor.py:830} INFO - Processing file /opt/airflow/dags/main.py for tasks to queue
[2026-05-14T13:41:04.450+0000] {logging_mixin.py:188} INFO - [2026-05-14T13:41:04.449+0000] {dagbag.py:545} INFO - Filling up the DagBag from /opt/airflow/dags/main.py
[2026-05-14T13:41:04.539+0000] {processor.py:840} INFO - DAG(s) 'produce_json' retrieved from /opt/airflow/dags/main.py
[2026-05-14T13:41:04.572+0000] {logging_mixin.py:188} INFO - [2026-05-14T13:41:04.571+0000] {dag.py:3096} INFO - Sync 1 DAGs
[2026-05-14T13:41:04.606+0000] {logging_mixin.py:188} INFO - [2026-05-14T13:41:04.606+0000] {dag.py:3954} INFO - Setting next_dagrun for produce_json to 2026-05-14 13:00:00+00:00, run_after=2026-05-15 13:00:00+00:00
[2026-05-14T13:41:04.675+0000] {processor.py:183} INFO - Processing /opt/airflow/dags/main.py took 0.242 seconds
[2026-05-14T13:41:34.966+0000] {processor.py:161} INFO - Started process (PID=959) to work on /opt/airflow/dags/main.py
[2026-05-14T13:41:34.967+0000] {processor.py:830} INFO - Processing file /opt/airflow/dags/main.py for tasks to queue
[2026-05-14T13:41:34.970+0000] {logging_mixin.py:188} INFO - [2026-05-14T13:41:34.969+0000] {dagbag.py:545} INFO - Filling up the DagBag from /opt/airflow/dags/main.py
[2026-05-14T13:41:35.036+0000] {processor.py:840} INFO - DAG(s) 'produce_json' retrieved from /opt/airflow/dags/main.py
[2026-05-14T13:41:35.061+0000] {logging_mixin.py:188} INFO - [2026-05-14T13:41:35.061+0000] {dag.py:3096} INFO - Sync 1 DAGs
[2026-05-14T13:41:35.087+0000] {logging_mixin.py:188} INFO - [2026-05-14T13:41:35.087+0000] {dag.py:3954} INFO - Setting next_dagrun for produce_json to 2026-05-14 13:00:00+00:00, run_after=2026-05-15 13:00:00+00:00
[2026-05-14T13:41:35.153+0000] {processor.py:183} INFO - Processing /opt/airflow/dags/main.py took 0.193 seconds
[2026-05-14T13:42:05.293+0000] {processor.py:161} INFO - Started process (PID=965) to work on /opt/airflow/dags/main.py
[2026-05-14T13:42:05.297+0000] {processor.py:830} INFO - Processing file /opt/airflow/dags/main.py for tasks to queue
[2026-05-14T13:42:05.300+0000] {logging_mixin.py:188} INFO - [2026-05-14T13:42:05.300+0000] {dagbag.py:545} INFO - Filling up the DagBag from /opt/airflow/dags/main.py
[2026-05-14T13:42:05.367+0000] {processor.py:840} INFO - DAG(s) 'produce_json' retrieved from /opt/airflow/dags/main.py
[2026-05-14T13:42:05.394+0000] {logging_mixin.py:188} INFO - [2026-05-14T13:42:05.394+0000] {dag.py:3096} INFO - Sync 1 DAGs
[2026-05-14T13:42:05.421+0000] {logging_mixin.py:188} INFO - [2026-05-14T13:42:05.421+0000] {dag.py:3954} INFO - Setting next_dagrun for produce_json to 2026-05-14 13:00:00+00:00, run_after=2026-05-15 13:00:00+00:00
[2026-05-14T13:42:05.496+0000] {processor.py:183} INFO - Processing /opt/airflow/dags/main.py took 0.211 seconds
[2026-05-14T13:42:35.763+0000] {processor.py:161} INFO - Started process (PID=972) to work on /opt/airflow/dags/main.py
[2026-05-14T13:42:35.765+0000] {processor.py:830} INFO - Processing file /opt/airflow/dags/main.py for tasks to queue
[2026-05-14T13:42:35.768+0000] {logging_mixin.py:188} INFO - [2026-05-14T13:42:35.768+0000] {dagbag.py:545} INFO - Filling up the DagBag from /opt/airflow/dags/main.py
[2026-05-14T13:42:35.855+0000] {processor.py:840} INFO - DAG(s) 'produce_json' retrieved from /opt/airflow/dags/main.py
[2026-05-14T13:42:35.886+0000] {logging_mixin.py:188} INFO - [2026-05-14T13:42:35.886+0000] {dag.py:3096} INFO - Sync 1 DAGs
[2026-05-14T13:42:35.914+0000] {logging_mixin.py:188} INFO - [2026-05-14T13:42:35.914+0000] {dag.py:3954} INFO - Setting next_dagrun for produce_json to 2026-05-14 13:00:00+00:00, run_after=2026-05-15 13:00:00+00:00
[2026-05-14T13:42:35.939+0000] {processor.py:183} INFO - Processing /opt/airflow/dags/main.py took 0.185 seconds
[2026-05-14T13:43:06.128+0000] {processor.py:161} INFO - Started process (PID=979) to work on /opt/airflow/dags/main.py
[2026-05-14T13:43:06.130+0000] {processor.py:830} INFO - Processing file /opt/airflow/dags/main.py for tasks to queue
[2026-05-14T13:43:06.134+0000] {logging_mixin.py:188} INFO - [2026-05-14T13:43:06.133+0000] {dagbag.py:545} INFO - Filling up the DagBag from /opt/airflow/dags/main.py
[2026-05-14T13:43:06.211+0000] {processor.py:840} INFO - DAG(s) 'produce_json' retrieved from /opt/airflow/dags/main.py
[2026-05-14T13:43:06.244+0000] {logging_mixin.py:188} INFO - [2026-05-14T13:43:06.244+0000] {dag.py:3096} INFO - Sync 1 DAGs
[2026-05-14T13:43:06.273+0000] {logging_mixin.py:188} INFO - [2026-05-14T13:43:06.273+0000] {dag.py:3954} INFO - Setting next_dagrun for produce_json to 2026-05-14 13:00:00+00:00, run_after=2026-05-15 13:00:00+00:00
[2026-05-14T13:43:06.348+0000] {processor.py:183} INFO - Processing /opt/airflow/dags/main.py took 0.230 seconds
[2026-05-14T13:43:36.751+0000] {processor.py:161} INFO - Started process (PID=986) to work on /opt/airflow/dags/main.py
[2026-05-14T13:43:36.752+0000] {processor.py:830} INFO - Processing file /opt/airflow/dags/main.py for tasks to queue
[2026-05-14T13:43:36.754+0000] {logging_mixin.py:188} INFO - [2026-05-14T13:43:36.754+0000] {dagbag.py:545} INFO - Filling up the DagBag from /opt/airflow/dags/main.py
[2026-05-14T13:43:36.853+0000] {processor.py:840} INFO - DAG(s) 'produce_json' retrieved from /opt/airflow/dags/main.py
[2026-05-14T13:43:36.918+0000] {logging_mixin.py:188} INFO - [2026-05-14T13:43:36.917+0000] {dag.py:3096} INFO - Sync 1 DAGs
[2026-05-14T13:43:36.977+0000] {logging_mixin.py:188} INFO - [2026-05-14T13:43:36.976+0000] {dag.py:3954} INFO - Setting next_dagrun for produce_json to 2026-05-14 13:00:00+00:00, run_after=2026-05-15 13:00:00+00:00
[2026-05-14T13:43:37.067+0000] {processor.py:183} INFO - Processing /opt/airflow/dags/main.py took 0.323 seconds
[2026-05-14T13:44:07.407+0000] {processor.py:161} INFO - Started process (PID=993) to work on /opt/airflow/dags/main.py
[2026-05-14T13:44:07.408+0000] {processor.py:830} INFO - Processing file /opt/airflow/dags/main.py for tasks to queue
[2026-05-14T13:44:07.411+0000] {logging_mixin.py:188} INFO - [2026-05-14T13:44:07.411+0000] {dagbag.py:545} INFO - Filling up the DagBag from /opt/airflow/dags/main.py
[2026-05-14T13:44:07.475+0000] {processor.py:840} INFO - DAG(s) 'produce_json' retrieved from /opt/airflow/dags/main.py
[2026-05-14T13:44:07.503+0000] {logging_mixin.py:188} INFO - [2026-05-14T13:44:07.503+0000] {dag.py:3096} INFO - Sync 1 DAGs
[2026-05-14T13:44:07.531+0000] {logging_mixin.py:188} INFO - [2026-05-14T13:44:07.530+0000] {dag.py:3954} INFO - Setting next_dagrun for produce_json to 2026-05-14 13:00:00+00:00, run_after=2026-05-15 13:00:00+00:00
[2026-05-14T13:44:07.598+0000] {processor.py:183} INFO - Processing /opt/airflow/dags/main.py took 0.198 seconds
[2026-05-14T13:44:37.729+0000] {processor.py:161} INFO - Started process (PID=1000) to work on /opt/airflow/dags/main.py
[2026-05-14T13:44:37.731+0000] {processor.py:830} INFO - Processing file /opt/airflow/dags/main.py for tasks to queue
[2026-05-14T13:44:37.735+0000] {logging_mixin.py:188} INFO - [2026-05-14T13:44:37.734+0000] {dagbag.py:545} INFO - Filling up the DagBag from /opt/airflow/dags/main.py
[2026-05-14T13:44:37.830+0000] {processor.py:840} INFO - DAG(s) 'produce_json' retrieved from /opt/airflow/dags/main.py
[2026-05-14T13:44:37.874+0000] {logging_mixin.py:188} INFO - [2026-05-14T13:44:37.874+0000] {dag.py:3096} INFO - Sync 1 DAGs
[2026-05-14T13:44:37.912+0000] {logging_mixin.py:188} INFO - [2026-05-14T13:44:37.911+0000] {dag.py:3954} INFO - Setting next_dagrun for produce_json to 2026-05-14 13:00:00+00:00, run_after=2026-05-15 13:00:00+00:00
[2026-05-14T13:44:37.946+0000] {processor.py:183} INFO - Processing /opt/airflow/dags/main.py took 0.225 seconds
[2026-05-14T13:45:08.207+0000] {processor.py:161} INFO - Started process (PID=1007) to work on /opt/airflow/dags/main.py
[2026-05-14T13:45:08.209+0000] {processor.py:830} INFO - Processing file /opt/airflow/dags/main.py for tasks to queue
[2026-05-14T13:45:08.214+0000] {logging_mixin.py:188} INFO - [2026-05-14T13:45:08.213+0000] {dagbag.py:545} INFO - Filling up the DagBag from /opt/airflow/dags/main.py
[2026-05-14T13:45:08.299+0000] {processor.py:840} INFO - DAG(s) 'produce_json' retrieved from /opt/airflow/dags/main.py
[2026-05-14T13:45:08.334+0000] {logging_mixin.py:188} INFO - [2026-05-14T13:45:08.334+0000] {dag.py:3096} INFO - Sync 1 DAGs
[2026-05-14T13:45:08.364+0000] {logging_mixin.py:188} INFO - [2026-05-14T13:45:08.364+0000] {dag.py:3954} INFO - Setting next_dagrun for produce_json to 2026-05-14 13:00:00+00:00, run_after=2026-05-15 13:00:00+00:00
[2026-05-14T13:45:08.406+0000] {processor.py:183} INFO - Processing /opt/airflow/dags/main.py took 0.209 seconds
[2026-05-14T13:45:38.561+0000] {processor.py:161} INFO - Started process (PID=1014) to work on /opt/airflow/dags/main.py
[2026-05-14T13:45:38.563+0000] {processor.py:830} INFO - Processing file /opt/airflow/dags/main.py for tasks to queue
[2026-05-14T13:45:38.565+0000] {logging_mixin.py:188} INFO - [2026-05-14T13:45:38.565+0000] {dagbag.py:545} INFO - Filling up the DagBag from /opt/airflow/dags/main.py
[2026-05-14T13:45:38.633+0000] {processor.py:840} INFO - DAG(s) 'produce_json' retrieved from /opt/airflow/dags/main.py
[2026-05-14T13:45:38.669+0000] {logging_mixin.py:188} INFO - [2026-05-14T13:45:38.669+0000] {dag.py:3096} INFO - Sync 1 DAGs
[2026-05-14T13:45:38.703+0000] {logging_mixin.py:188} INFO - [2026-05-14T13:45:38.703+0000] {dag.py:3954} INFO - Setting next_dagrun for produce_json to 2026-05-14 13:00:00+00:00, run_after=2026-05-15 13:00:00+00:00
[2026-05-14T13:45:38.730+0000] {processor.py:183} INFO - Processing /opt/airflow/dags/main.py took 0.176 seconds
[2026-05-14T13:46:09.049+0000] {processor.py:161} INFO - Started process (PID=1021) to work on /opt/airflow/dags/main.py
[2026-05-14T13:46:09.051+0000] {processor.py:830} INFO - Processing file /opt/airflow/dags/main.py for tasks to queue
[2026-05-14T13:46:09.055+0000] {logging_mixin.py:188} INFO - [2026-05-14T13:46:09.054+0000] {dagbag.py:545} INFO - Filling up the DagBag from /opt/airflow/dags/main.py
[2026-05-14T13:46:09.135+0000] {processor.py:840} INFO - DAG(s) 'produce_json' retrieved from /opt/airflow/dags/main.py
[2026-05-14T13:46:09.163+0000] {logging_mixin.py:188} INFO - [2026-05-14T13:46:09.163+0000] {dag.py:3096} INFO - Sync 1 DAGs
[2026-05-14T13:46:09.194+0000] {logging_mixin.py:188} INFO - [2026-05-14T13:46:09.193+0000] {dag.py:3954} INFO - Setting next_dagrun for produce_json to 2026-05-14 13:00:00+00:00, run_after=2026-05-15 13:00:00+00:00
[2026-05-14T13:46:09.284+0000] {processor.py:183} INFO - Processing /opt/airflow/dags/main.py took 0.244 seconds
[2026-05-14T13:46:39.379+0000] {processor.py:161} INFO - Started process (PID=1028) to work on /opt/airflow/dags/main.py
[2026-05-14T13:46:39.381+0000] {processor.py:830} INFO - Processing file /opt/airflow/dags/main.py for tasks to queue
[2026-05-14T13:46:39.385+0000] {logging_mixin.py:188} INFO - [2026-05-14T13:46:39.385+0000] {dagbag.py:545} INFO - Filling up the DagBag from /opt/airflow/dags/main.py
[2026-05-14T13:46:39.502+0000] {processor.py:840} INFO - DAG(s) 'produce_json' retrieved from /opt/airflow/dags/main.py
[2026-05-14T13:46:39.546+0000] {logging_mixin.py:188} INFO - [2026-05-14T13:46:39.546+0000] {dag.py:3096} INFO - Sync 1 DAGs
[2026-05-14T13:46:39.593+0000] {logging_mixin.py:188} INFO - [2026-05-14T13:46:39.593+0000] {dag.py:3954} INFO - Setting next_dagrun for produce_json to 2026-05-14 13:00:00+00:00, run_after=2026-05-15 13:00:00+00:00
[2026-05-14T13:46:39.661+0000] {processor.py:183} INFO - Processing /opt/airflow/dags/main.py took 0.291 seconds
[2026-05-14T13:47:09.922+0000] {processor.py:161} INFO - Started process (PID=1041) to work on /opt/airflow/dags/main.py
[2026-05-14T13:47:09.924+0000] {processor.py:830} INFO - Processing file /opt/airflow/dags/main.py for tasks to queue
[2026-05-14T13:47:09.928+0000] {logging_mixin.py:188} INFO - [2026-05-14T13:47:09.928+0000] {dagbag.py:545} INFO - Filling up the DagBag from /opt/airflow/dags/main.py
[2026-05-14T13:47:10.036+0000] {processor.py:840} INFO - DAG(s) 'produce_json' retrieved from /opt/airflow/dags/main.py
[2026-05-14T13:47:10.060+0000] {logging_mixin.py:188} INFO - [2026-05-14T13:47:10.060+0000] {dag.py:3096} INFO - Sync 1 DAGs
[2026-05-14T13:47:10.085+0000] {logging_mixin.py:188} INFO - [2026-05-14T13:47:10.085+0000] {dag.py:3954} INFO - Setting next_dagrun for produce_json to 2026-05-14 13:00:00+00:00, run_after=2026-05-15 13:00:00+00:00
[2026-05-14T13:47:10.158+0000] {processor.py:183} INFO - Processing /opt/airflow/dags/main.py took 0.246 seconds
[2026-05-14T13:47:40.229+0000] {processor.py:161} INFO - Started process (PID=1048) to work on /opt/airflow/dags/main.py
[2026-05-14T13:47:40.233+0000] {processor.py:830} INFO - Processing file /opt/airflow/dags/main.py for tasks to queue
[2026-05-14T13:47:40.239+0000] {logging_mixin.py:188} INFO - [2026-05-14T13:47:40.238+0000] {dagbag.py:545} INFO - Filling up the DagBag from /opt/airflow/dags/main.py
[2026-05-14T13:47:40.344+0000] {processor.py:840} INFO - DAG(s) 'produce_json' retrieved from /opt/airflow/dags/main.py
[2026-05-14T13:47:40.384+0000] {logging_mixin.py:188} INFO - [2026-05-14T13:47:40.384+0000] {dag.py:3096} INFO - Sync 1 DAGs
[2026-05-14T13:47:40.423+0000] {logging_mixin.py:188} INFO - [2026-05-14T13:47:40.423+0000] {dag.py:3954} INFO - Setting next_dagrun for produce_json to 2026-05-14 13:00:00+00:00, run_after=2026-05-15 13:00:00+00:00
[2026-05-14T13:47:40.494+0000] {processor.py:183} INFO - Processing /opt/airflow/dags/main.py took 0.279 seconds
[2026-05-14T13:48:10.764+0000] {processor.py:161} INFO - Started process (PID=1055) to work on /opt/airflow/dags/main.py
[2026-05-14T13:48:10.766+0000] {processor.py:830} INFO - Processing file /opt/airflow/dags/main.py for tasks to queue
[2026-05-14T13:48:10.769+0000] {logging_mixin.py:188} INFO - [2026-05-14T13:48:10.769+0000] {dagbag.py:545} INFO - Filling up the DagBag from /opt/airflow/dags/main.py
[2026-05-14T13:48:10.872+0000] {processor.py:840} INFO - DAG(s) 'produce_json' retrieved from /opt/airflow/dags/main.py
[2026-05-14T13:48:10.903+0000] {logging_mixin.py:188} INFO - [2026-05-14T13:48:10.903+0000] {dag.py:3096} INFO - Sync 1 DAGs
[2026-05-14T13:48:10.932+0000] {logging_mixin.py:188} INFO - [2026-05-14T13:48:10.932+0000] {dag.py:3954} INFO - Setting next_dagrun for produce_json to 2026-05-14 13:00:00+00:00, run_after=2026-05-15 13:00:00+00:00
[2026-05-14T13:48:11.000+0000] {processor.py:183} INFO - Processing /opt/airflow/dags/main.py took 0.248 seconds
[2026-05-14T13:48:41.414+0000] {processor.py:161} INFO - Started process (PID=1062) to work on /opt/airflow/dags/main.py
[2026-05-14T13:48:41.417+0000] {processor.py:830} INFO - Processing file /opt/airflow/dags/main.py for tasks to queue
[2026-05-14T13:48:41.423+0000] {logging_mixin.py:188} INFO - [2026-05-14T13:48:41.422+0000] {dagbag.py:545} INFO - Filling up the DagBag from /opt/airflow/dags/main.py
[2026-05-14T13:48:41.553+0000] {processor.py:840} INFO - DAG(s) 'produce_json' retrieved from /opt/airflow/dags/main.py
[2026-05-14T13:48:41.579+0000] {logging_mixin.py:188} INFO - [2026-05-14T13:48:41.578+0000] {dag.py:3096} INFO - Sync 1 DAGs
[2026-05-14T13:48:41.604+0000] {logging_mixin.py:188} INFO - [2026-05-14T13:48:41.604+0000] {dag.py:3954} INFO - Setting next_dagrun for produce_json to 2026-05-14 13:00:00+00:00, run_after=2026-05-15 13:00:00+00:00
[2026-05-14T13:48:41.629+0000] {processor.py:183} INFO - Processing /opt/airflow/dags/main.py took 0.229 seconds
[2026-05-14T13:49:11.793+0000] {processor.py:161} INFO - Started process (PID=1069) to work on /opt/airflow/dags/main.py
[2026-05-14T13:49:11.795+0000] {processor.py:830} INFO - Processing file /opt/airflow/dags/main.py for tasks to queue
[2026-05-14T13:49:11.798+0000] {logging_mixin.py:188} INFO - [2026-05-14T13:49:11.797+0000] {dagbag.py:545} INFO - Filling up the DagBag from /opt/airflow/dags/main.py
[2026-05-14T13:49:11.949+0000] {processor.py:840} INFO - DAG(s) 'produce_json' retrieved from /opt/airflow/dags/main.py
[2026-05-14T13:49:12.000+0000] {logging_mixin.py:188} INFO - [2026-05-14T13:49:11.999+0000] {dag.py:3096} INFO - Sync 1 DAGs
[2026-05-14T13:49:12.061+0000] {logging_mixin.py:188} INFO - [2026-05-14T13:49:12.061+0000] {dag.py:3954} INFO - Setting next_dagrun for produce_json to 2026-05-14 13:00:00+00:00, run_after=2026-05-15 13:00:00+00:00
[2026-05-14T13:49:12.162+0000] {processor.py:183} INFO - Processing /opt/airflow/dags/main.py took 0.383 seconds
[2026-05-14T13:49:42.530+0000] {processor.py:161} INFO - Started process (PID=1076) to work on /opt/airflow/dags/main.py
[2026-05-14T13:49:42.534+0000] {processor.py:830} INFO - Processing file /opt/airflow/dags/main.py for tasks to queue
[2026-05-14T13:49:42.544+0000] {logging_mixin.py:188} INFO - [2026-05-14T13:49:42.543+0000] {dagbag.py:545} INFO - Filling up the DagBag from /opt/airflow/dags/main.py
[2026-05-14T13:49:42.802+0000] {processor.py:840} INFO - DAG(s) 'produce_json' retrieved from /opt/airflow/dags/main.py
[2026-05-14T13:49:42.873+0000] {logging_mixin.py:188} INFO - [2026-05-14T13:49:42.872+0000] {dag.py:3096} INFO - Sync 1 DAGs
[2026-05-14T13:49:42.924+0000] {logging_mixin.py:188} INFO - [2026-05-14T13:49:42.924+0000] {dag.py:3954} INFO - Setting next_dagrun for produce_json to 2026-05-14 13:00:00+00:00, run_after=2026-05-15 13:00:00+00:00
[2026-05-14T13:49:42.973+0000] {processor.py:183} INFO - Processing /opt/airflow/dags/main.py took 0.467 seconds
[2026-05-14T13:50:13.462+0000] {processor.py:161} INFO - Started process (PID=1084) to work on /opt/airflow/dags/main.py
[2026-05-14T13:50:13.464+0000] {processor.py:830} INFO - Processing file /opt/airflow/dags/main.py for tasks to queue
[2026-05-14T13:50:13.469+0000] {logging_mixin.py:188} INFO - [2026-05-14T13:50:13.469+0000] {dagbag.py:545} INFO - Filling up the DagBag from /opt/airflow/dags/main.py
[2026-05-14T13:50:13.570+0000] {processor.py:840} INFO - DAG(s) 'produce_json' retrieved from /opt/airflow/dags/main.py
[2026-05-14T13:50:13.600+0000] {logging_mixin.py:188} INFO - [2026-05-14T13:50:13.600+0000] {dag.py:3096} INFO - Sync 1 DAGs
[2026-05-14T13:50:13.634+0000] {logging_mixin.py:188} INFO - [2026-05-14T13:50:13.634+0000] {dag.py:3954} INFO - Setting next_dagrun for produce_json to 2026-05-14 13:00:00+00:00, run_after=2026-05-15 13:00:00+00:00
[2026-05-14T13:50:13.727+0000] {processor.py:183} INFO - Processing /opt/airflow/dags/main.py took 0.278 seconds
[2026-05-14T13:50:44.068+0000] {processor.py:161} INFO - Started process (PID=1091) to work on /opt/airflow/dags/main.py
[2026-05-14T13:50:44.070+0000] {processor.py:830} INFO - Processing file /opt/airflow/dags/main.py for tasks to queue
[2026-05-14T13:50:44.072+0000] {logging_mixin.py:188} INFO - [2026-05-14T13:50:44.072+0000] {dagbag.py:545} INFO - Filling up the DagBag from /opt/airflow/dags/main.py
[2026-05-14T13:50:44.163+0000] {processor.py:840} INFO - DAG(s) 'produce_json' retrieved from /opt/airflow/dags/main.py
[2026-05-14T13:50:44.195+0000] {logging_mixin.py:188} INFO - [2026-05-14T13:50:44.194+0000] {dag.py:3096} INFO - Sync 1 DAGs
[2026-05-14T13:50:44.239+0000] {logging_mixin.py:188} INFO - [2026-05-14T13:50:44.238+0000] {dag.py:3954} INFO - Setting next_dagrun for produce_json to 2026-05-14 13:00:00+00:00, run_after=2026-05-15 13:00:00+00:00
[2026-05-14T13:50:44.327+0000] {processor.py:183} INFO - Processing /opt/airflow/dags/main.py took 0.267 seconds
[2026-05-14T13:51:14.416+0000] {processor.py:161} INFO - Started process (PID=1098) to work on /opt/airflow/dags/main.py
[2026-05-14T13:51:14.418+0000] {processor.py:830} INFO - Processing file /opt/airflow/dags/main.py for tasks to queue
[2026-05-14T13:51:14.420+0000] {logging_mixin.py:188} INFO - [2026-05-14T13:51:14.420+0000] {dagbag.py:545} INFO - Filling up the DagBag from /opt/airflow/dags/main.py
[2026-05-14T13:51:14.497+0000] {processor.py:840} INFO - DAG(s) 'produce_json' retrieved from /opt/airflow/dags/main.py
[2026-05-14T13:51:14.532+0000] {logging_mixin.py:188} INFO - [2026-05-14T13:51:14.531+0000] {dag.py:3096} INFO - Sync 1 DAGs
[2026-05-14T13:51:14.570+0000] {logging_mixin.py:188} INFO - [2026-05-14T13:51:14.570+0000] {dag.py:3954} INFO - Setting next_dagrun for produce_json to 2026-05-14 13:00:00+00:00, run_after=2026-05-15 13:00:00+00:00
[2026-05-14T13:51:14.640+0000] {processor.py:183} INFO - Processing /opt/airflow/dags/main.py took 0.230 seconds
[2026-05-14T13:51:45.101+0000] {processor.py:161} INFO - Started process (PID=1104) to work on /opt/airflow/dags/main.py
[2026-05-14T13:51:45.103+0000] {processor.py:830} INFO - Processing file /opt/airflow/dags/main.py for tasks to queue
[2026-05-14T13:51:45.109+0000] {logging_mixin.py:188} INFO - [2026-05-14T13:51:45.108+0000] {dagbag.py:545} INFO - Filling up the DagBag from /opt/airflow/dags/main.py
[2026-05-14T13:51:45.207+0000] {processor.py:840} INFO - DAG(s) 'produce_json' retrieved from /opt/airflow/dags/main.py
[2026-05-14T13:51:45.235+0000] {logging_mixin.py:188} INFO - [2026-05-14T13:51:45.234+0000] {dag.py:3096} INFO - Sync 1 DAGs
[2026-05-14T13:51:45.264+0000] {logging_mixin.py:188} INFO - [2026-05-14T13:51:45.263+0000] {dag.py:3954} INFO - Setting next_dagrun for produce_json to 2026-05-14 13:00:00+00:00, run_after=2026-05-15 13:00:00+00:00
[2026-05-14T13:51:45.339+0000] {processor.py:183} INFO - Processing /opt/airflow/dags/main.py took 0.251 seconds
[2026-05-14T13:52:15.433+0000] {processor.py:161} INFO - Started process (PID=1111) to work on /opt/airflow/dags/main.py
[2026-05-14T13:52:15.435+0000] {processor.py:830} INFO - Processing file /opt/airflow/dags/main.py for tasks to queue
[2026-05-14T13:52:15.437+0000] {logging_mixin.py:188} INFO - [2026-05-14T13:52:15.437+0000] {dagbag.py:545} INFO - Filling up the DagBag from /opt/airflow/dags/main.py
[2026-05-14T13:52:15.526+0000] {processor.py:840} INFO - DAG(s) 'produce_json' retrieved from /opt/airflow/dags/main.py
[2026-05-14T13:52:15.577+0000] {logging_mixin.py:188} INFO - [2026-05-14T13:52:15.577+0000] {dag.py:3096} INFO - Sync 1 DAGs
[2026-05-14T13:52:15.614+0000] {logging_mixin.py:188} INFO - [2026-05-14T13:52:15.614+0000] {dag.py:3954} INFO - Setting next_dagrun for produce_json to 2026-05-14 13:00:00+00:00, run_after=2026-05-15 13:00:00+00:00
[2026-05-14T13:52:15.688+0000] {processor.py:183} INFO - Processing /opt/airflow/dags/main.py took 0.262 seconds
[2026-05-14T13:52:45.988+0000] {processor.py:161} INFO - Started process (PID=1118) to work on /opt/airflow/dags/main.py
[2026-05-14T13:52:45.991+0000] {processor.py:830} INFO - Processing file /opt/airflow/dags/main.py for tasks to queue
[2026-05-14T13:52:45.995+0000] {logging_mixin.py:188} INFO - [2026-05-14T13:52:45.994+0000] {dagbag.py:545} INFO - Filling up the DagBag from /opt/airflow/dags/main.py
[2026-05-14T13:52:46.153+0000] {processor.py:840} INFO - DAG(s) 'produce_json' retrieved from /opt/airflow/dags/main.py
[2026-05-14T13:52:46.231+0000] {logging_mixin.py:188} INFO - [2026-05-14T13:52:46.231+0000] {dag.py:3096} INFO - Sync 1 DAGs
[2026-05-14T13:52:46.275+0000] {logging_mixin.py:188} INFO - [2026-05-14T13:52:46.275+0000] {dag.py:3954} INFO - Setting next_dagrun for produce_json to 2026-05-14 13:00:00+00:00, run_after=2026-05-15 13:00:00+00:00
[2026-05-14T13:52:46.321+0000] {processor.py:183} INFO - Processing /opt/airflow/dags/main.py took 0.354 seconds
[2026-05-14T13:53:16.746+0000] {processor.py:161} INFO - Started process (PID=1125) to work on /opt/airflow/dags/main.py
[2026-05-14T13:53:16.749+0000] {processor.py:830} INFO - Processing file /opt/airflow/dags/main.py for tasks to queue
[2026-05-14T13:53:16.758+0000] {logging_mixin.py:188} INFO - [2026-05-14T13:53:16.757+0000] {dagbag.py:545} INFO - Filling up the DagBag from /opt/airflow/dags/main.py
[2026-05-14T13:53:16.969+0000] {processor.py:840} INFO - DAG(s) 'produce_json' retrieved from /opt/airflow/dags/main.py
[2026-05-14T13:53:17.095+0000] {logging_mixin.py:188} INFO - [2026-05-14T13:53:17.095+0000] {dag.py:3096} INFO - Sync 1 DAGs
[2026-05-14T13:53:17.157+0000] {logging_mixin.py:188} INFO - [2026-05-14T13:53:17.156+0000] {dag.py:3954} INFO - Setting next_dagrun for produce_json to 2026-05-14 13:00:00+00:00, run_after=2026-05-15 13:00:00+00:00
[2026-05-14T13:53:17.244+0000] {processor.py:183} INFO - Processing /opt/airflow/dags/main.py took 0.522 seconds
[2026-05-14T13:53:47.910+0000] {processor.py:161} INFO - Started process (PID=1132) to work on /opt/airflow/dags/main.py
[2026-05-14T13:53:47.912+0000] {processor.py:830} INFO - Processing file /opt/airflow/dags/main.py for tasks to queue
[2026-05-14T13:53:47.916+0000] {logging_mixin.py:188} INFO - [2026-05-14T13:53:47.915+0000] {dagbag.py:545} INFO - Filling up the DagBag from /opt/airflow/dags/main.py
[2026-05-14T13:53:48.029+0000] {processor.py:840} INFO - DAG(s) 'produce_json' retrieved from /opt/airflow/dags/main.py
[2026-05-14T13:53:48.068+0000] {logging_mixin.py:188} INFO - [2026-05-14T13:53:48.068+0000] {dag.py:3096} INFO - Sync 1 DAGs
[2026-05-14T13:53:48.101+0000] {logging_mixin.py:188} INFO - [2026-05-14T13:53:48.101+0000] {dag.py:3954} INFO - Setting next_dagrun for produce_json to 2026-05-14 13:00:00+00:00, run_after=2026-05-15 13:00:00+00:00
[2026-05-14T13:53:48.178+0000] {processor.py:183} INFO - Processing /opt/airflow/dags/main.py took 0.276 seconds
[2026-05-14T13:54:18.242+0000] {processor.py:161} INFO - Started process (PID=1139) to work on /opt/airflow/dags/main.py
[2026-05-14T13:54:18.244+0000] {processor.py:830} INFO - Processing file /opt/airflow/dags/main.py for tasks to queue
[2026-05-14T13:54:18.247+0000] {logging_mixin.py:188} INFO - [2026-05-14T13:54:18.246+0000] {dagbag.py:545} INFO - Filling up the DagBag from /opt/airflow/dags/main.py
[2026-05-14T13:54:18.322+0000] {processor.py:840} INFO - DAG(s) 'produce_json' retrieved from /opt/airflow/dags/main.py
[2026-05-14T13:54:18.359+0000] {logging_mixin.py:188} INFO - [2026-05-14T13:54:18.359+0000] {dag.py:3096} INFO - Sync 1 DAGs
[2026-05-14T13:54:18.390+0000] {logging_mixin.py:188} INFO - [2026-05-14T13:54:18.390+0000] {dag.py:3954} INFO - Setting next_dagrun for produce_json to 2026-05-14 13:00:00+00:00, run_after=2026-05-15 13:00:00+00:00
[2026-05-14T13:54:18.417+0000] {processor.py:183} INFO - Processing /opt/airflow/dags/main.py took 0.185 seconds
[2026-05-14T13:54:48.570+0000] {processor.py:161} INFO - Started process (PID=1146) to work on /opt/airflow/dags/main.py
[2026-05-14T13:54:48.573+0000] {processor.py:830} INFO - Processing file /opt/airflow/dags/main.py for tasks to queue
[2026-05-14T13:54:48.580+0000] {logging_mixin.py:188} INFO - [2026-05-14T13:54:48.579+0000] {dagbag.py:545} INFO - Filling up the DagBag from /opt/airflow/dags/main.py
[2026-05-14T13:54:48.674+0000] {processor.py:840} INFO - DAG(s) 'produce_json' retrieved from /opt/airflow/dags/main.py
[2026-05-14T13:54:48.725+0000] {logging_mixin.py:188} INFO - [2026-05-14T13:54:48.725+0000] {dag.py:3096} INFO - Sync 1 DAGs
[2026-05-14T13:54:48.762+0000] {logging_mixin.py:188} INFO - [2026-05-14T13:54:48.762+0000] {dag.py:3954} INFO - Setting next_dagrun for produce_json to 2026-05-14 13:00:00+00:00, run_after=2026-05-15 13:00:00+00:00
[2026-05-14T13:54:48.796+0000] {processor.py:183} INFO - Processing /opt/airflow/dags/main.py took 0.241 seconds
[2026-05-14T13:55:19.087+0000] {processor.py:161} INFO - Started process (PID=1152) to work on /opt/airflow/dags/main.py
[2026-05-14T13:55:19.090+0000] {processor.py:830} INFO - Processing file /opt/airflow/dags/main.py for tasks to queue
[2026-05-14T13:55:19.097+0000] {logging_mixin.py:188} INFO - [2026-05-14T13:55:19.097+0000] {dagbag.py:545} INFO - Filling up the DagBag from /opt/airflow/dags/main.py
[2026-05-14T13:55:19.204+0000] {processor.py:840} INFO - DAG(s) 'produce_json' retrieved from /opt/airflow/dags/main.py
[2026-05-14T13:55:19.236+0000] {logging_mixin.py:188} INFO - [2026-05-14T13:55:19.236+0000] {dag.py:3096} INFO - Sync 1 DAGs
[2026-05-14T13:55:19.278+0000] {logging_mixin.py:188} INFO - [2026-05-14T13:55:19.278+0000] {dag.py:3954} INFO - Setting next_dagrun for produce_json to 2026-05-14 13:00:00+00:00, run_after=2026-05-15 13:00:00+00:00
[2026-05-14T13:55:19.321+0000] {processor.py:183} INFO - Processing /opt/airflow/dags/main.py took 0.246 seconds
[2026-05-14T13:55:49.409+0000] {processor.py:161} INFO - Started process (PID=1159) to work on /opt/airflow/dags/main.py
[2026-05-14T13:55:49.411+0000] {processor.py:830} INFO - Processing file /opt/airflow/dags/main.py for tasks to queue
[2026-05-14T13:55:49.415+0000] {logging_mixin.py:188} INFO - [2026-05-14T13:55:49.415+0000] {dagbag.py:545} INFO - Filling up the DagBag from /opt/airflow/dags/main.py
[2026-05-14T13:55:49.503+0000] {processor.py:840} INFO - DAG(s) 'produce_json' retrieved from /opt/airflow/dags/main.py
[2026-05-14T13:55:49.541+0000] {logging_mixin.py:188} INFO - [2026-05-14T13:55:49.540+0000] {dag.py:3096} INFO - Sync 1 DAGs
[2026-05-14T13:55:49.574+0000] {logging_mixin.py:188} INFO - [2026-05-14T13:55:49.573+0000] {dag.py:3954} INFO - Setting next_dagrun for produce_json to 2026-05-14 13:00:00+00:00, run_after=2026-05-15 13:00:00+00:00
[2026-05-14T13:55:49.659+0000] {processor.py:183} INFO - Processing /opt/airflow/dags/main.py took 0.261 seconds
[2026-05-14T13:56:19.927+0000] {processor.py:161} INFO - Started process (PID=1166) to work on /opt/airflow/dags/main.py
[2026-05-14T13:56:19.930+0000] {processor.py:830} INFO - Processing file /opt/airflow/dags/main.py for tasks to queue
[2026-05-14T13:56:19.935+0000] {logging_mixin.py:188} INFO - [2026-05-14T13:56:19.934+0000] {dagbag.py:545} INFO - Filling up the DagBag from /opt/airflow/dags/main.py
[2026-05-14T13:56:20.041+0000] {processor.py:840} INFO - DAG(s) 'produce_json' retrieved from /opt/airflow/dags/main.py
[2026-05-14T13:56:20.082+0000] {logging_mixin.py:188} INFO - [2026-05-14T13:56:20.082+0000] {dag.py:3096} INFO - Sync 1 DAGs
[2026-05-14T13:56:20.113+0000] {logging_mixin.py:188} INFO - [2026-05-14T13:56:20.113+0000] {dag.py:3954} INFO - Setting next_dagrun for produce_json to 2026-05-14 13:00:00+00:00, run_after=2026-05-15 13:00:00+00:00
[2026-05-14T13:56:20.144+0000] {processor.py:183} INFO - Processing /opt/airflow/dags/main.py took 0.229 seconds
[2026-05-14T13:56:50.270+0000] {processor.py:161} INFO - Started process (PID=1173) to work on /opt/airflow/dags/main.py
[2026-05-14T13:56:50.272+0000] {processor.py:830} INFO - Processing file /opt/airflow/dags/main.py for tasks to queue
[2026-05-14T13:56:50.275+0000] {logging_mixin.py:188} INFO - [2026-05-14T13:56:50.275+0000] {dagbag.py:545} INFO - Filling up the DagBag from /opt/airflow/dags/main.py
[2026-05-14T13:56:50.358+0000] {processor.py:840} INFO - DAG(s) 'produce_json' retrieved from /opt/airflow/dags/main.py
[2026-05-14T13:56:50.399+0000] {logging_mixin.py:188} INFO - [2026-05-14T13:56:50.399+0000] {dag.py:3096} INFO - Sync 1 DAGs
[2026-05-14T13:56:50.435+0000] {logging_mixin.py:188} INFO - [2026-05-14T13:56:50.434+0000] {dag.py:3954} INFO - Setting next_dagrun for produce_json to 2026-05-14 13:00:00+00:00, run_after=2026-05-15 13:00:00+00:00
[2026-05-14T13:56:50.520+0000] {processor.py:183} INFO - Processing /opt/airflow/dags/main.py took 0.256 seconds
[2026-05-14T13:57:20.732+0000] {processor.py:161} INFO - Started process (PID=1180) to work on /opt/airflow/dags/main.py
[2026-05-14T13:57:20.734+0000] {processor.py:830} INFO - Processing file /opt/airflow/dags/main.py for tasks to queue
[2026-05-14T13:57:20.737+0000] {logging_mixin.py:188} INFO - [2026-05-14T13:57:20.736+0000] {dagbag.py:545} INFO - Filling up the DagBag from /opt/airflow/dags/main.py
[2026-05-14T13:57:20.801+0000] {processor.py:840} INFO - DAG(s) 'produce_json' retrieved from /opt/airflow/dags/main.py
[2026-05-14T13:57:20.827+0000] {logging_mixin.py:188} INFO - [2026-05-14T13:57:20.826+0000] {dag.py:3096} INFO - Sync 1 DAGs
[2026-05-14T13:57:20.856+0000] {logging_mixin.py:188} INFO - [2026-05-14T13:57:20.856+0000] {dag.py:3954} INFO - Setting next_dagrun for produce_json to 2026-05-14 13:00:00+00:00, run_after=2026-05-15 13:00:00+00:00
[2026-05-14T13:57:20.931+0000] {processor.py:183} INFO - Processing /opt/airflow/dags/main.py took 0.206 seconds
[2026-05-14T13:57:51.146+0000] {processor.py:161} INFO - Started process (PID=1187) to work on /opt/airflow/dags/main.py
[2026-05-14T13:57:51.148+0000] {processor.py:830} INFO - Processing file /opt/airflow/dags/main.py for tasks to queue
[2026-05-14T13:57:51.150+0000] {logging_mixin.py:188} INFO - [2026-05-14T13:57:51.150+0000] {dagbag.py:545} INFO - Filling up the DagBag from /opt/airflow/dags/main.py
[2026-05-14T13:57:51.228+0000] {processor.py:840} INFO - DAG(s) 'produce_json' retrieved from /opt/airflow/dags/main.py
[2026-05-14T13:57:51.257+0000] {logging_mixin.py:188} INFO - [2026-05-14T13:57:51.257+0000] {dag.py:3096} INFO - Sync 1 DAGs
[2026-05-14T13:57:51.284+0000] {logging_mixin.py:188} INFO - [2026-05-14T13:57:51.284+0000] {dag.py:3954} INFO - Setting next_dagrun for produce_json to 2026-05-14 13:00:00+00:00, run_after=2026-05-15 13:00:00+00:00
[2026-05-14T13:57:51.356+0000] {processor.py:183} INFO - Processing /opt/airflow/dags/main.py took 0.217 seconds
[2026-05-14T13:58:21.548+0000] {processor.py:161} INFO - Started process (PID=1194) to work on /opt/airflow/dags/main.py
[2026-05-14T13:58:21.549+0000] {processor.py:830} INFO - Processing file /opt/airflow/dags/main.py for tasks to queue
[2026-05-14T13:58:21.551+0000] {logging_mixin.py:188} INFO - [2026-05-14T13:58:21.551+0000] {dagbag.py:545} INFO - Filling up the DagBag from /opt/airflow/dags/main.py
[2026-05-14T13:58:21.616+0000] {processor.py:840} INFO - DAG(s) 'produce_json' retrieved from /opt/airflow/dags/main.py
[2026-05-14T13:58:21.643+0000] {logging_mixin.py:188} INFO - [2026-05-14T13:58:21.643+0000] {dag.py:3096} INFO - Sync 1 DAGs
[2026-05-14T13:58:21.669+0000] {logging_mixin.py:188} INFO - [2026-05-14T13:58:21.669+0000] {dag.py:3954} INFO - Setting next_dagrun for produce_json to 2026-05-14 13:00:00+00:00, run_after=2026-05-15 13:00:00+00:00
[2026-05-14T13:58:21.746+0000] {processor.py:183} INFO - Processing /opt/airflow/dags/main.py took 0.205 seconds
[2026-05-14T13:58:52.268+0000] {processor.py:161} INFO - Started process (PID=1201) to work on /opt/airflow/dags/main.py
[2026-05-14T13:58:52.270+0000] {processor.py:830} INFO - Processing file /opt/airflow/dags/main.py for tasks to queue
[2026-05-14T13:58:52.273+0000] {logging_mixin.py:188} INFO - [2026-05-14T13:58:52.272+0000] {dagbag.py:545} INFO - Filling up the DagBag from /opt/airflow/dags/main.py
[2026-05-14T13:58:52.342+0000] {processor.py:840} INFO - DAG(s) 'produce_json' retrieved from /opt/airflow/dags/main.py
[2026-05-14T13:58:52.370+0000] {logging_mixin.py:188} INFO - [2026-05-14T13:58:52.370+0000] {dag.py:3096} INFO - Sync 1 DAGs
[2026-05-14T13:58:52.407+0000] {logging_mixin.py:188} INFO - [2026-05-14T13:58:52.407+0000] {dag.py:3954} INFO - Setting next_dagrun for produce_json to 2026-05-14 13:00:00+00:00, run_after=2026-05-15 13:00:00+00:00
[2026-05-14T13:58:52.440+0000] {processor.py:183} INFO - Processing /opt/airflow/dags/main.py took 0.177 seconds
[2026-05-14T13:59:22.573+0000] {processor.py:161} INFO - Started process (PID=1208) to work on /opt/airflow/dags/main.py
[2026-05-14T13:59:22.575+0000] {processor.py:830} INFO - Processing file /opt/airflow/dags/main.py for tasks to queue
[2026-05-14T13:59:22.580+0000] {logging_mixin.py:188} INFO - [2026-05-14T13:59:22.580+0000] {dagbag.py:545} INFO - Filling up the DagBag from /opt/airflow/dags/main.py
[2026-05-14T13:59:22.703+0000] {processor.py:840} INFO - DAG(s) 'produce_json' retrieved from /opt/airflow/dags/main.py
[2026-05-14T13:59:22.749+0000] {logging_mixin.py:188} INFO - [2026-05-14T13:59:22.748+0000] {dag.py:3096} INFO - Sync 1 DAGs
[2026-05-14T13:59:22.803+0000] {logging_mixin.py:188} INFO - [2026-05-14T13:59:22.803+0000] {dag.py:3954} INFO - Setting next_dagrun for produce_json to 2026-05-14 13:00:00+00:00, run_after=2026-05-15 13:00:00+00:00
[2026-05-14T13:59:22.882+0000] {processor.py:183} INFO - Processing /opt/airflow/dags/main.py took 0.323 seconds
[2026-05-14T13:59:53.111+0000] {processor.py:161} INFO - Started process (PID=1215) to work on /opt/airflow/dags/main.py
[2026-05-14T13:59:53.114+0000] {processor.py:830} INFO - Processing file /opt/airflow/dags/main.py for tasks to queue
[2026-05-14T13:59:53.120+0000] {logging_mixin.py:188} INFO - [2026-05-14T13:59:53.119+0000] {dagbag.py:545} INFO - Filling up the DagBag from /opt/airflow/dags/main.py
[2026-05-14T13:59:53.276+0000] {processor.py:840} INFO - DAG(s) 'produce_json' retrieved from /opt/airflow/dags/main.py
[2026-05-14T13:59:53.345+0000] {logging_mixin.py:188} INFO - [2026-05-14T13:59:53.344+0000] {dag.py:3096} INFO - Sync 1 DAGs
[2026-05-14T13:59:53.443+0000] {logging_mixin.py:188} INFO - [2026-05-14T13:59:53.443+0000] {dag.py:3954} INFO - Setting next_dagrun for produce_json to 2026-05-14 13:00:00+00:00, run_after=2026-05-15 13:00:00+00:00
[2026-05-14T13:59:53.490+0000] {processor.py:183} INFO - Processing /opt/airflow/dags/main.py took 0.402 seconds
[2026-05-14T14:00:23.895+0000] {processor.py:161} INFO - Started process (PID=1222) to work on /opt/airflow/dags/main.py
[2026-05-14T14:00:23.897+0000] {processor.py:830} INFO - Processing file /opt/airflow/dags/main.py for tasks to queue
[2026-05-14T14:00:23.901+0000] {logging_mixin.py:188} INFO - [2026-05-14T14:00:23.900+0000] {dagbag.py:545} INFO - Filling up the DagBag from /opt/airflow/dags/main.py
[2026-05-14T14:00:23.987+0000] {processor.py:840} INFO - DAG(s) 'produce_json' retrieved from /opt/airflow/dags/main.py
[2026-05-14T14:00:24.038+0000] {logging_mixin.py:188} INFO - [2026-05-14T14:00:24.037+0000] {dag.py:3096} INFO - Sync 1 DAGs
[2026-05-14T14:00:24.079+0000] {logging_mixin.py:188} INFO - [2026-05-14T14:00:24.079+0000] {dag.py:3954} INFO - Setting next_dagrun for produce_json to 2026-05-14 13:00:00+00:00, run_after=2026-05-15 13:00:00+00:00
[2026-05-14T14:00:24.132+0000] {processor.py:183} INFO - Processing /opt/airflow/dags/main.py took 0.247 seconds
[2026-05-14T14:00:54.331+0000] {processor.py:161} INFO - Started process (PID=1229) to work on /opt/airflow/dags/main.py
[2026-05-14T14:00:54.335+0000] {processor.py:830} INFO - Processing file /opt/airflow/dags/main.py for tasks to queue
[2026-05-14T14:00:54.341+0000] {logging_mixin.py:188} INFO - [2026-05-14T14:00:54.339+0000] {dagbag.py:545} INFO - Filling up the DagBag from /opt/airflow/dags/main.py
[2026-05-14T14:00:54.539+0000] {processor.py:840} INFO - DAG(s) 'produce_json' retrieved from /opt/airflow/dags/main.py
[2026-05-14T14:00:54.604+0000] {logging_mixin.py:188} INFO - [2026-05-14T14:00:54.603+0000] {dag.py:3096} INFO - Sync 1 DAGs
[2026-05-14T14:00:54.703+0000] {logging_mixin.py:188} INFO - [2026-05-14T14:00:54.702+0000] {dag.py:3954} INFO - Setting next_dagrun for produce_json to 2026-05-14 13:00:00+00:00, run_after=2026-05-15 13:00:00+00:00
[2026-05-14T14:00:54.818+0000] {processor.py:183} INFO - Processing /opt/airflow/dags/main.py took 0.501 seconds
[2026-05-14T14:01:24.929+0000] {processor.py:161} INFO - Started process (PID=1236) to work on /opt/airflow/dags/main.py
[2026-05-14T14:01:24.933+0000] {processor.py:830} INFO - Processing file /opt/airflow/dags/main.py for tasks to queue
[2026-05-14T14:01:24.938+0000] {logging_mixin.py:188} INFO - [2026-05-14T14:01:24.937+0000] {dagbag.py:545} INFO - Filling up the DagBag from /opt/airflow/dags/main.py
[2026-05-14T14:01:25.174+0000] {processor.py:840} INFO - DAG(s) 'produce_json' retrieved from /opt/airflow/dags/main.py
[2026-05-14T14:01:25.226+0000] {logging_mixin.py:188} INFO - [2026-05-14T14:01:25.225+0000] {dag.py:3096} INFO - Sync 1 DAGs
[2026-05-14T14:01:25.264+0000] {logging_mixin.py:188} INFO - [2026-05-14T14:01:25.264+0000] {dag.py:3954} INFO - Setting next_dagrun for produce_json to 2026-05-14 13:00:00+00:00, run_after=2026-05-15 13:00:00+00:00
[2026-05-14T14:01:25.342+0000] {processor.py:183} INFO - Processing /opt/airflow/dags/main.py took 0.430 seconds
[2026-05-14T14:01:55.561+0000] {processor.py:161} INFO - Started process (PID=1243) to work on /opt/airflow/dags/main.py
[2026-05-14T14:01:55.564+0000] {processor.py:830} INFO - Processing file /opt/airflow/dags/main.py for tasks to queue
[2026-05-14T14:01:55.569+0000] {logging_mixin.py:188} INFO - [2026-05-14T14:01:55.568+0000] {dagbag.py:545} INFO - Filling up the DagBag from /opt/airflow/dags/main.py
[2026-05-14T14:01:55.662+0000] {processor.py:840} INFO - DAG(s) 'produce_json' retrieved from /opt/airflow/dags/main.py
[2026-05-14T14:01:55.691+0000] {logging_mixin.py:188} INFO - [2026-05-14T14:01:55.691+0000] {dag.py:3096} INFO - Sync 1 DAGs
[2026-05-14T14:01:55.723+0000] {logging_mixin.py:188} INFO - [2026-05-14T14:01:55.723+0000] {dag.py:3954} INFO - Setting next_dagrun for produce_json to 2026-05-14 13:00:00+00:00, run_after=2026-05-15 13:00:00+00:00
[2026-05-14T14:01:55.806+0000] {processor.py:183} INFO - Processing /opt/airflow/dags/main.py took 0.258 seconds
[2026-05-14T14:02:26.016+0000] {processor.py:161} INFO - Started process (PID=1250) to work on /opt/airflow/dags/main.py
[2026-05-14T14:02:26.017+0000] {processor.py:830} INFO - Processing file /opt/airflow/dags/main.py for tasks to queue
[2026-05-14T14:02:26.019+0000] {logging_mixin.py:188} INFO - [2026-05-14T14:02:26.019+0000] {dagbag.py:545} INFO - Filling up the DagBag from /opt/airflow/dags/main.py
[2026-05-14T14:02:26.085+0000] {processor.py:840} INFO - DAG(s) 'produce_json' retrieved from /opt/airflow/dags/main.py
[2026-05-14T14:02:26.113+0000] {logging_mixin.py:188} INFO - [2026-05-14T14:02:26.113+0000] {dag.py:3096} INFO - Sync 1 DAGs
[2026-05-14T14:02:26.138+0000] {logging_mixin.py:188} INFO - [2026-05-14T14:02:26.138+0000] {dag.py:3954} INFO - Setting next_dagrun for produce_json to 2026-05-14 13:00:00+00:00, run_after=2026-05-15 13:00:00+00:00
[2026-05-14T14:02:26.161+0000] {processor.py:183} INFO - Processing /opt/airflow/dags/main.py took 0.153 seconds
[2026-05-14T14:02:56.490+0000] {processor.py:161} INFO - Started process (PID=1257) to work on /opt/airflow/dags/main.py
[2026-05-14T14:02:56.493+0000] {processor.py:830} INFO - Processing file /opt/airflow/dags/main.py for tasks to queue
[2026-05-14T14:02:56.495+0000] {logging_mixin.py:188} INFO - [2026-05-14T14:02:56.494+0000] {dagbag.py:545} INFO - Filling up the DagBag from /opt/airflow/dags/main.py
[2026-05-14T14:02:56.558+0000] {processor.py:840} INFO - DAG(s) 'produce_json' retrieved from /opt/airflow/dags/main.py
[2026-05-14T14:02:56.584+0000] {logging_mixin.py:188} INFO - [2026-05-14T14:02:56.584+0000] {dag.py:3096} INFO - Sync 1 DAGs
[2026-05-14T14:02:56.610+0000] {logging_mixin.py:188} INFO - [2026-05-14T14:02:56.610+0000] {dag.py:3954} INFO - Setting next_dagrun for produce_json to 2026-05-14 13:00:00+00:00, run_after=2026-05-15 13:00:00+00:00
[2026-05-14T14:02:56.680+0000] {processor.py:183} INFO - Processing /opt/airflow/dags/main.py took 0.196 seconds
[2026-05-14T14:03:26.835+0000] {processor.py:161} INFO - Started process (PID=1264) to work on /opt/airflow/dags/main.py
[2026-05-14T14:03:26.837+0000] {processor.py:830} INFO - Processing file /opt/airflow/dags/main.py for tasks to queue
[2026-05-14T14:03:26.841+0000] {logging_mixin.py:188} INFO - [2026-05-14T14:03:26.841+0000] {dagbag.py:545} INFO - Filling up the DagBag from /opt/airflow/dags/main.py
[2026-05-14T14:03:26.910+0000] {processor.py:840} INFO - DAG(s) 'produce_json' retrieved from /opt/airflow/dags/main.py
[2026-05-14T14:03:26.938+0000] {logging_mixin.py:188} INFO - [2026-05-14T14:03:26.938+0000] {dag.py:3096} INFO - Sync 1 DAGs
[2026-05-14T14:03:26.973+0000] {logging_mixin.py:188} INFO - [2026-05-14T14:03:26.972+0000] {dag.py:3954} INFO - Setting next_dagrun for produce_json to 2026-05-14 13:00:00+00:00, run_after=2026-05-15 13:00:00+00:00
[2026-05-14T14:03:27.053+0000] {processor.py:183} INFO - Processing /opt/airflow/dags/main.py took 0.225 seconds
[2026-05-14T14:03:57.618+0000] {processor.py:161} INFO - Started process (PID=1271) to work on /opt/airflow/dags/main.py
[2026-05-14T14:03:57.621+0000] {processor.py:830} INFO - Processing file /opt/airflow/dags/main.py for tasks to queue
[2026-05-14T14:03:57.629+0000] {logging_mixin.py:188} INFO - [2026-05-14T14:03:57.628+0000] {dagbag.py:545} INFO - Filling up the DagBag from /opt/airflow/dags/main.py
[2026-05-14T14:03:57.754+0000] {processor.py:840} INFO - DAG(s) 'produce_json' retrieved from /opt/airflow/dags/main.py
[2026-05-14T14:03:57.796+0000] {logging_mixin.py:188} INFO - [2026-05-14T14:03:57.795+0000] {dag.py:3096} INFO - Sync 1 DAGs
[2026-05-14T14:03:57.838+0000] {logging_mixin.py:188} INFO - [2026-05-14T14:03:57.838+0000] {dag.py:3954} INFO - Setting next_dagrun for produce_json to 2026-05-14 13:00:00+00:00, run_after=2026-05-15 13:00:00+00:00
[2026-05-14T14:03:57.916+0000] {processor.py:183} INFO - Processing /opt/airflow/dags/main.py took 0.322 seconds
[2026-05-14T14:04:28.257+0000] {processor.py:161} INFO - Started process (PID=1278) to work on /opt/airflow/dags/main.py
[2026-05-14T14:04:28.258+0000] {processor.py:830} INFO - Processing file /opt/airflow/dags/main.py for tasks to queue
[2026-05-14T14:04:28.264+0000] {logging_mixin.py:188} INFO - [2026-05-14T14:04:28.263+0000] {dagbag.py:545} INFO - Filling up the DagBag from /opt/airflow/dags/main.py
[2026-05-14T14:04:28.355+0000] {processor.py:840} INFO - DAG(s) 'produce_json' retrieved from /opt/airflow/dags/main.py
[2026-05-14T14:04:28.379+0000] {logging_mixin.py:188} INFO - [2026-05-14T14:04:28.379+0000] {dag.py:3096} INFO - Sync 1 DAGs
[2026-05-14T14:04:28.404+0000] {logging_mixin.py:188} INFO - [2026-05-14T14:04:28.404+0000] {dag.py:3954} INFO - Setting next_dagrun for produce_json to 2026-05-14 13:00:00+00:00, run_after=2026-05-15 13:00:00+00:00
[2026-05-14T14:04:28.475+0000] {processor.py:183} INFO - Processing /opt/airflow/dags/main.py took 0.227 seconds
[2026-05-14T14:04:58.566+0000] {processor.py:161} INFO - Started process (PID=1285) to work on /opt/airflow/dags/main.py
[2026-05-14T14:04:58.568+0000] {processor.py:830} INFO - Processing file /opt/airflow/dags/main.py for tasks to queue
[2026-05-14T14:04:58.572+0000] {logging_mixin.py:188} INFO - [2026-05-14T14:04:58.572+0000] {dagbag.py:545} INFO - Filling up the DagBag from /opt/airflow/dags/main.py
[2026-05-14T14:04:58.680+0000] {processor.py:840} INFO - DAG(s) 'produce_json' retrieved from /opt/airflow/dags/main.py
[2026-05-14T14:04:58.710+0000] {logging_mixin.py:188} INFO - [2026-05-14T14:04:58.710+0000] {dag.py:3096} INFO - Sync 1 DAGs
[2026-05-14T14:04:58.744+0000] {logging_mixin.py:188} INFO - [2026-05-14T14:04:58.744+0000] {dag.py:3954} INFO - Setting next_dagrun for produce_json to 2026-05-14 13:00:00+00:00, run_after=2026-05-15 13:00:00+00:00
[2026-05-14T14:04:58.815+0000] {processor.py:183} INFO - Processing /opt/airflow/dags/main.py took 0.260 seconds
[2026-05-14T14:05:29.125+0000] {processor.py:161} INFO - Started process (PID=1292) to work on /opt/airflow/dags/main.py
[2026-05-14T14:05:29.127+0000] {processor.py:830} INFO - Processing file /opt/airflow/dags/main.py for tasks to queue
[2026-05-14T14:05:29.131+0000] {logging_mixin.py:188} INFO - [2026-05-14T14:05:29.130+0000] {dagbag.py:545} INFO - Filling up the DagBag from /opt/airflow/dags/main.py
[2026-05-14T14:05:29.254+0000] {processor.py:840} INFO - DAG(s) 'produce_json' retrieved from /opt/airflow/dags/main.py
[2026-05-14T14:05:29.281+0000] {logging_mixin.py:188} INFO - [2026-05-14T14:05:29.280+0000] {dag.py:3096} INFO - Sync 1 DAGs
[2026-05-14T14:05:29.309+0000] {logging_mixin.py:188} INFO - [2026-05-14T14:05:29.308+0000] {dag.py:3954} INFO - Setting next_dagrun for produce_json to 2026-05-14 13:00:00+00:00, run_after=2026-05-15 13:00:00+00:00
[2026-05-14T14:05:29.335+0000] {processor.py:183} INFO - Processing /opt/airflow/dags/main.py took 0.219 seconds
[2026-05-14T14:05:59.455+0000] {processor.py:161} INFO - Started process (PID=1299) to work on /opt/airflow/dags/main.py
[2026-05-14T14:05:59.456+0000] {processor.py:830} INFO - Processing file /opt/airflow/dags/main.py for tasks to queue
[2026-05-14T14:05:59.459+0000] {logging_mixin.py:188} INFO - [2026-05-14T14:05:59.459+0000] {dagbag.py:545} INFO - Filling up the DagBag from /opt/airflow/dags/main.py
[2026-05-14T14:05:59.551+0000] {processor.py:840} INFO - DAG(s) 'produce_json' retrieved from /opt/airflow/dags/main.py
[2026-05-14T14:05:59.580+0000] {logging_mixin.py:188} INFO - [2026-05-14T14:05:59.580+0000] {dag.py:3096} INFO - Sync 1 DAGs
[2026-05-14T14:05:59.606+0000] {logging_mixin.py:188} INFO - [2026-05-14T14:05:59.606+0000] {dag.py:3954} INFO - Setting next_dagrun for produce_json to 2026-05-14 13:00:00+00:00, run_after=2026-05-15 13:00:00+00:00
[2026-05-14T14:05:59.686+0000] {processor.py:183} INFO - Processing /opt/airflow/dags/main.py took 0.240 seconds
[2026-05-14T14:06:29.996+0000] {processor.py:161} INFO - Started process (PID=1306) to work on /opt/airflow/dags/main.py
[2026-05-14T14:06:30.000+0000] {processor.py:830} INFO - Processing file /opt/airflow/dags/main.py for tasks to queue
[2026-05-14T14:06:30.005+0000] {logging_mixin.py:188} INFO - [2026-05-14T14:06:30.004+0000] {dagbag.py:545} INFO - Filling up the DagBag from /opt/airflow/dags/main.py
[2026-05-14T14:06:30.180+0000] {processor.py:840} INFO - DAG(s) 'produce_json' retrieved from /opt/airflow/dags/main.py
[2026-05-14T14:06:30.233+0000] {logging_mixin.py:188} INFO - [2026-05-14T14:06:30.232+0000] {dag.py:3096} INFO - Sync 1 DAGs
[2026-05-14T14:06:30.263+0000] {logging_mixin.py:188} INFO - [2026-05-14T14:06:30.263+0000] {dag.py:3954} INFO - Setting next_dagrun for produce_json to 2026-05-14 13:00:00+00:00, run_after=2026-05-15 13:00:00+00:00
[2026-05-14T14:06:30.340+0000] {processor.py:183} INFO - Processing /opt/airflow/dags/main.py took 0.359 seconds
[2026-05-14T14:07:00.690+0000] {processor.py:161} INFO - Started process (PID=1313) to work on /opt/airflow/dags/main.py
[2026-05-14T14:07:00.692+0000] {processor.py:830} INFO - Processing file /opt/airflow/dags/main.py for tasks to queue
[2026-05-14T14:07:00.695+0000] {logging_mixin.py:188} INFO - [2026-05-14T14:07:00.695+0000] {dagbag.py:545} INFO - Filling up the DagBag from /opt/airflow/dags/main.py
[2026-05-14T14:07:00.758+0000] {processor.py:840} INFO - DAG(s) 'produce_json' retrieved from /opt/airflow/dags/main.py
[2026-05-14T14:07:00.788+0000] {logging_mixin.py:188} INFO - [2026-05-14T14:07:00.788+0000] {dag.py:3096} INFO - Sync 1 DAGs
[2026-05-14T14:07:00.817+0000] {logging_mixin.py:188} INFO - [2026-05-14T14:07:00.817+0000] {dag.py:3954} INFO - Setting next_dagrun for produce_json to 2026-05-14 13:00:00+00:00, run_after=2026-05-15 13:00:00+00:00
[2026-05-14T14:07:00.892+0000] {processor.py:183} INFO - Processing /opt/airflow/dags/main.py took 0.209 seconds
[2026-05-14T14:07:31.010+0000] {processor.py:161} INFO - Started process (PID=1320) to work on /opt/airflow/dags/main.py
[2026-05-14T14:07:31.012+0000] {processor.py:830} INFO - Processing file /opt/airflow/dags/main.py for tasks to queue
[2026-05-14T14:07:31.014+0000] {logging_mixin.py:188} INFO - [2026-05-14T14:07:31.014+0000] {dagbag.py:545} INFO - Filling up the DagBag from /opt/airflow/dags/main.py
[2026-05-14T14:07:31.087+0000] {processor.py:840} INFO - DAG(s) 'produce_json' retrieved from /opt/airflow/dags/main.py
[2026-05-14T14:07:31.120+0000] {logging_mixin.py:188} INFO - [2026-05-14T14:07:31.119+0000] {dag.py:3096} INFO - Sync 1 DAGs
[2026-05-14T14:07:31.149+0000] {logging_mixin.py:188} INFO - [2026-05-14T14:07:31.149+0000] {dag.py:3954} INFO - Setting next_dagrun for produce_json to 2026-05-14 13:00:00+00:00, run_after=2026-05-15 13:00:00+00:00
[2026-05-14T14:07:31.219+0000] {processor.py:183} INFO - Processing /opt/airflow/dags/main.py took 0.218 seconds
[2026-05-14T14:08:01.521+0000] {processor.py:161} INFO - Started process (PID=1327) to work on /opt/airflow/dags/main.py
[2026-05-14T14:08:01.524+0000] {processor.py:830} INFO - Processing file /opt/airflow/dags/main.py for tasks to queue
[2026-05-14T14:08:01.530+0000] {logging_mixin.py:188} INFO - [2026-05-14T14:08:01.529+0000] {dagbag.py:545} INFO - Filling up the DagBag from /opt/airflow/dags/main.py
[2026-05-14T14:08:01.624+0000] {processor.py:840} INFO - DAG(s) 'produce_json' retrieved from /opt/airflow/dags/main.py
[2026-05-14T14:08:01.656+0000] {logging_mixin.py:188} INFO - [2026-05-14T14:08:01.656+0000] {dag.py:3096} INFO - Sync 1 DAGs
[2026-05-14T14:08:01.685+0000] {logging_mixin.py:188} INFO - [2026-05-14T14:08:01.685+0000] {dag.py:3954} INFO - Setting next_dagrun for produce_json to 2026-05-14 13:00:00+00:00, run_after=2026-05-15 13:00:00+00:00
[2026-05-14T14:08:01.757+0000] {processor.py:183} INFO - Processing /opt/airflow/dags/main.py took 0.243 seconds
[2026-05-14T14:08:31.840+0000] {processor.py:161} INFO - Started process (PID=1334) to work on /opt/airflow/dags/main.py
[2026-05-14T14:08:31.842+0000] {processor.py:830} INFO - Processing file /opt/airflow/dags/main.py for tasks to queue
[2026-05-14T14:08:31.844+0000] {logging_mixin.py:188} INFO - [2026-05-14T14:08:31.844+0000] {dagbag.py:545} INFO - Filling up the DagBag from /opt/airflow/dags/main.py
[2026-05-14T14:08:31.905+0000] {processor.py:840} INFO - DAG(s) 'produce_json' retrieved from /opt/airflow/dags/main.py
[2026-05-14T14:08:31.930+0000] {logging_mixin.py:188} INFO - [2026-05-14T14:08:31.930+0000] {dag.py:3096} INFO - Sync 1 DAGs
[2026-05-14T14:08:31.956+0000] {logging_mixin.py:188} INFO - [2026-05-14T14:08:31.956+0000] {dag.py:3954} INFO - Setting next_dagrun for produce_json to 2026-05-14 13:00:00+00:00, run_after=2026-05-15 13:00:00+00:00
[2026-05-14T14:08:32.029+0000] {processor.py:183} INFO - Processing /opt/airflow/dags/main.py took 0.196 seconds
[2026-05-14T14:09:02.147+0000] {processor.py:161} INFO - Started process (PID=1341) to work on /opt/airflow/dags/main.py
[2026-05-14T14:09:02.149+0000] {processor.py:830} INFO - Processing file /opt/airflow/dags/main.py for tasks to queue
[2026-05-14T14:09:02.152+0000] {logging_mixin.py:188} INFO - [2026-05-14T14:09:02.152+0000] {dagbag.py:545} INFO - Filling up the DagBag from /opt/airflow/dags/main.py
[2026-05-14T14:09:02.261+0000] {processor.py:840} INFO - DAG(s) 'produce_json' retrieved from /opt/airflow/dags/main.py
[2026-05-14T14:09:02.300+0000] {logging_mixin.py:188} INFO - [2026-05-14T14:09:02.299+0000] {dag.py:3096} INFO - Sync 1 DAGs
[2026-05-14T14:09:02.345+0000] {logging_mixin.py:188} INFO - [2026-05-14T14:09:02.344+0000] {dag.py:3954} INFO - Setting next_dagrun for produce_json to 2026-05-14 13:00:00+00:00, run_after=2026-05-15 13:00:00+00:00
[2026-05-14T14:09:02.388+0000] {processor.py:183} INFO - Processing /opt/airflow/dags/main.py took 0.250 seconds
[2026-05-14T14:09:32.603+0000] {processor.py:161} INFO - Started process (PID=1348) to work on /opt/airflow/dags/main.py
[2026-05-14T14:09:32.604+0000] {processor.py:830} INFO - Processing file /opt/airflow/dags/main.py for tasks to queue
[2026-05-14T14:09:32.609+0000] {logging_mixin.py:188} INFO - [2026-05-14T14:09:32.608+0000] {dagbag.py:545} INFO - Filling up the DagBag from /opt/airflow/dags/main.py
[2026-05-14T14:09:32.689+0000] {processor.py:840} INFO - DAG(s) 'produce_json' retrieved from /opt/airflow/dags/main.py
[2026-05-14T14:09:32.724+0000] {logging_mixin.py:188} INFO - [2026-05-14T14:09:32.724+0000] {dag.py:3096} INFO - Sync 1 DAGs
[2026-05-14T14:09:32.764+0000] {logging_mixin.py:188} INFO - [2026-05-14T14:09:32.764+0000] {dag.py:3954} INFO - Setting next_dagrun for produce_json to 2026-05-14 13:00:00+00:00, run_after=2026-05-15 13:00:00+00:00
[2026-05-14T14:09:32.800+0000] {processor.py:183} INFO - Processing /opt/airflow/dags/main.py took 0.206 seconds
[2026-05-14T14:10:02.955+0000] {processor.py:161} INFO - Started process (PID=1355) to work on /opt/airflow/dags/main.py
[2026-05-14T14:10:02.957+0000] {processor.py:830} INFO - Processing file /opt/airflow/dags/main.py for tasks to queue
[2026-05-14T14:10:02.960+0000] {logging_mixin.py:188} INFO - [2026-05-14T14:10:02.959+0000] {dagbag.py:545} INFO - Filling up the DagBag from /opt/airflow/dags/main.py
[2026-05-14T14:10:03.045+0000] {processor.py:840} INFO - DAG(s) 'produce_json' retrieved from /opt/airflow/dags/main.py
[2026-05-14T14:10:03.084+0000] {logging_mixin.py:188} INFO - [2026-05-14T14:10:03.084+0000] {dag.py:3096} INFO - Sync 1 DAGs
[2026-05-14T14:10:03.115+0000] {logging_mixin.py:188} INFO - [2026-05-14T14:10:03.115+0000] {dag.py:3954} INFO - Setting next_dagrun for produce_json to 2026-05-14 13:00:00+00:00, run_after=2026-05-15 13:00:00+00:00
[2026-05-14T14:10:03.190+0000] {processor.py:183} INFO - Processing /opt/airflow/dags/main.py took 0.244 seconds
[2026-05-14T14:10:33.415+0000] {processor.py:161} INFO - Started process (PID=1362) to work on /opt/airflow/dags/main.py
[2026-05-14T14:10:33.417+0000] {processor.py:830} INFO - Processing file /opt/airflow/dags/main.py for tasks to queue
[2026-05-14T14:10:33.421+0000] {logging_mixin.py:188} INFO - [2026-05-14T14:10:33.420+0000] {dagbag.py:545} INFO - Filling up the DagBag from /opt/airflow/dags/main.py
[2026-05-14T14:10:33.489+0000] {processor.py:840} INFO - DAG(s) 'produce_json' retrieved from /opt/airflow/dags/main.py
[2026-05-14T14:10:33.518+0000] {logging_mixin.py:188} INFO - [2026-05-14T14:10:33.518+0000] {dag.py:3096} INFO - Sync 1 DAGs
[2026-05-14T14:10:33.546+0000] {logging_mixin.py:188} INFO - [2026-05-14T14:10:33.546+0000] {dag.py:3954} INFO - Setting next_dagrun for produce_json to 2026-05-14 13:00:00+00:00, run_after=2026-05-15 13:00:00+00:00
[2026-05-14T14:10:33.621+0000] {processor.py:183} INFO - Processing /opt/airflow/dags/main.py took 0.213 seconds
[2026-05-14T14:11:03.753+0000] {processor.py:161} INFO - Started process (PID=1369) to work on /opt/airflow/dags/main.py
[2026-05-14T14:11:03.755+0000] {processor.py:830} INFO - Processing file /opt/airflow/dags/main.py for tasks to queue
[2026-05-14T14:11:03.758+0000] {logging_mixin.py:188} INFO - [2026-05-14T14:11:03.757+0000] {dagbag.py:545} INFO - Filling up the DagBag from /opt/airflow/dags/main.py
[2026-05-14T14:11:03.821+0000] {processor.py:840} INFO - DAG(s) 'produce_json' retrieved from /opt/airflow/dags/main.py
[2026-05-14T14:11:03.854+0000] {logging_mixin.py:188} INFO - [2026-05-14T14:11:03.853+0000] {dag.py:3096} INFO - Sync 1 DAGs
[2026-05-14T14:11:03.885+0000] {logging_mixin.py:188} INFO - [2026-05-14T14:11:03.884+0000] {dag.py:3954} INFO - Setting next_dagrun for produce_json to 2026-05-14 13:00:00+00:00, run_after=2026-05-15 13:00:00+00:00
[2026-05-14T14:11:03.950+0000] {processor.py:183} INFO - Processing /opt/airflow/dags/main.py took 0.205 seconds
[2026-05-14T14:11:34.204+0000] {processor.py:161} INFO - Started process (PID=1376) to work on /opt/airflow/dags/main.py
[2026-05-14T14:11:34.206+0000] {processor.py:830} INFO - Processing file /opt/airflow/dags/main.py for tasks to queue
[2026-05-14T14:11:34.209+0000] {logging_mixin.py:188} INFO - [2026-05-14T14:11:34.209+0000] {dagbag.py:545} INFO - Filling up the DagBag from /opt/airflow/dags/main.py
[2026-05-14T14:11:34.304+0000] {processor.py:840} INFO - DAG(s) 'produce_json' retrieved from /opt/airflow/dags/main.py
[2026-05-14T14:11:34.329+0000] {logging_mixin.py:188} INFO - [2026-05-14T14:11:34.329+0000] {dag.py:3096} INFO - Sync 1 DAGs
[2026-05-14T14:11:34.365+0000] {logging_mixin.py:188} INFO - [2026-05-14T14:11:34.365+0000] {dag.py:3954} INFO - Setting next_dagrun for produce_json to 2026-05-14 13:00:00+00:00, run_after=2026-05-15 13:00:00+00:00
[2026-05-14T14:11:34.449+0000] {processor.py:183} INFO - Processing /opt/airflow/dags/main.py took 0.254 seconds
[2026-05-14T14:12:04.522+0000] {processor.py:161} INFO - Started process (PID=1383) to work on /opt/airflow/dags/main.py
[2026-05-14T14:12:04.524+0000] {processor.py:830} INFO - Processing file /opt/airflow/dags/main.py for tasks to queue
[2026-05-14T14:12:04.528+0000] {logging_mixin.py:188} INFO - [2026-05-14T14:12:04.527+0000] {dagbag.py:545} INFO - Filling up the DagBag from /opt/airflow/dags/main.py
[2026-05-14T14:12:04.629+0000] {processor.py:840} INFO - DAG(s) 'produce_json' retrieved from /opt/airflow/dags/main.py
[2026-05-14T14:12:04.664+0000] {logging_mixin.py:188} INFO - [2026-05-14T14:12:04.663+0000] {dag.py:3096} INFO - Sync 1 DAGs
[2026-05-14T14:12:04.699+0000] {logging_mixin.py:188} INFO - [2026-05-14T14:12:04.699+0000] {dag.py:3954} INFO - Setting next_dagrun for produce_json to 2026-05-14 13:00:00+00:00, run_after=2026-05-15 13:00:00+00:00
[2026-05-14T14:12:04.733+0000] {processor.py:183} INFO - Processing /opt/airflow/dags/main.py took 0.223 seconds
[2026-05-14T14:12:35.066+0000] {processor.py:161} INFO - Started process (PID=1390) to work on /opt/airflow/dags/main.py
[2026-05-14T14:12:35.068+0000] {processor.py:830} INFO - Processing file /opt/airflow/dags/main.py for tasks to queue
[2026-05-14T14:12:35.070+0000] {logging_mixin.py:188} INFO - [2026-05-14T14:12:35.070+0000] {dagbag.py:545} INFO - Filling up the DagBag from /opt/airflow/dags/main.py
[2026-05-14T14:12:35.128+0000] {processor.py:840} INFO - DAG(s) 'produce_json' retrieved from /opt/airflow/dags/main.py
[2026-05-14T14:12:35.151+0000] {logging_mixin.py:188} INFO - [2026-05-14T14:12:35.151+0000] {dag.py:3096} INFO - Sync 1 DAGs
[2026-05-14T14:12:35.176+0000] {logging_mixin.py:188} INFO - [2026-05-14T14:12:35.176+0000] {dag.py:3954} INFO - Setting next_dagrun for produce_json to 2026-05-14 13:00:00+00:00, run_after=2026-05-15 13:00:00+00:00
[2026-05-14T14:12:35.248+0000] {processor.py:183} INFO - Processing /opt/airflow/dags/main.py took 0.189 seconds
[2026-05-14T14:13:05.402+0000] {processor.py:161} INFO - Started process (PID=1397) to work on /opt/airflow/dags/main.py
[2026-05-14T14:13:05.404+0000] {processor.py:830} INFO - Processing file /opt/airflow/dags/main.py for tasks to queue
[2026-05-14T14:13:05.406+0000] {logging_mixin.py:188} INFO - [2026-05-14T14:13:05.406+0000] {dagbag.py:545} INFO - Filling up the DagBag from /opt/airflow/dags/main.py
[2026-05-14T14:13:05.463+0000] {processor.py:840} INFO - DAG(s) 'produce_json' retrieved from /opt/airflow/dags/main.py
[2026-05-14T14:13:05.487+0000] {logging_mixin.py:188} INFO - [2026-05-14T14:13:05.487+0000] {dag.py:3096} INFO - Sync 1 DAGs
[2026-05-14T14:13:05.523+0000] {logging_mixin.py:188} INFO - [2026-05-14T14:13:05.522+0000] {dag.py:3954} INFO - Setting next_dagrun for produce_json to 2026-05-14 13:00:00+00:00, run_after=2026-05-15 13:00:00+00:00
[2026-05-14T14:13:05.592+0000] {processor.py:183} INFO - Processing /opt/airflow/dags/main.py took 0.198 seconds
[2026-05-14T14:13:36.023+0000] {processor.py:161} INFO - Started process (PID=1404) to work on /opt/airflow/dags/main.py
[2026-05-14T14:13:36.058+0000] {processor.py:830} INFO - Processing file /opt/airflow/dags/main.py for tasks to queue
[2026-05-14T14:13:36.063+0000] {logging_mixin.py:188} INFO - [2026-05-14T14:13:36.063+0000] {dagbag.py:545} INFO - Filling up the DagBag from /opt/airflow/dags/main.py
[2026-05-14T14:13:36.181+0000] {processor.py:840} INFO - DAG(s) 'produce_json' retrieved from /opt/airflow/dags/main.py
[2026-05-14T14:13:36.214+0000] {logging_mixin.py:188} INFO - [2026-05-14T14:13:36.214+0000] {dag.py:3096} INFO - Sync 1 DAGs
[2026-05-14T14:13:36.261+0000] {logging_mixin.py:188} INFO - [2026-05-14T14:13:36.261+0000] {dag.py:3954} INFO - Setting next_dagrun for produce_json to 2026-05-14 13:00:00+00:00, run_after=2026-05-15 13:00:00+00:00
[2026-05-14T14:13:36.349+0000] {processor.py:183} INFO - Processing /opt/airflow/dags/main.py took 0.343 seconds
[2026-05-14T14:14:06.696+0000] {processor.py:161} INFO - Started process (PID=1411) to work on /opt/airflow/dags/main.py
[2026-05-14T14:14:06.698+0000] {processor.py:830} INFO - Processing file /opt/airflow/dags/main.py for tasks to queue
[2026-05-14T14:14:06.701+0000] {logging_mixin.py:188} INFO - [2026-05-14T14:14:06.701+0000] {dagbag.py:545} INFO - Filling up the DagBag from /opt/airflow/dags/main.py
[2026-05-14T14:14:06.763+0000] {processor.py:840} INFO - DAG(s) 'produce_json' retrieved from /opt/airflow/dags/main.py
[2026-05-14T14:14:06.789+0000] {logging_mixin.py:188} INFO - [2026-05-14T14:14:06.789+0000] {dag.py:3096} INFO - Sync 1 DAGs
[2026-05-14T14:14:06.831+0000] {logging_mixin.py:188} INFO - [2026-05-14T14:14:06.831+0000] {dag.py:3954} INFO - Setting next_dagrun for produce_json to 2026-05-14 13:00:00+00:00, run_after=2026-05-15 13:00:00+00:00
[2026-05-14T14:14:06.901+0000] {processor.py:183} INFO - Processing /opt/airflow/dags/main.py took 0.214 seconds
[2026-05-14T14:14:36.967+0000] {processor.py:161} INFO - Started process (PID=1418) to work on /opt/airflow/dags/main.py
[2026-05-14T14:14:36.969+0000] {processor.py:830} INFO - Processing file /opt/airflow/dags/main.py for tasks to queue
[2026-05-14T14:14:36.973+0000] {logging_mixin.py:188} INFO - [2026-05-14T14:14:36.973+0000] {dagbag.py:545} INFO - Filling up the DagBag from /opt/airflow/dags/main.py
[2026-05-14T14:14:37.072+0000] {processor.py:840} INFO - DAG(s) 'produce_json' retrieved from /opt/airflow/dags/main.py
[2026-05-14T14:14:37.110+0000] {logging_mixin.py:188} INFO - [2026-05-14T14:14:37.110+0000] {dag.py:3096} INFO - Sync 1 DAGs
[2026-05-14T14:14:37.143+0000] {logging_mixin.py:188} INFO - [2026-05-14T14:14:37.142+0000] {dag.py:3954} INFO - Setting next_dagrun for produce_json to 2026-05-14 13:00:00+00:00, run_after=2026-05-15 13:00:00+00:00
[2026-05-14T14:14:37.226+0000] {processor.py:183} INFO - Processing /opt/airflow/dags/main.py took 0.267 seconds
[2026-05-14T14:15:07.517+0000] {processor.py:161} INFO - Started process (PID=1425) to work on /opt/airflow/dags/main.py
[2026-05-14T14:15:07.518+0000] {processor.py:830} INFO - Processing file /opt/airflow/dags/main.py for tasks to queue
[2026-05-14T14:15:07.521+0000] {logging_mixin.py:188} INFO - [2026-05-14T14:15:07.520+0000] {dagbag.py:545} INFO - Filling up the DagBag from /opt/airflow/dags/main.py
[2026-05-14T14:15:07.581+0000] {processor.py:840} INFO - DAG(s) 'produce_json' retrieved from /opt/airflow/dags/main.py
[2026-05-14T14:15:07.605+0000] {logging_mixin.py:188} INFO - [2026-05-14T14:15:07.605+0000] {dag.py:3096} INFO - Sync 1 DAGs
[2026-05-14T14:15:07.629+0000] {logging_mixin.py:188} INFO - [2026-05-14T14:15:07.629+0000] {dag.py:3954} INFO - Setting next_dagrun for produce_json to 2026-05-14 13:00:00+00:00, run_after=2026-05-15 13:00:00+00:00
[2026-05-14T14:15:07.699+0000] {processor.py:183} INFO - Processing /opt/airflow/dags/main.py took 0.189 seconds
[2026-05-14T14:15:37.819+0000] {processor.py:161} INFO - Started process (PID=1432) to work on /opt/airflow/dags/main.py
[2026-05-14T14:15:37.821+0000] {processor.py:830} INFO - Processing file /opt/airflow/dags/main.py for tasks to queue
[2026-05-14T14:15:37.823+0000] {logging_mixin.py:188} INFO - [2026-05-14T14:15:37.823+0000] {dagbag.py:545} INFO - Filling up the DagBag from /opt/airflow/dags/main.py
[2026-05-14T14:15:37.885+0000] {processor.py:840} INFO - DAG(s) 'produce_json' retrieved from /opt/airflow/dags/main.py
[2026-05-14T14:15:37.920+0000] {logging_mixin.py:188} INFO - [2026-05-14T14:15:37.920+0000] {dag.py:3096} INFO - Sync 1 DAGs
[2026-05-14T14:15:37.962+0000] {logging_mixin.py:188} INFO - [2026-05-14T14:15:37.962+0000] {dag.py:3954} INFO - Setting next_dagrun for produce_json to 2026-05-14 13:00:00+00:00, run_after=2026-05-15 13:00:00+00:00
[2026-05-14T14:15:38.010+0000] {processor.py:183} INFO - Processing /opt/airflow/dags/main.py took 0.198 seconds
[2026-05-14T14:16:08.281+0000] {processor.py:161} INFO - Started process (PID=1439) to work on /opt/airflow/dags/main.py
[2026-05-14T14:16:08.283+0000] {processor.py:830} INFO - Processing file /opt/airflow/dags/main.py for tasks to queue
[2026-05-14T14:16:08.286+0000] {logging_mixin.py:188} INFO - [2026-05-14T14:16:08.286+0000] {dagbag.py:545} INFO - Filling up the DagBag from /opt/airflow/dags/main.py
[2026-05-14T14:16:08.369+0000] {processor.py:840} INFO - DAG(s) 'produce_json' retrieved from /opt/airflow/dags/main.py
[2026-05-14T14:16:08.408+0000] {logging_mixin.py:188} INFO - [2026-05-14T14:16:08.408+0000] {dag.py:3096} INFO - Sync 1 DAGs
[2026-05-14T14:16:08.454+0000] {logging_mixin.py:188} INFO - [2026-05-14T14:16:08.453+0000] {dag.py:3954} INFO - Setting next_dagrun for produce_json to 2026-05-14 13:00:00+00:00, run_after=2026-05-15 13:00:00+00:00
[2026-05-14T14:16:08.535+0000] {processor.py:183} INFO - Processing /opt/airflow/dags/main.py took 0.265 seconds
[2026-05-14T14:16:38.874+0000] {processor.py:161} INFO - Started process (PID=1446) to work on /opt/airflow/dags/main.py
[2026-05-14T14:16:38.875+0000] {processor.py:830} INFO - Processing file /opt/airflow/dags/main.py for tasks to queue
[2026-05-14T14:16:38.878+0000] {logging_mixin.py:188} INFO - [2026-05-14T14:16:38.877+0000] {dagbag.py:545} INFO - Filling up the DagBag from /opt/airflow/dags/main.py
[2026-05-14T14:16:38.941+0000] {processor.py:840} INFO - DAG(s) 'produce_json' retrieved from /opt/airflow/dags/main.py
[2026-05-14T14:16:38.969+0000] {logging_mixin.py:188} INFO - [2026-05-14T14:16:38.968+0000] {dag.py:3096} INFO - Sync 1 DAGs
[2026-05-14T14:16:39.008+0000] {logging_mixin.py:188} INFO - [2026-05-14T14:16:39.007+0000] {dag.py:3954} INFO - Setting next_dagrun for produce_json to 2026-05-14 13:00:00+00:00, run_after=2026-05-15 13:00:00+00:00
[2026-05-14T14:16:39.083+0000] {processor.py:183} INFO - Processing /opt/airflow/dags/main.py took 0.217 seconds
[2026-05-14T14:17:09.123+0000] {processor.py:161} INFO - Started process (PID=1453) to work on /opt/airflow/dags/main.py
[2026-05-14T14:17:09.124+0000] {processor.py:830} INFO - Processing file /opt/airflow/dags/main.py for tasks to queue
[2026-05-14T14:17:09.126+0000] {logging_mixin.py:188} INFO - [2026-05-14T14:17:09.126+0000] {dagbag.py:545} INFO - Filling up the DagBag from /opt/airflow/dags/main.py
[2026-05-14T14:17:09.197+0000] {processor.py:840} INFO - DAG(s) 'produce_json' retrieved from /opt/airflow/dags/main.py
[2026-05-14T14:17:09.227+0000] {logging_mixin.py:188} INFO - [2026-05-14T14:17:09.227+0000] {dag.py:3096} INFO - Sync 1 DAGs
[2026-05-14T14:17:09.248+0000] {logging_mixin.py:188} INFO - [2026-05-14T14:17:09.248+0000] {dag.py:3954} INFO - Setting next_dagrun for produce_json to 2026-05-14 13:00:00+00:00, run_after=2026-05-15 13:00:00+00:00
[2026-05-14T14:17:09.267+0000] {processor.py:183} INFO - Processing /opt/airflow/dags/main.py took 0.151 seconds
[2026-05-14T14:17:39.448+0000] {processor.py:161} INFO - Started process (PID=1460) to work on /opt/airflow/dags/main.py
[2026-05-14T14:17:39.451+0000] {processor.py:830} INFO - Processing file /opt/airflow/dags/main.py for tasks to queue
[2026-05-14T14:17:39.453+0000] {logging_mixin.py:188} INFO - [2026-05-14T14:17:39.453+0000] {dagbag.py:545} INFO - Filling up the DagBag from /opt/airflow/dags/main.py
[2026-05-14T14:17:39.521+0000] {processor.py:840} INFO - DAG(s) 'produce_json' retrieved from /opt/airflow/dags/main.py
[2026-05-14T14:17:39.549+0000] {logging_mixin.py:188} INFO - [2026-05-14T14:17:39.548+0000] {dag.py:3096} INFO - Sync 1 DAGs
[2026-05-14T14:17:39.572+0000] {logging_mixin.py:188} INFO - [2026-05-14T14:17:39.572+0000] {dag.py:3954} INFO - Setting next_dagrun for produce_json to 2026-05-14 13:00:00+00:00, run_after=2026-05-15 13:00:00+00:00
[2026-05-14T14:17:39.641+0000] {processor.py:183} INFO - Processing /opt/airflow/dags/main.py took 0.202 seconds
[2026-05-14T14:18:09.865+0000] {processor.py:161} INFO - Started process (PID=1467) to work on /opt/airflow/dags/main.py
[2026-05-14T14:18:09.867+0000] {processor.py:830} INFO - Processing file /opt/airflow/dags/main.py for tasks to queue
[2026-05-14T14:18:09.869+0000] {logging_mixin.py:188} INFO - [2026-05-14T14:18:09.869+0000] {dagbag.py:545} INFO - Filling up the DagBag from /opt/airflow/dags/main.py
[2026-05-14T14:18:09.940+0000] {processor.py:840} INFO - DAG(s) 'produce_json' retrieved from /opt/airflow/dags/main.py
[2026-05-14T14:18:09.966+0000] {logging_mixin.py:188} INFO - [2026-05-14T14:18:09.966+0000] {dag.py:3096} INFO - Sync 1 DAGs
[2026-05-14T14:18:09.991+0000] {logging_mixin.py:188} INFO - [2026-05-14T14:18:09.991+0000] {dag.py:3954} INFO - Setting next_dagrun for produce_json to 2026-05-14 13:00:00+00:00, run_after=2026-05-15 13:00:00+00:00
[2026-05-14T14:18:10.064+0000] {processor.py:183} INFO - Processing /opt/airflow/dags/main.py took 0.206 seconds
[2026-05-14T14:18:40.444+0000] {processor.py:161} INFO - Started process (PID=1474) to work on /opt/airflow/dags/main.py
[2026-05-14T14:18:40.446+0000] {processor.py:830} INFO - Processing file /opt/airflow/dags/main.py for tasks to queue
[2026-05-14T14:18:40.449+0000] {logging_mixin.py:188} INFO - [2026-05-14T14:18:40.448+0000] {dagbag.py:545} INFO - Filling up the DagBag from /opt/airflow/dags/main.py
[2026-05-14T14:18:40.526+0000] {processor.py:840} INFO - DAG(s) 'produce_json' retrieved from /opt/airflow/dags/main.py
[2026-05-14T14:18:40.550+0000] {logging_mixin.py:188} INFO - [2026-05-14T14:18:40.550+0000] {dag.py:3096} INFO - Sync 1 DAGs
[2026-05-14T14:18:40.579+0000] {logging_mixin.py:188} INFO - [2026-05-14T14:18:40.579+0000] {dag.py:3954} INFO - Setting next_dagrun for produce_json to 2026-05-14 13:00:00+00:00, run_after=2026-05-15 13:00:00+00:00
[2026-05-14T14:18:40.606+0000] {processor.py:183} INFO - Processing /opt/airflow/dags/main.py took 0.171 seconds
[2026-05-14T14:19:10.740+0000] {processor.py:161} INFO - Started process (PID=1482) to work on /opt/airflow/dags/main.py
[2026-05-14T14:19:10.743+0000] {processor.py:830} INFO - Processing file /opt/airflow/dags/main.py for tasks to queue
[2026-05-14T14:19:10.746+0000] {logging_mixin.py:188} INFO - [2026-05-14T14:19:10.746+0000] {dagbag.py:545} INFO - Filling up the DagBag from /opt/airflow/dags/main.py
[2026-05-14T14:19:10.830+0000] {processor.py:840} INFO - DAG(s) 'produce_json' retrieved from /opt/airflow/dags/main.py
[2026-05-14T14:19:10.863+0000] {logging_mixin.py:188} INFO - [2026-05-14T14:19:10.863+0000] {dag.py:3096} INFO - Sync 1 DAGs
[2026-05-14T14:19:10.900+0000] {logging_mixin.py:188} INFO - [2026-05-14T14:19:10.900+0000] {dag.py:3954} INFO - Setting next_dagrun for produce_json to 2026-05-14 13:00:00+00:00, run_after=2026-05-15 13:00:00+00:00
[2026-05-14T14:19:10.969+0000] {processor.py:183} INFO - Processing /opt/airflow/dags/main.py took 0.242 seconds
[2026-05-14T14:19:41.180+0000] {processor.py:161} INFO - Started process (PID=1489) to work on /opt/airflow/dags/main.py
[2026-05-14T14:19:41.182+0000] {processor.py:830} INFO - Processing file /opt/airflow/dags/main.py for tasks to queue
[2026-05-14T14:19:41.184+0000] {logging_mixin.py:188} INFO - [2026-05-14T14:19:41.184+0000] {dagbag.py:545} INFO - Filling up the DagBag from /opt/airflow/dags/main.py
[2026-05-14T14:19:41.252+0000] {processor.py:840} INFO - DAG(s) 'produce_json' retrieved from /opt/airflow/dags/main.py
[2026-05-14T14:19:41.279+0000] {logging_mixin.py:188} INFO - [2026-05-14T14:19:41.279+0000] {dag.py:3096} INFO - Sync 1 DAGs
[2026-05-14T14:19:41.307+0000] {logging_mixin.py:188} INFO - [2026-05-14T14:19:41.307+0000] {dag.py:3954} INFO - Setting next_dagrun for produce_json to 2026-05-14 13:00:00+00:00, run_after=2026-05-15 13:00:00+00:00
[2026-05-14T14:19:41.381+0000] {processor.py:183} INFO - Processing /opt/airflow/dags/main.py took 0.207 seconds
[2026-05-14T14:20:11.581+0000] {processor.py:161} INFO - Started process (PID=1496) to work on /opt/airflow/dags/main.py
[2026-05-14T14:20:11.582+0000] {processor.py:830} INFO - Processing file /opt/airflow/dags/main.py for tasks to queue
[2026-05-14T14:20:11.585+0000] {logging_mixin.py:188} INFO - [2026-05-14T14:20:11.585+0000] {dagbag.py:545} INFO - Filling up the DagBag from /opt/airflow/dags/main.py
[2026-05-14T14:20:11.651+0000] {processor.py:840} INFO - DAG(s) 'produce_json' retrieved from /opt/airflow/dags/main.py
[2026-05-14T14:20:11.679+0000] {logging_mixin.py:188} INFO - [2026-05-14T14:20:11.679+0000] {dag.py:3096} INFO - Sync 1 DAGs
[2026-05-14T14:20:11.704+0000] {logging_mixin.py:188} INFO - [2026-05-14T14:20:11.704+0000] {dag.py:3954} INFO - Setting next_dagrun for produce_json to 2026-05-14 13:00:00+00:00, run_after=2026-05-15 13:00:00+00:00
[2026-05-14T14:20:11.775+0000] {processor.py:183} INFO - Processing /opt/airflow/dags/main.py took 0.201 seconds
[2026-05-14T14:20:41.960+0000] {processor.py:161} INFO - Started process (PID=1503) to work on /opt/airflow/dags/main.py
[2026-05-14T14:20:41.961+0000] {processor.py:830} INFO - Processing file /opt/airflow/dags/main.py for tasks to queue
[2026-05-14T14:20:41.964+0000] {logging_mixin.py:188} INFO - [2026-05-14T14:20:41.964+0000] {dagbag.py:545} INFO - Filling up the DagBag from /opt/airflow/dags/main.py
[2026-05-14T14:20:42.025+0000] {processor.py:840} INFO - DAG(s) 'produce_json' retrieved from /opt/airflow/dags/main.py
[2026-05-14T14:20:42.051+0000] {logging_mixin.py:188} INFO - [2026-05-14T14:20:42.051+0000] {dag.py:3096} INFO - Sync 1 DAGs
[2026-05-14T14:20:42.075+0000] {logging_mixin.py:188} INFO - [2026-05-14T14:20:42.075+0000] {dag.py:3954} INFO - Setting next_dagrun for produce_json to 2026-05-14 13:00:00+00:00, run_after=2026-05-15 13:00:00+00:00
[2026-05-14T14:20:42.144+0000] {processor.py:183} INFO - Processing /opt/airflow/dags/main.py took 0.192 seconds
[2026-05-14T14:21:12.353+0000] {processor.py:161} INFO - Started process (PID=1510) to work on /opt/airflow/dags/main.py
[2026-05-14T14:21:12.355+0000] {processor.py:830} INFO - Processing file /opt/airflow/dags/main.py for tasks to queue
[2026-05-14T14:21:12.357+0000] {logging_mixin.py:188} INFO - [2026-05-14T14:21:12.357+0000] {dagbag.py:545} INFO - Filling up the DagBag from /opt/airflow/dags/main.py
[2026-05-14T14:21:12.429+0000] {processor.py:840} INFO - DAG(s) 'produce_json' retrieved from /opt/airflow/dags/main.py
[2026-05-14T14:21:12.470+0000] {logging_mixin.py:188} INFO - [2026-05-14T14:21:12.470+0000] {dag.py:3096} INFO - Sync 1 DAGs
[2026-05-14T14:21:12.496+0000] {logging_mixin.py:188} INFO - [2026-05-14T14:21:12.496+0000] {dag.py:3954} INFO - Setting next_dagrun for produce_json to 2026-05-14 13:00:00+00:00, run_after=2026-05-15 13:00:00+00:00
[2026-05-14T14:21:12.566+0000] {processor.py:183} INFO - Processing /opt/airflow/dags/main.py took 0.222 seconds
[2026-05-14T14:21:42.729+0000] {processor.py:161} INFO - Started process (PID=1517) to work on /opt/airflow/dags/main.py
[2026-05-14T14:21:42.731+0000] {processor.py:830} INFO - Processing file /opt/airflow/dags/main.py for tasks to queue
[2026-05-14T14:21:42.733+0000] {logging_mixin.py:188} INFO - [2026-05-14T14:21:42.733+0000] {dagbag.py:545} INFO - Filling up the DagBag from /opt/airflow/dags/main.py
[2026-05-14T14:21:42.796+0000] {processor.py:840} INFO - DAG(s) 'produce_json' retrieved from /opt/airflow/dags/main.py
[2026-05-14T14:21:42.832+0000] {logging_mixin.py:188} INFO - [2026-05-14T14:21:42.831+0000] {dag.py:3096} INFO - Sync 1 DAGs
[2026-05-14T14:21:42.862+0000] {logging_mixin.py:188} INFO - [2026-05-14T14:21:42.862+0000] {dag.py:3954} INFO - Setting next_dagrun for produce_json to 2026-05-14 13:00:00+00:00, run_after=2026-05-15 13:00:00+00:00
[2026-05-14T14:21:42.890+0000] {processor.py:183} INFO - Processing /opt/airflow/dags/main.py took 0.171 seconds
[2026-05-14T14:22:13.156+0000] {processor.py:161} INFO - Started process (PID=1524) to work on /opt/airflow/dags/main.py
[2026-05-14T14:22:13.159+0000] {processor.py:830} INFO - Processing file /opt/airflow/dags/main.py for tasks to queue
[2026-05-14T14:22:13.161+0000] {logging_mixin.py:188} INFO - [2026-05-14T14:22:13.161+0000] {dagbag.py:545} INFO - Filling up the DagBag from /opt/airflow/dags/main.py
[2026-05-14T14:22:13.247+0000] {processor.py:840} INFO - DAG(s) 'produce_json' retrieved from /opt/airflow/dags/main.py
[2026-05-14T14:22:13.273+0000] {logging_mixin.py:188} INFO - [2026-05-14T14:22:13.273+0000] {dag.py:3096} INFO - Sync 1 DAGs
[2026-05-14T14:22:13.303+0000] {logging_mixin.py:188} INFO - [2026-05-14T14:22:13.302+0000] {dag.py:3954} INFO - Setting next_dagrun for produce_json to 2026-05-14 13:00:00+00:00, run_after=2026-05-15 13:00:00+00:00
[2026-05-14T14:22:13.385+0000] {processor.py:183} INFO - Processing /opt/airflow/dags/main.py took 0.239 seconds
[2026-05-14T14:22:43.486+0000] {processor.py:161} INFO - Started process (PID=1532) to work on /opt/airflow/dags/main.py
[2026-05-14T14:22:43.487+0000] {processor.py:830} INFO - Processing file /opt/airflow/dags/main.py for tasks to queue
[2026-05-14T14:22:43.490+0000] {logging_mixin.py:188} INFO - [2026-05-14T14:22:43.489+0000] {dagbag.py:545} INFO - Filling up the DagBag from /opt/airflow/dags/main.py
[2026-05-14T14:22:43.551+0000] {processor.py:840} INFO - DAG(s) 'produce_json' retrieved from /opt/airflow/dags/main.py
[2026-05-14T14:22:43.579+0000] {logging_mixin.py:188} INFO - [2026-05-14T14:22:43.579+0000] {dag.py:3096} INFO - Sync 1 DAGs
[2026-05-14T14:22:43.605+0000] {logging_mixin.py:188} INFO - [2026-05-14T14:22:43.605+0000] {dag.py:3954} INFO - Setting next_dagrun for produce_json to 2026-05-14 13:00:00+00:00, run_after=2026-05-15 13:00:00+00:00
[2026-05-14T14:22:43.677+0000] {processor.py:183} INFO - Processing /opt/airflow/dags/main.py took 0.200 seconds
[2026-05-14T14:23:13.998+0000] {processor.py:161} INFO - Started process (PID=1539) to work on /opt/airflow/dags/main.py
[2026-05-14T14:23:13.999+0000] {processor.py:830} INFO - Processing file /opt/airflow/dags/main.py for tasks to queue
[2026-05-14T14:23:14.002+0000] {logging_mixin.py:188} INFO - [2026-05-14T14:23:14.001+0000] {dagbag.py:545} INFO - Filling up the DagBag from /opt/airflow/dags/main.py
[2026-05-14T14:23:14.067+0000] {processor.py:840} INFO - DAG(s) 'produce_json' retrieved from /opt/airflow/dags/main.py
[2026-05-14T14:23:14.100+0000] {logging_mixin.py:188} INFO - [2026-05-14T14:23:14.100+0000] {dag.py:3096} INFO - Sync 1 DAGs
[2026-05-14T14:23:14.133+0000] {logging_mixin.py:188} INFO - [2026-05-14T14:23:14.133+0000] {dag.py:3954} INFO - Setting next_dagrun for produce_json to 2026-05-14 13:00:00+00:00, run_after=2026-05-15 13:00:00+00:00
[2026-05-14T14:23:14.216+0000] {processor.py:183} INFO - Processing /opt/airflow/dags/main.py took 0.224 seconds
[2026-05-14T14:23:44.585+0000] {processor.py:161} INFO - Started process (PID=1546) to work on /opt/airflow/dags/main.py
[2026-05-14T14:23:44.587+0000] {processor.py:830} INFO - Processing file /opt/airflow/dags/main.py for tasks to queue
[2026-05-14T14:23:44.591+0000] {logging_mixin.py:188} INFO - [2026-05-14T14:23:44.591+0000] {dagbag.py:545} INFO - Filling up the DagBag from /opt/airflow/dags/main.py
[2026-05-14T14:23:44.681+0000] {processor.py:840} INFO - DAG(s) 'produce_json' retrieved from /opt/airflow/dags/main.py
[2026-05-14T14:23:44.710+0000] {logging_mixin.py:188} INFO - [2026-05-14T14:23:44.710+0000] {dag.py:3096} INFO - Sync 1 DAGs
[2026-05-14T14:23:44.743+0000] {logging_mixin.py:188} INFO - [2026-05-14T14:23:44.743+0000] {dag.py:3954} INFO - Setting next_dagrun for produce_json to 2026-05-14 13:00:00+00:00, run_after=2026-05-15 13:00:00+00:00
[2026-05-14T14:23:44.826+0000] {processor.py:183} INFO - Processing /opt/airflow/dags/main.py took 0.251 seconds
[2026-05-14T14:24:15.163+0000] {processor.py:161} INFO - Started process (PID=1553) to work on /opt/airflow/dags/main.py
[2026-05-14T14:24:15.165+0000] {processor.py:830} INFO - Processing file /opt/airflow/dags/main.py for tasks to queue
[2026-05-14T14:24:15.168+0000] {logging_mixin.py:188} INFO - [2026-05-14T14:24:15.168+0000] {dagbag.py:545} INFO - Filling up the DagBag from /opt/airflow/dags/main.py
[2026-05-14T14:24:15.232+0000] {processor.py:840} INFO - DAG(s) 'produce_json' retrieved from /opt/airflow/dags/main.py
[2026-05-14T14:24:15.259+0000] {logging_mixin.py:188} INFO - [2026-05-14T14:24:15.259+0000] {dag.py:3096} INFO - Sync 1 DAGs
[2026-05-14T14:24:15.286+0000] {logging_mixin.py:188} INFO - [2026-05-14T14:24:15.286+0000] {dag.py:3954} INFO - Setting next_dagrun for produce_json to 2026-05-14 13:00:00+00:00, run_after=2026-05-15 13:00:00+00:00
[2026-05-14T14:24:15.362+0000] {processor.py:183} INFO - Processing /opt/airflow/dags/main.py took 0.206 seconds
[2026-05-14T14:24:45.486+0000] {processor.py:161} INFO - Started process (PID=1560) to work on /opt/airflow/dags/main.py
[2026-05-14T14:24:45.488+0000] {processor.py:830} INFO - Processing file /opt/airflow/dags/main.py for tasks to queue
[2026-05-14T14:24:45.492+0000] {logging_mixin.py:188} INFO - [2026-05-14T14:24:45.491+0000] {dagbag.py:545} INFO - Filling up the DagBag from /opt/airflow/dags/main.py
[2026-05-14T14:24:45.602+0000] {processor.py:840} INFO - DAG(s) 'produce_json' retrieved from /opt/airflow/dags/main.py
[2026-05-14T14:24:45.633+0000] {logging_mixin.py:188} INFO - [2026-05-14T14:24:45.633+0000] {dag.py:3096} INFO - Sync 1 DAGs
[2026-05-14T14:24:45.676+0000] {logging_mixin.py:188} INFO - [2026-05-14T14:24:45.676+0000] {dag.py:3954} INFO - Setting next_dagrun for produce_json to 2026-05-14 13:00:00+00:00, run_after=2026-05-15 13:00:00+00:00
[2026-05-14T14:24:45.760+0000] {processor.py:183} INFO - Processing /opt/airflow/dags/main.py took 0.285 seconds
[2026-05-14T14:25:15.991+0000] {processor.py:161} INFO - Started process (PID=1567) to work on /opt/airflow/dags/main.py
[2026-05-14T14:25:15.993+0000] {processor.py:830} INFO - Processing file /opt/airflow/dags/main.py for tasks to queue
[2026-05-14T14:25:15.996+0000] {logging_mixin.py:188} INFO - [2026-05-14T14:25:15.995+0000] {dagbag.py:545} INFO - Filling up the DagBag from /opt/airflow/dags/main.py
[2026-05-14T14:25:16.060+0000] {processor.py:840} INFO - DAG(s) 'produce_json' retrieved from /opt/airflow/dags/main.py
[2026-05-14T14:25:16.083+0000] {logging_mixin.py:188} INFO - [2026-05-14T14:25:16.082+0000] {dag.py:3096} INFO - Sync 1 DAGs
[2026-05-14T14:25:16.107+0000] {logging_mixin.py:188} INFO - [2026-05-14T14:25:16.107+0000] {dag.py:3954} INFO - Setting next_dagrun for produce_json to 2026-05-14 13:00:00+00:00, run_after=2026-05-15 13:00:00+00:00
[2026-05-14T14:25:16.129+0000] {processor.py:183} INFO - Processing /opt/airflow/dags/main.py took 0.150 seconds
[2026-05-14T14:25:46.365+0000] {processor.py:161} INFO - Started process (PID=1574) to work on /opt/airflow/dags/main.py
[2026-05-14T14:25:46.369+0000] {processor.py:830} INFO - Processing file /opt/airflow/dags/main.py for tasks to queue
[2026-05-14T14:25:46.375+0000] {logging_mixin.py:188} INFO - [2026-05-14T14:25:46.374+0000] {dagbag.py:545} INFO - Filling up the DagBag from /opt/airflow/dags/main.py
[2026-05-14T14:25:46.475+0000] {processor.py:840} INFO - DAG(s) 'produce_json' retrieved from /opt/airflow/dags/main.py
[2026-05-14T14:25:46.507+0000] {logging_mixin.py:188} INFO - [2026-05-14T14:25:46.507+0000] {dag.py:3096} INFO - Sync 1 DAGs
[2026-05-14T14:25:46.555+0000] {logging_mixin.py:188} INFO - [2026-05-14T14:25:46.554+0000] {dag.py:3954} INFO - Setting next_dagrun for produce_json to 2026-05-14 13:00:00+00:00, run_after=2026-05-15 13:00:00+00:00
[2026-05-14T14:25:46.613+0000] {processor.py:183} INFO - Processing /opt/airflow/dags/main.py took 0.263 seconds
[2026-05-14T14:26:16.704+0000] {processor.py:161} INFO - Started process (PID=1581) to work on /opt/airflow/dags/main.py
[2026-05-14T14:26:16.707+0000] {processor.py:830} INFO - Processing file /opt/airflow/dags/main.py for tasks to queue
[2026-05-14T14:26:16.714+0000] {logging_mixin.py:188} INFO - [2026-05-14T14:26:16.712+0000] {dagbag.py:545} INFO - Filling up the DagBag from /opt/airflow/dags/main.py
[2026-05-14T14:26:16.790+0000] {processor.py:840} INFO - DAG(s) 'produce_json' retrieved from /opt/airflow/dags/main.py
[2026-05-14T14:26:16.818+0000] {logging_mixin.py:188} INFO - [2026-05-14T14:26:16.817+0000] {dag.py:3096} INFO - Sync 1 DAGs
[2026-05-14T14:26:16.844+0000] {logging_mixin.py:188} INFO - [2026-05-14T14:26:16.844+0000] {dag.py:3954} INFO - Setting next_dagrun for produce_json to 2026-05-14 13:00:00+00:00, run_after=2026-05-15 13:00:00+00:00
[2026-05-14T14:26:16.917+0000] {processor.py:183} INFO - Processing /opt/airflow/dags/main.py took 0.221 seconds
[2026-05-14T14:26:47.240+0000] {processor.py:161} INFO - Started process (PID=1588) to work on /opt/airflow/dags/main.py
[2026-05-14T14:26:47.242+0000] {processor.py:830} INFO - Processing file /opt/airflow/dags/main.py for tasks to queue
[2026-05-14T14:26:47.244+0000] {logging_mixin.py:188} INFO - [2026-05-14T14:26:47.244+0000] {dagbag.py:545} INFO - Filling up the DagBag from /opt/airflow/dags/main.py
[2026-05-14T14:26:47.305+0000] {processor.py:840} INFO - DAG(s) 'produce_json' retrieved from /opt/airflow/dags/main.py
[2026-05-14T14:26:47.329+0000] {logging_mixin.py:188} INFO - [2026-05-14T14:26:47.328+0000] {dag.py:3096} INFO - Sync 1 DAGs
[2026-05-14T14:26:47.353+0000] {logging_mixin.py:188} INFO - [2026-05-14T14:26:47.353+0000] {dag.py:3954} INFO - Setting next_dagrun for produce_json to 2026-05-14 13:00:00+00:00, run_after=2026-05-15 13:00:00+00:00
[2026-05-14T14:26:47.424+0000] {processor.py:183} INFO - Processing /opt/airflow/dags/main.py took 0.190 seconds
[2026-05-14T14:27:17.564+0000] {processor.py:161} INFO - Started process (PID=1595) to work on /opt/airflow/dags/main.py
[2026-05-14T14:27:17.565+0000] {processor.py:830} INFO - Processing file /opt/airflow/dags/main.py for tasks to queue
[2026-05-14T14:27:17.568+0000] {logging_mixin.py:188} INFO - [2026-05-14T14:27:17.568+0000] {dagbag.py:545} INFO - Filling up the DagBag from /opt/airflow/dags/main.py
[2026-05-14T14:27:17.628+0000] {processor.py:840} INFO - DAG(s) 'produce_json' retrieved from /opt/airflow/dags/main.py
[2026-05-14T14:27:17.662+0000] {logging_mixin.py:188} INFO - [2026-05-14T14:27:17.661+0000] {dag.py:3096} INFO - Sync 1 DAGs
[2026-05-14T14:27:17.688+0000] {logging_mixin.py:188} INFO - [2026-05-14T14:27:17.687+0000] {dag.py:3954} INFO - Setting next_dagrun for produce_json to 2026-05-14 13:00:00+00:00, run_after=2026-05-15 13:00:00+00:00
[2026-05-14T14:27:17.762+0000] {processor.py:183} INFO - Processing /opt/airflow/dags/main.py took 0.205 seconds
[2026-05-14T14:27:48.043+0000] {processor.py:161} INFO - Started process (PID=1602) to work on /opt/airflow/dags/main.py
[2026-05-14T14:27:48.072+0000] {processor.py:830} INFO - Processing file /opt/airflow/dags/main.py for tasks to queue
[2026-05-14T14:27:48.076+0000] {logging_mixin.py:188} INFO - [2026-05-14T14:27:48.075+0000] {dagbag.py:545} INFO - Filling up the DagBag from /opt/airflow/dags/main.py
[2026-05-14T14:27:48.140+0000] {processor.py:840} INFO - DAG(s) 'produce_json' retrieved from /opt/airflow/dags/main.py
[2026-05-14T14:27:48.170+0000] {logging_mixin.py:188} INFO - [2026-05-14T14:27:48.170+0000] {dag.py:3096} INFO - Sync 1 DAGs
[2026-05-14T14:27:48.201+0000] {logging_mixin.py:188} INFO - [2026-05-14T14:27:48.201+0000] {dag.py:3954} INFO - Setting next_dagrun for produce_json to 2026-05-14 13:00:00+00:00, run_after=2026-05-15 13:00:00+00:00
[2026-05-14T14:27:48.273+0000] {processor.py:183} INFO - Processing /opt/airflow/dags/main.py took 0.238 seconds
[2026-05-14T14:28:18.362+0000] {processor.py:161} INFO - Started process (PID=1609) to work on /opt/airflow/dags/main.py
[2026-05-14T14:28:18.365+0000] {processor.py:830} INFO - Processing file /opt/airflow/dags/main.py for tasks to queue
[2026-05-14T14:28:18.370+0000] {logging_mixin.py:188} INFO - [2026-05-14T14:28:18.369+0000] {dagbag.py:545} INFO - Filling up the DagBag from /opt/airflow/dags/main.py
[2026-05-14T14:28:18.474+0000] {processor.py:840} INFO - DAG(s) 'produce_json' retrieved from /opt/airflow/dags/main.py
[2026-05-14T14:28:18.514+0000] {logging_mixin.py:188} INFO - [2026-05-14T14:28:18.514+0000] {dag.py:3096} INFO - Sync 1 DAGs
[2026-05-14T14:28:18.577+0000] {logging_mixin.py:188} INFO - [2026-05-14T14:28:18.576+0000] {dag.py:3954} INFO - Setting next_dagrun for produce_json to 2026-05-14 13:00:00+00:00, run_after=2026-05-15 13:00:00+00:00
[2026-05-14T14:28:18.625+0000] {processor.py:183} INFO - Processing /opt/airflow/dags/main.py took 0.272 seconds
[2026-05-14T14:28:49.077+0000] {processor.py:161} INFO - Started process (PID=1615) to work on /opt/airflow/dags/main.py
[2026-05-14T14:28:49.079+0000] {processor.py:830} INFO - Processing file /opt/airflow/dags/main.py for tasks to queue
[2026-05-14T14:28:49.085+0000] {logging_mixin.py:188} INFO - [2026-05-14T14:28:49.083+0000] {dagbag.py:545} INFO - Filling up the DagBag from /opt/airflow/dags/main.py
[2026-05-14T14:28:49.208+0000] {processor.py:840} INFO - DAG(s) 'produce_json' retrieved from /opt/airflow/dags/main.py
[2026-05-14T14:28:49.242+0000] {logging_mixin.py:188} INFO - [2026-05-14T14:28:49.241+0000] {dag.py:3096} INFO - Sync 1 DAGs
[2026-05-14T14:28:49.269+0000] {logging_mixin.py:188} INFO - [2026-05-14T14:28:49.268+0000] {dag.py:3954} INFO - Setting next_dagrun for produce_json to 2026-05-14 13:00:00+00:00, run_after=2026-05-15 13:00:00+00:00
[2026-05-14T14:28:49.351+0000] {processor.py:183} INFO - Processing /opt/airflow/dags/main.py took 0.289 seconds
[2026-05-14T14:29:19.675+0000] {processor.py:161} INFO - Started process (PID=1622) to work on /opt/airflow/dags/main.py
[2026-05-14T14:29:19.677+0000] {processor.py:830} INFO - Processing file /opt/airflow/dags/main.py for tasks to queue
[2026-05-14T14:29:19.680+0000] {logging_mixin.py:188} INFO - [2026-05-14T14:29:19.679+0000] {dagbag.py:545} INFO - Filling up the DagBag from /opt/airflow/dags/main.py
[2026-05-14T14:29:19.739+0000] {processor.py:840} INFO - DAG(s) 'produce_json' retrieved from /opt/airflow/dags/main.py
[2026-05-14T14:29:19.768+0000] {logging_mixin.py:188} INFO - [2026-05-14T14:29:19.768+0000] {dag.py:3096} INFO - Sync 1 DAGs
[2026-05-14T14:29:19.795+0000] {logging_mixin.py:188} INFO - [2026-05-14T14:29:19.795+0000] {dag.py:3954} INFO - Setting next_dagrun for produce_json to 2026-05-14 13:00:00+00:00, run_after=2026-05-15 13:00:00+00:00
[2026-05-14T14:29:19.833+0000] {processor.py:183} INFO - Processing /opt/airflow/dags/main.py took 0.165 seconds
[2026-05-14T14:29:49.991+0000] {processor.py:161} INFO - Started process (PID=1629) to work on /opt/airflow/dags/main.py
[2026-05-14T14:29:49.993+0000] {processor.py:830} INFO - Processing file /opt/airflow/dags/main.py for tasks to queue
[2026-05-14T14:29:49.999+0000] {logging_mixin.py:188} INFO - [2026-05-14T14:29:49.998+0000] {dagbag.py:545} INFO - Filling up the DagBag from /opt/airflow/dags/main.py
[2026-05-14T14:29:50.109+0000] {processor.py:840} INFO - DAG(s) 'produce_json' retrieved from /opt/airflow/dags/main.py
[2026-05-14T14:29:50.141+0000] {logging_mixin.py:188} INFO - [2026-05-14T14:29:50.141+0000] {dag.py:3096} INFO - Sync 1 DAGs
[2026-05-14T14:29:50.188+0000] {logging_mixin.py:188} INFO - [2026-05-14T14:29:50.187+0000] {dag.py:3954} INFO - Setting next_dagrun for produce_json to 2026-05-14 13:00:00+00:00, run_after=2026-05-15 13:00:00+00:00
[2026-05-14T14:29:50.265+0000] {processor.py:183} INFO - Processing /opt/airflow/dags/main.py took 0.294 seconds
[2026-05-14T14:30:20.466+0000] {processor.py:161} INFO - Started process (PID=1642) to work on /opt/airflow/dags/main.py
[2026-05-14T14:30:20.468+0000] {processor.py:830} INFO - Processing file /opt/airflow/dags/main.py for tasks to queue
[2026-05-14T14:30:20.472+0000] {logging_mixin.py:188} INFO - [2026-05-14T14:30:20.472+0000] {dagbag.py:545} INFO - Filling up the DagBag from /opt/airflow/dags/main.py
[2026-05-14T14:30:20.578+0000] {processor.py:840} INFO - DAG(s) 'produce_json' retrieved from /opt/airflow/dags/main.py
[2026-05-14T14:30:20.642+0000] {logging_mixin.py:188} INFO - [2026-05-14T14:30:20.642+0000] {dag.py:3096} INFO - Sync 1 DAGs
[2026-05-14T14:30:20.686+0000] {logging_mixin.py:188} INFO - [2026-05-14T14:30:20.686+0000] {dag.py:3954} INFO - Setting next_dagrun for produce_json to 2026-05-14 13:00:00+00:00, run_after=2026-05-15 13:00:00+00:00
[2026-05-14T14:30:20.732+0000] {processor.py:183} INFO - Processing /opt/airflow/dags/main.py took 0.276 seconds
[2026-05-14T14:30:50.850+0000] {processor.py:161} INFO - Started process (PID=1649) to work on /opt/airflow/dags/main.py
[2026-05-14T14:30:50.852+0000] {processor.py:830} INFO - Processing file /opt/airflow/dags/main.py for tasks to queue
[2026-05-14T14:30:50.854+0000] {logging_mixin.py:188} INFO - [2026-05-14T14:30:50.853+0000] {dagbag.py:545} INFO - Filling up the DagBag from /opt/airflow/dags/main.py
[2026-05-14T14:30:50.917+0000] {processor.py:840} INFO - DAG(s) 'produce_json' retrieved from /opt/airflow/dags/main.py
[2026-05-14T14:30:50.946+0000] {logging_mixin.py:188} INFO - [2026-05-14T14:30:50.946+0000] {dag.py:3096} INFO - Sync 1 DAGs
[2026-05-14T14:30:50.977+0000] {logging_mixin.py:188} INFO - [2026-05-14T14:30:50.977+0000] {dag.py:3954} INFO - Setting next_dagrun for produce_json to 2026-05-14 13:00:00+00:00, run_after=2026-05-15 13:00:00+00:00
[2026-05-14T14:30:51.061+0000] {processor.py:183} INFO - Processing /opt/airflow/dags/main.py took 0.218 seconds
[2026-05-14T14:31:21.368+0000] {processor.py:161} INFO - Started process (PID=1656) to work on /opt/airflow/dags/main.py
[2026-05-14T14:31:21.371+0000] {processor.py:830} INFO - Processing file /opt/airflow/dags/main.py for tasks to queue
[2026-05-14T14:31:21.376+0000] {logging_mixin.py:188} INFO - [2026-05-14T14:31:21.375+0000] {dagbag.py:545} INFO - Filling up the DagBag from /opt/airflow/dags/main.py
[2026-05-14T14:31:21.517+0000] {processor.py:840} INFO - DAG(s) 'produce_json' retrieved from /opt/airflow/dags/main.py
[2026-05-14T14:31:21.546+0000] {logging_mixin.py:188} INFO - [2026-05-14T14:31:21.545+0000] {dag.py:3096} INFO - Sync 1 DAGs
[2026-05-14T14:31:21.576+0000] {logging_mixin.py:188} INFO - [2026-05-14T14:31:21.576+0000] {dag.py:3954} INFO - Setting next_dagrun for produce_json to 2026-05-14 13:00:00+00:00, run_after=2026-05-15 13:00:00+00:00
[2026-05-14T14:31:21.660+0000] {processor.py:183} INFO - Processing /opt/airflow/dags/main.py took 0.305 seconds
[2026-05-14T14:31:51.990+0000] {processor.py:161} INFO - Started process (PID=1663) to work on /opt/airflow/dags/main.py
[2026-05-14T14:31:51.992+0000] {processor.py:830} INFO - Processing file /opt/airflow/dags/main.py for tasks to queue
[2026-05-14T14:31:51.995+0000] {logging_mixin.py:188} INFO - [2026-05-14T14:31:51.994+0000] {dagbag.py:545} INFO - Filling up the DagBag from /opt/airflow/dags/main.py
[2026-05-14T14:31:52.088+0000] {processor.py:840} INFO - DAG(s) 'produce_json' retrieved from /opt/airflow/dags/main.py
[2026-05-14T14:31:52.114+0000] {logging_mixin.py:188} INFO - [2026-05-14T14:31:52.114+0000] {dag.py:3096} INFO - Sync 1 DAGs
[2026-05-14T14:31:52.146+0000] {logging_mixin.py:188} INFO - [2026-05-14T14:31:52.145+0000] {dag.py:3954} INFO - Setting next_dagrun for produce_json to 2026-05-14 13:00:00+00:00, run_after=2026-05-15 13:00:00+00:00
[2026-05-14T14:31:52.231+0000] {processor.py:183} INFO - Processing /opt/airflow/dags/main.py took 0.252 seconds
[2026-05-14T14:32:22.569+0000] {processor.py:161} INFO - Started process (PID=1671) to work on /opt/airflow/dags/main.py
[2026-05-14T14:32:22.571+0000] {processor.py:830} INFO - Processing file /opt/airflow/dags/main.py for tasks to queue
[2026-05-14T14:32:22.576+0000] {logging_mixin.py:188} INFO - [2026-05-14T14:32:22.575+0000] {dagbag.py:545} INFO - Filling up the DagBag from /opt/airflow/dags/main.py
[2026-05-14T14:32:22.670+0000] {processor.py:840} INFO - DAG(s) 'produce_json' retrieved from /opt/airflow/dags/main.py
[2026-05-14T14:32:22.702+0000] {logging_mixin.py:188} INFO - [2026-05-14T14:32:22.701+0000] {dag.py:3096} INFO - Sync 1 DAGs
[2026-05-14T14:32:22.729+0000] {logging_mixin.py:188} INFO - [2026-05-14T14:32:22.729+0000] {dag.py:3954} INFO - Setting next_dagrun for produce_json to 2026-05-14 13:00:00+00:00, run_after=2026-05-15 13:00:00+00:00
[2026-05-14T14:32:22.796+0000] {processor.py:183} INFO - Processing /opt/airflow/dags/main.py took 0.238 seconds
[2026-05-14T14:32:52.873+0000] {processor.py:161} INFO - Started process (PID=1678) to work on /opt/airflow/dags/main.py
[2026-05-14T14:32:52.875+0000] {processor.py:830} INFO - Processing file /opt/airflow/dags/main.py for tasks to queue
[2026-05-14T14:32:52.878+0000] {logging_mixin.py:188} INFO - [2026-05-14T14:32:52.877+0000] {dagbag.py:545} INFO - Filling up the DagBag from /opt/airflow/dags/main.py
[2026-05-14T14:32:52.938+0000] {processor.py:840} INFO - DAG(s) 'produce_json' retrieved from /opt/airflow/dags/main.py
[2026-05-14T14:32:52.981+0000] {logging_mixin.py:188} INFO - [2026-05-14T14:32:52.981+0000] {dag.py:3096} INFO - Sync 1 DAGs
[2026-05-14T14:32:53.013+0000] {logging_mixin.py:188} INFO - [2026-05-14T14:32:53.012+0000] {dag.py:3954} INFO - Setting next_dagrun for produce_json to 2026-05-14 13:00:00+00:00, run_after=2026-05-15 13:00:00+00:00
[2026-05-14T14:32:53.086+0000] {processor.py:183} INFO - Processing /opt/airflow/dags/main.py took 0.220 seconds
[2026-05-14T14:33:23.432+0000] {processor.py:161} INFO - Started process (PID=1685) to work on /opt/airflow/dags/main.py
[2026-05-14T14:33:23.434+0000] {processor.py:830} INFO - Processing file /opt/airflow/dags/main.py for tasks to queue
[2026-05-14T14:33:23.437+0000] {logging_mixin.py:188} INFO - [2026-05-14T14:33:23.437+0000] {dagbag.py:545} INFO - Filling up the DagBag from /opt/airflow/dags/main.py
[2026-05-14T14:33:23.524+0000] {processor.py:840} INFO - DAG(s) 'produce_json' retrieved from /opt/airflow/dags/main.py
[2026-05-14T14:33:23.564+0000] {logging_mixin.py:188} INFO - [2026-05-14T14:33:23.563+0000] {dag.py:3096} INFO - Sync 1 DAGs
[2026-05-14T14:33:23.599+0000] {logging_mixin.py:188} INFO - [2026-05-14T14:33:23.599+0000] {dag.py:3954} INFO - Setting next_dagrun for produce_json to 2026-05-14 13:00:00+00:00, run_after=2026-05-15 13:00:00+00:00
[2026-05-14T14:33:23.680+0000] {processor.py:183} INFO - Processing /opt/airflow/dags/main.py took 0.268 seconds
[2026-05-14T14:33:54.152+0000] {processor.py:161} INFO - Started process (PID=1692) to work on /opt/airflow/dags/main.py
[2026-05-14T14:33:54.154+0000] {processor.py:830} INFO - Processing file /opt/airflow/dags/main.py for tasks to queue
[2026-05-14T14:33:54.157+0000] {logging_mixin.py:188} INFO - [2026-05-14T14:33:54.157+0000] {dagbag.py:545} INFO - Filling up the DagBag from /opt/airflow/dags/main.py
[2026-05-14T14:33:54.254+0000] {processor.py:840} INFO - DAG(s) 'produce_json' retrieved from /opt/airflow/dags/main.py
[2026-05-14T14:33:54.287+0000] {logging_mixin.py:188} INFO - [2026-05-14T14:33:54.287+0000] {dag.py:3096} INFO - Sync 1 DAGs
[2026-05-14T14:33:54.328+0000] {logging_mixin.py:188} INFO - [2026-05-14T14:33:54.328+0000] {dag.py:3954} INFO - Setting next_dagrun for produce_json to 2026-05-14 13:00:00+00:00, run_after=2026-05-15 13:00:00+00:00
[2026-05-14T14:33:54.399+0000] {processor.py:183} INFO - Processing /opt/airflow/dags/main.py took 0.255 seconds
[2026-05-14T14:34:24.749+0000] {processor.py:161} INFO - Started process (PID=1699) to work on /opt/airflow/dags/main.py
[2026-05-14T14:34:24.750+0000] {processor.py:830} INFO - Processing file /opt/airflow/dags/main.py for tasks to queue
[2026-05-14T14:34:24.753+0000] {logging_mixin.py:188} INFO - [2026-05-14T14:34:24.752+0000] {dagbag.py:545} INFO - Filling up the DagBag from /opt/airflow/dags/main.py
[2026-05-14T14:34:24.816+0000] {processor.py:840} INFO - DAG(s) 'produce_json' retrieved from /opt/airflow/dags/main.py
[2026-05-14T14:34:24.844+0000] {logging_mixin.py:188} INFO - [2026-05-14T14:34:24.844+0000] {dag.py:3096} INFO - Sync 1 DAGs
[2026-05-14T14:34:24.872+0000] {logging_mixin.py:188} INFO - [2026-05-14T14:34:24.871+0000] {dag.py:3954} INFO - Setting next_dagrun for produce_json to 2026-05-14 13:00:00+00:00, run_after=2026-05-15 13:00:00+00:00
[2026-05-14T14:34:24.935+0000] {processor.py:183} INFO - Processing /opt/airflow/dags/main.py took 0.193 seconds
[2026-05-14T14:34:55.048+0000] {processor.py:161} INFO - Started process (PID=1706) to work on /opt/airflow/dags/main.py
[2026-05-14T14:34:55.050+0000] {processor.py:830} INFO - Processing file /opt/airflow/dags/main.py for tasks to queue
[2026-05-14T14:34:55.052+0000] {logging_mixin.py:188} INFO - [2026-05-14T14:34:55.052+0000] {dagbag.py:545} INFO - Filling up the DagBag from /opt/airflow/dags/main.py
[2026-05-14T14:34:55.128+0000] {processor.py:840} INFO - DAG(s) 'produce_json' retrieved from /opt/airflow/dags/main.py
[2026-05-14T14:34:55.167+0000] {logging_mixin.py:188} INFO - [2026-05-14T14:34:55.167+0000] {dag.py:3096} INFO - Sync 1 DAGs
[2026-05-14T14:34:55.202+0000] {logging_mixin.py:188} INFO - [2026-05-14T14:34:55.202+0000] {dag.py:3954} INFO - Setting next_dagrun for produce_json to 2026-05-14 13:00:00+00:00, run_after=2026-05-15 13:00:00+00:00
[2026-05-14T14:34:55.234+0000] {processor.py:183} INFO - Processing /opt/airflow/dags/main.py took 0.193 seconds
[2026-05-14T14:35:25.540+0000] {processor.py:161} INFO - Started process (PID=1713) to work on /opt/airflow/dags/main.py
[2026-05-14T14:35:25.542+0000] {processor.py:830} INFO - Processing file /opt/airflow/dags/main.py for tasks to queue
[2026-05-14T14:35:25.545+0000] {logging_mixin.py:188} INFO - [2026-05-14T14:35:25.544+0000] {dagbag.py:545} INFO - Filling up the DagBag from /opt/airflow/dags/main.py
[2026-05-14T14:35:25.641+0000] {processor.py:840} INFO - DAG(s) 'produce_json' retrieved from /opt/airflow/dags/main.py
[2026-05-14T14:35:25.680+0000] {logging_mixin.py:188} INFO - [2026-05-14T14:35:25.679+0000] {dag.py:3096} INFO - Sync 1 DAGs
[2026-05-14T14:35:25.721+0000] {logging_mixin.py:188} INFO - [2026-05-14T14:35:25.720+0000] {dag.py:3954} INFO - Setting next_dagrun for produce_json to 2026-05-14 13:00:00+00:00, run_after=2026-05-15 13:00:00+00:00
[2026-05-14T14:35:25.810+0000] {processor.py:183} INFO - Processing /opt/airflow/dags/main.py took 0.278 seconds
[2026-05-14T14:35:56.138+0000] {processor.py:161} INFO - Started process (PID=1720) to work on /opt/airflow/dags/main.py
[2026-05-14T14:35:56.139+0000] {processor.py:830} INFO - Processing file /opt/airflow/dags/main.py for tasks to queue
[2026-05-14T14:35:56.142+0000] {logging_mixin.py:188} INFO - [2026-05-14T14:35:56.142+0000] {dagbag.py:545} INFO - Filling up the DagBag from /opt/airflow/dags/main.py
[2026-05-14T14:35:56.213+0000] {processor.py:840} INFO - DAG(s) 'produce_json' retrieved from /opt/airflow/dags/main.py
[2026-05-14T14:35:56.248+0000] {logging_mixin.py:188} INFO - [2026-05-14T14:35:56.247+0000] {dag.py:3096} INFO - Sync 1 DAGs
[2026-05-14T14:35:56.278+0000] {logging_mixin.py:188} INFO - [2026-05-14T14:35:56.278+0000] {dag.py:3954} INFO - Setting next_dagrun for produce_json to 2026-05-14 13:00:00+00:00, run_after=2026-05-15 13:00:00+00:00
[2026-05-14T14:35:56.351+0000] {processor.py:183} INFO - Processing /opt/airflow/dags/main.py took 0.222 seconds
[2026-05-14T14:36:26.454+0000] {processor.py:161} INFO - Started process (PID=1727) to work on /opt/airflow/dags/main.py
[2026-05-14T14:36:26.457+0000] {processor.py:830} INFO - Processing file /opt/airflow/dags/main.py for tasks to queue
[2026-05-14T14:36:26.460+0000] {logging_mixin.py:188} INFO - [2026-05-14T14:36:26.460+0000] {dagbag.py:545} INFO - Filling up the DagBag from /opt/airflow/dags/main.py
[2026-05-14T14:36:26.559+0000] {processor.py:840} INFO - DAG(s) 'produce_json' retrieved from /opt/airflow/dags/main.py
[2026-05-14T14:36:26.597+0000] {logging_mixin.py:188} INFO - [2026-05-14T14:36:26.597+0000] {dag.py:3096} INFO - Sync 1 DAGs
[2026-05-14T14:36:26.634+0000] {logging_mixin.py:188} INFO - [2026-05-14T14:36:26.634+0000] {dag.py:3954} INFO - Setting next_dagrun for produce_json to 2026-05-14 13:00:00+00:00, run_after=2026-05-15 13:00:00+00:00
[2026-05-14T14:36:26.715+0000] {processor.py:183} INFO - Processing /opt/airflow/dags/main.py took 0.276 seconds
[2026-05-14T14:36:56.969+0000] {processor.py:161} INFO - Started process (PID=1734) to work on /opt/airflow/dags/main.py
[2026-05-14T14:36:56.970+0000] {processor.py:830} INFO - Processing file /opt/airflow/dags/main.py for tasks to queue
[2026-05-14T14:36:56.974+0000] {logging_mixin.py:188} INFO - [2026-05-14T14:36:56.973+0000] {dagbag.py:545} INFO - Filling up the DagBag from /opt/airflow/dags/main.py
[2026-05-14T14:36:57.043+0000] {processor.py:840} INFO - DAG(s) 'produce_json' retrieved from /opt/airflow/dags/main.py
[2026-05-14T14:36:57.070+0000] {logging_mixin.py:188} INFO - [2026-05-14T14:36:57.070+0000] {dag.py:3096} INFO - Sync 1 DAGs
[2026-05-14T14:36:57.098+0000] {logging_mixin.py:188} INFO - [2026-05-14T14:36:57.098+0000] {dag.py:3954} INFO - Setting next_dagrun for produce_json to 2026-05-14 13:00:00+00:00, run_after=2026-05-15 13:00:00+00:00
[2026-05-14T14:36:57.132+0000] {processor.py:183} INFO - Processing /opt/airflow/dags/main.py took 0.173 seconds
[2026-05-14T14:38:16.556+0000] {processor.py:161} INFO - Started process (PID=1741) to work on /opt/airflow/dags/main.py
[2026-05-14T14:38:16.570+0000] {processor.py:830} INFO - Processing file /opt/airflow/dags/main.py for tasks to queue
[2026-05-14T14:38:16.589+0000] {logging_mixin.py:188} INFO - [2026-05-14T14:38:16.589+0000] {dagbag.py:545} INFO - Filling up the DagBag from /opt/airflow/dags/main.py
[2026-05-14T14:38:17.098+0000] {processor.py:840} INFO - DAG(s) 'produce_json' retrieved from /opt/airflow/dags/main.py
[2026-05-14T14:38:17.202+0000] {logging_mixin.py:188} INFO - [2026-05-14T14:38:17.202+0000] {dag.py:3096} INFO - Sync 1 DAGs
[2026-05-14T14:38:17.318+0000] {logging_mixin.py:188} INFO - [2026-05-14T14:38:17.317+0000] {dag.py:3954} INFO - Setting next_dagrun for produce_json to 2026-05-14 13:00:00+00:00, run_after=2026-05-15 13:00:00+00:00
[2026-05-14T14:38:17.379+0000] {processor.py:183} INFO - Processing /opt/airflow/dags/main.py took 0.853 seconds
[2026-05-14T14:38:47.581+0000] {processor.py:161} INFO - Started process (PID=1748) to work on /opt/airflow/dags/main.py
[2026-05-14T14:38:47.584+0000] {processor.py:830} INFO - Processing file /opt/airflow/dags/main.py for tasks to queue
[2026-05-14T14:38:47.588+0000] {logging_mixin.py:188} INFO - [2026-05-14T14:38:47.587+0000] {dagbag.py:545} INFO - Filling up the DagBag from /opt/airflow/dags/main.py
[2026-05-14T14:38:47.650+0000] {processor.py:840} INFO - DAG(s) 'produce_json' retrieved from /opt/airflow/dags/main.py
[2026-05-14T14:38:47.676+0000] {logging_mixin.py:188} INFO - [2026-05-14T14:38:47.676+0000] {dag.py:3096} INFO - Sync 1 DAGs
[2026-05-14T14:38:47.698+0000] {logging_mixin.py:188} INFO - [2026-05-14T14:38:47.698+0000] {dag.py:3954} INFO - Setting next_dagrun for produce_json to 2026-05-14 13:00:00+00:00, run_after=2026-05-15 13:00:00+00:00
[2026-05-14T14:38:47.755+0000] {processor.py:183} INFO - Processing /opt/airflow/dags/main.py took 0.184 seconds
[2026-05-14T14:39:17.964+0000] {processor.py:161} INFO - Started process (PID=1755) to work on /opt/airflow/dags/main.py
[2026-05-14T14:39:17.965+0000] {processor.py:830} INFO - Processing file /opt/airflow/dags/main.py for tasks to queue
[2026-05-14T14:39:17.967+0000] {logging_mixin.py:188} INFO - [2026-05-14T14:39:17.967+0000] {dagbag.py:545} INFO - Filling up the DagBag from /opt/airflow/dags/main.py
[2026-05-14T14:39:18.088+0000] {processor.py:840} INFO - DAG(s) 'produce_json' retrieved from /opt/airflow/dags/main.py
[2026-05-14T14:39:18.115+0000] {logging_mixin.py:188} INFO - [2026-05-14T14:39:18.115+0000] {dag.py:3096} INFO - Sync 1 DAGs
[2026-05-14T14:39:18.143+0000] {logging_mixin.py:188} INFO - [2026-05-14T14:39:18.143+0000] {dag.py:3954} INFO - Setting next_dagrun for produce_json to 2026-05-14 13:00:00+00:00, run_after=2026-05-15 13:00:00+00:00
[2026-05-14T14:39:18.174+0000] {processor.py:183} INFO - Processing /opt/airflow/dags/main.py took 0.219 seconds
[2026-05-14T14:39:48.422+0000] {processor.py:161} INFO - Started process (PID=1762) to work on /opt/airflow/dags/main.py
[2026-05-14T14:39:48.425+0000] {processor.py:830} INFO - Processing file /opt/airflow/dags/main.py for tasks to queue
[2026-05-14T14:39:48.429+0000] {logging_mixin.py:188} INFO - [2026-05-14T14:39:48.428+0000] {dagbag.py:545} INFO - Filling up the DagBag from /opt/airflow/dags/main.py
[2026-05-14T14:39:48.545+0000] {processor.py:840} INFO - DAG(s) 'produce_json' retrieved from /opt/airflow/dags/main.py
[2026-05-14T14:39:48.636+0000] {logging_mixin.py:188} INFO - [2026-05-14T14:39:48.635+0000] {dag.py:3096} INFO - Sync 1 DAGs
[2026-05-14T14:39:48.698+0000] {logging_mixin.py:188} INFO - [2026-05-14T14:39:48.698+0000] {dag.py:3954} INFO - Setting next_dagrun for produce_json to 2026-05-14 13:00:00+00:00, run_after=2026-05-15 13:00:00+00:00
[2026-05-14T14:39:48.787+0000] {processor.py:183} INFO - Processing /opt/airflow/dags/main.py took 0.378 seconds
[2026-05-14T14:40:19.139+0000] {processor.py:161} INFO - Started process (PID=1769) to work on /opt/airflow/dags/main.py
[2026-05-14T14:40:19.141+0000] {processor.py:830} INFO - Processing file /opt/airflow/dags/main.py for tasks to queue
[2026-05-14T14:40:19.145+0000] {logging_mixin.py:188} INFO - [2026-05-14T14:40:19.145+0000] {dagbag.py:545} INFO - Filling up the DagBag from /opt/airflow/dags/main.py
[2026-05-14T14:40:19.232+0000] {processor.py:840} INFO - DAG(s) 'produce_json' retrieved from /opt/airflow/dags/main.py
[2026-05-14T14:40:19.259+0000] {logging_mixin.py:188} INFO - [2026-05-14T14:40:19.259+0000] {dag.py:3096} INFO - Sync 1 DAGs
[2026-05-14T14:40:19.289+0000] {logging_mixin.py:188} INFO - [2026-05-14T14:40:19.289+0000] {dag.py:3954} INFO - Setting next_dagrun for produce_json to 2026-05-14 13:00:00+00:00, run_after=2026-05-15 13:00:00+00:00
[2026-05-14T14:40:19.323+0000] {processor.py:183} INFO - Processing /opt/airflow/dags/main.py took 0.195 seconds
[2026-05-14T14:40:49.438+0000] {processor.py:161} INFO - Started process (PID=1776) to work on /opt/airflow/dags/main.py
[2026-05-14T14:40:49.440+0000] {processor.py:830} INFO - Processing file /opt/airflow/dags/main.py for tasks to queue
[2026-05-14T14:40:49.445+0000] {logging_mixin.py:188} INFO - [2026-05-14T14:40:49.444+0000] {dagbag.py:545} INFO - Filling up the DagBag from /opt/airflow/dags/main.py
[2026-05-14T14:40:49.548+0000] {processor.py:840} INFO - DAG(s) 'produce_json' retrieved from /opt/airflow/dags/main.py
[2026-05-14T14:40:49.587+0000] {logging_mixin.py:188} INFO - [2026-05-14T14:40:49.586+0000] {dag.py:3096} INFO - Sync 1 DAGs
[2026-05-14T14:40:49.621+0000] {logging_mixin.py:188} INFO - [2026-05-14T14:40:49.620+0000] {dag.py:3954} INFO - Setting next_dagrun for produce_json to 2026-05-14 13:00:00+00:00, run_after=2026-05-15 13:00:00+00:00
[2026-05-14T14:40:49.689+0000] {processor.py:183} INFO - Processing /opt/airflow/dags/main.py took 0.270 seconds
[2026-05-14T14:41:19.918+0000] {processor.py:161} INFO - Started process (PID=1783) to work on /opt/airflow/dags/main.py
[2026-05-14T14:41:19.919+0000] {processor.py:830} INFO - Processing file /opt/airflow/dags/main.py for tasks to queue
[2026-05-14T14:41:19.922+0000] {logging_mixin.py:188} INFO - [2026-05-14T14:41:19.922+0000] {dagbag.py:545} INFO - Filling up the DagBag from /opt/airflow/dags/main.py
[2026-05-14T14:41:20.018+0000] {processor.py:840} INFO - DAG(s) 'produce_json' retrieved from /opt/airflow/dags/main.py
[2026-05-14T14:41:20.052+0000] {logging_mixin.py:188} INFO - [2026-05-14T14:41:20.051+0000] {dag.py:3096} INFO - Sync 1 DAGs
[2026-05-14T14:41:20.081+0000] {logging_mixin.py:188} INFO - [2026-05-14T14:41:20.080+0000] {dag.py:3954} INFO - Setting next_dagrun for produce_json to 2026-05-14 13:00:00+00:00, run_after=2026-05-15 13:00:00+00:00
[2026-05-14T14:41:20.149+0000] {processor.py:183} INFO - Processing /opt/airflow/dags/main.py took 0.239 seconds
[2026-05-14T14:41:50.279+0000] {processor.py:161} INFO - Started process (PID=1790) to work on /opt/airflow/dags/main.py
[2026-05-14T14:41:50.281+0000] {processor.py:830} INFO - Processing file /opt/airflow/dags/main.py for tasks to queue
[2026-05-14T14:41:50.285+0000] {logging_mixin.py:188} INFO - [2026-05-14T14:41:50.284+0000] {dagbag.py:545} INFO - Filling up the DagBag from /opt/airflow/dags/main.py
[2026-05-14T14:41:50.377+0000] {processor.py:840} INFO - DAG(s) 'produce_json' retrieved from /opt/airflow/dags/main.py
[2026-05-14T14:41:50.408+0000] {logging_mixin.py:188} INFO - [2026-05-14T14:41:50.408+0000] {dag.py:3096} INFO - Sync 1 DAGs
[2026-05-14T14:41:50.442+0000] {logging_mixin.py:188} INFO - [2026-05-14T14:41:50.441+0000] {dag.py:3954} INFO - Setting next_dagrun for produce_json to 2026-05-14 13:00:00+00:00, run_after=2026-05-15 13:00:00+00:00
[2026-05-14T14:41:50.525+0000] {processor.py:183} INFO - Processing /opt/airflow/dags/main.py took 0.252 seconds
[2026-05-14T14:42:20.763+0000] {processor.py:161} INFO - Started process (PID=1797) to work on /opt/airflow/dags/main.py
[2026-05-14T14:42:20.767+0000] {processor.py:830} INFO - Processing file /opt/airflow/dags/main.py for tasks to queue
[2026-05-14T14:42:20.771+0000] {logging_mixin.py:188} INFO - [2026-05-14T14:42:20.770+0000] {dagbag.py:545} INFO - Filling up the DagBag from /opt/airflow/dags/main.py
[2026-05-14T14:42:20.861+0000] {processor.py:840} INFO - DAG(s) 'produce_json' retrieved from /opt/airflow/dags/main.py
[2026-05-14T14:42:20.886+0000] {logging_mixin.py:188} INFO - [2026-05-14T14:42:20.885+0000] {dag.py:3096} INFO - Sync 1 DAGs
[2026-05-14T14:42:20.911+0000] {logging_mixin.py:188} INFO - [2026-05-14T14:42:20.911+0000] {dag.py:3954} INFO - Setting next_dagrun for produce_json to 2026-05-14 13:00:00+00:00, run_after=2026-05-15 13:00:00+00:00
[2026-05-14T14:42:20.983+0000] {processor.py:183} INFO - Processing /opt/airflow/dags/main.py took 0.230 seconds
[2026-05-14T14:42:51.199+0000] {processor.py:161} INFO - Started process (PID=1804) to work on /opt/airflow/dags/main.py
[2026-05-14T14:42:51.201+0000] {processor.py:830} INFO - Processing file /opt/airflow/dags/main.py for tasks to queue
[2026-05-14T14:42:51.204+0000] {logging_mixin.py:188} INFO - [2026-05-14T14:42:51.203+0000] {dagbag.py:545} INFO - Filling up the DagBag from /opt/airflow/dags/main.py
[2026-05-14T14:42:51.339+0000] {processor.py:840} INFO - DAG(s) 'produce_json' retrieved from /opt/airflow/dags/main.py
[2026-05-14T14:42:51.388+0000] {logging_mixin.py:188} INFO - [2026-05-14T14:42:51.388+0000] {dag.py:3096} INFO - Sync 1 DAGs
[2026-05-14T14:42:51.457+0000] {logging_mixin.py:188} INFO - [2026-05-14T14:42:51.456+0000] {dag.py:3954} INFO - Setting next_dagrun for produce_json to 2026-05-14 13:00:00+00:00, run_after=2026-05-15 13:00:00+00:00
[2026-05-14T14:42:51.541+0000] {processor.py:183} INFO - Processing /opt/airflow/dags/main.py took 0.360 seconds
[2026-05-14T14:43:21.755+0000] {processor.py:161} INFO - Started process (PID=1811) to work on /opt/airflow/dags/main.py
[2026-05-14T14:43:21.757+0000] {processor.py:830} INFO - Processing file /opt/airflow/dags/main.py for tasks to queue
[2026-05-14T14:43:21.760+0000] {logging_mixin.py:188} INFO - [2026-05-14T14:43:21.760+0000] {dagbag.py:545} INFO - Filling up the DagBag from /opt/airflow/dags/main.py
[2026-05-14T14:43:21.893+0000] {processor.py:840} INFO - DAG(s) 'produce_json' retrieved from /opt/airflow/dags/main.py
[2026-05-14T14:43:21.939+0000] {logging_mixin.py:188} INFO - [2026-05-14T14:43:21.939+0000] {dag.py:3096} INFO - Sync 1 DAGs
[2026-05-14T14:43:22.003+0000] {logging_mixin.py:188} INFO - [2026-05-14T14:43:22.003+0000] {dag.py:3954} INFO - Setting next_dagrun for produce_json to 2026-05-14 13:00:00+00:00, run_after=2026-05-15 13:00:00+00:00
[2026-05-14T14:43:22.042+0000] {processor.py:183} INFO - Processing /opt/airflow/dags/main.py took 0.298 seconds
[2026-05-14T14:43:52.643+0000] {processor.py:161} INFO - Started process (PID=1818) to work on /opt/airflow/dags/main.py
[2026-05-14T14:43:52.646+0000] {processor.py:830} INFO - Processing file /opt/airflow/dags/main.py for tasks to queue
[2026-05-14T14:43:52.651+0000] {logging_mixin.py:188} INFO - [2026-05-14T14:43:52.651+0000] {dagbag.py:545} INFO - Filling up the DagBag from /opt/airflow/dags/main.py
[2026-05-14T14:43:52.797+0000] {processor.py:840} INFO - DAG(s) 'produce_json' retrieved from /opt/airflow/dags/main.py
[2026-05-14T14:43:52.891+0000] {logging_mixin.py:188} INFO - [2026-05-14T14:43:52.890+0000] {dag.py:3096} INFO - Sync 1 DAGs
[2026-05-14T14:43:52.993+0000] {logging_mixin.py:188} INFO - [2026-05-14T14:43:52.990+0000] {dag.py:3954} INFO - Setting next_dagrun for produce_json to 2026-05-14 13:00:00+00:00, run_after=2026-05-15 13:00:00+00:00
[2026-05-14T14:43:53.090+0000] {processor.py:183} INFO - Processing /opt/airflow/dags/main.py took 0.455 seconds
[2026-05-14T14:44:23.448+0000] {processor.py:161} INFO - Started process (PID=1824) to work on /opt/airflow/dags/main.py
[2026-05-14T14:44:23.450+0000] {processor.py:830} INFO - Processing file /opt/airflow/dags/main.py for tasks to queue
[2026-05-14T14:44:23.452+0000] {logging_mixin.py:188} INFO - [2026-05-14T14:44:23.452+0000] {dagbag.py:545} INFO - Filling up the DagBag from /opt/airflow/dags/main.py
[2026-05-14T14:44:23.577+0000] {processor.py:840} INFO - DAG(s) 'produce_json' retrieved from /opt/airflow/dags/main.py
[2026-05-14T14:44:23.642+0000] {logging_mixin.py:188} INFO - [2026-05-14T14:44:23.641+0000] {dag.py:3096} INFO - Sync 1 DAGs
[2026-05-14T14:44:23.714+0000] {logging_mixin.py:188} INFO - [2026-05-14T14:44:23.711+0000] {dag.py:3954} INFO - Setting next_dagrun for produce_json to 2026-05-14 13:00:00+00:00, run_after=2026-05-15 13:00:00+00:00
[2026-05-14T14:44:23.820+0000] {processor.py:183} INFO - Processing /opt/airflow/dags/main.py took 0.380 seconds
[2026-05-14T14:44:54.237+0000] {processor.py:161} INFO - Started process (PID=1831) to work on /opt/airflow/dags/main.py
[2026-05-14T14:44:54.240+0000] {processor.py:830} INFO - Processing file /opt/airflow/dags/main.py for tasks to queue
[2026-05-14T14:44:54.250+0000] {logging_mixin.py:188} INFO - [2026-05-14T14:44:54.249+0000] {dagbag.py:545} INFO - Filling up the DagBag from /opt/airflow/dags/main.py
[2026-05-14T14:44:54.434+0000] {processor.py:840} INFO - DAG(s) 'produce_json' retrieved from /opt/airflow/dags/main.py
[2026-05-14T14:44:54.539+0000] {logging_mixin.py:188} INFO - [2026-05-14T14:44:54.539+0000] {dag.py:3096} INFO - Sync 1 DAGs
[2026-05-14T14:44:54.623+0000] {logging_mixin.py:188} INFO - [2026-05-14T14:44:54.622+0000] {dag.py:3954} INFO - Setting next_dagrun for produce_json to 2026-05-14 13:00:00+00:00, run_after=2026-05-15 13:00:00+00:00
[2026-05-14T14:44:54.733+0000] {processor.py:183} INFO - Processing /opt/airflow/dags/main.py took 0.510 seconds
[2026-05-14T14:45:25.247+0000] {processor.py:161} INFO - Started process (PID=1838) to work on /opt/airflow/dags/main.py
[2026-05-14T14:45:25.254+0000] {processor.py:830} INFO - Processing file /opt/airflow/dags/main.py for tasks to queue
[2026-05-14T14:45:25.258+0000] {logging_mixin.py:188} INFO - [2026-05-14T14:45:25.257+0000] {dagbag.py:545} INFO - Filling up the DagBag from /opt/airflow/dags/main.py
[2026-05-14T14:45:25.458+0000] {processor.py:840} INFO - DAG(s) 'produce_json' retrieved from /opt/airflow/dags/main.py
[2026-05-14T14:45:25.525+0000] {logging_mixin.py:188} INFO - [2026-05-14T14:45:25.524+0000] {dag.py:3096} INFO - Sync 1 DAGs
[2026-05-14T14:45:25.612+0000] {logging_mixin.py:188} INFO - [2026-05-14T14:45:25.611+0000] {dag.py:3954} INFO - Setting next_dagrun for produce_json to 2026-05-14 13:00:00+00:00, run_after=2026-05-15 13:00:00+00:00
[2026-05-14T14:45:25.740+0000] {processor.py:183} INFO - Processing /opt/airflow/dags/main.py took 0.502 seconds
[2026-05-14T14:45:56.321+0000] {processor.py:161} INFO - Started process (PID=1845) to work on /opt/airflow/dags/main.py
[2026-05-14T14:45:56.325+0000] {processor.py:830} INFO - Processing file /opt/airflow/dags/main.py for tasks to queue
[2026-05-14T14:45:56.331+0000] {logging_mixin.py:188} INFO - [2026-05-14T14:45:56.330+0000] {dagbag.py:545} INFO - Filling up the DagBag from /opt/airflow/dags/main.py
[2026-05-14T14:45:56.570+0000] {processor.py:840} INFO - DAG(s) 'produce_json' retrieved from /opt/airflow/dags/main.py
[2026-05-14T14:45:56.646+0000] {logging_mixin.py:188} INFO - [2026-05-14T14:45:56.645+0000] {dag.py:3096} INFO - Sync 1 DAGs
[2026-05-14T14:45:56.719+0000] {logging_mixin.py:188} INFO - [2026-05-14T14:45:56.718+0000] {dag.py:3954} INFO - Setting next_dagrun for produce_json to 2026-05-14 13:00:00+00:00, run_after=2026-05-15 13:00:00+00:00
[2026-05-14T14:45:56.783+0000] {processor.py:183} INFO - Processing /opt/airflow/dags/main.py took 0.491 seconds
[2026-05-14T14:46:27.169+0000] {processor.py:161} INFO - Started process (PID=1852) to work on /opt/airflow/dags/main.py
[2026-05-14T14:46:27.171+0000] {processor.py:830} INFO - Processing file /opt/airflow/dags/main.py for tasks to queue
[2026-05-14T14:46:27.173+0000] {logging_mixin.py:188} INFO - [2026-05-14T14:46:27.173+0000] {dagbag.py:545} INFO - Filling up the DagBag from /opt/airflow/dags/main.py
[2026-05-14T14:46:27.237+0000] {processor.py:840} INFO - DAG(s) 'produce_json' retrieved from /opt/airflow/dags/main.py
[2026-05-14T14:46:27.262+0000] {logging_mixin.py:188} INFO - [2026-05-14T14:46:27.262+0000] {dag.py:3096} INFO - Sync 1 DAGs
[2026-05-14T14:46:27.306+0000] {logging_mixin.py:188} INFO - [2026-05-14T14:46:27.306+0000] {dag.py:3954} INFO - Setting next_dagrun for produce_json to 2026-05-14 13:00:00+00:00, run_after=2026-05-15 13:00:00+00:00
[2026-05-14T14:46:27.392+0000] {processor.py:183} INFO - Processing /opt/airflow/dags/main.py took 0.235 seconds
[2026-05-14T14:46:57.545+0000] {processor.py:161} INFO - Started process (PID=1859) to work on /opt/airflow/dags/main.py
[2026-05-14T14:46:57.547+0000] {processor.py:830} INFO - Processing file /opt/airflow/dags/main.py for tasks to queue
[2026-05-14T14:46:57.551+0000] {logging_mixin.py:188} INFO - [2026-05-14T14:46:57.551+0000] {dagbag.py:545} INFO - Filling up the DagBag from /opt/airflow/dags/main.py
[2026-05-14T14:46:57.643+0000] {processor.py:840} INFO - DAG(s) 'produce_json' retrieved from /opt/airflow/dags/main.py
[2026-05-14T14:46:57.678+0000] {logging_mixin.py:188} INFO - [2026-05-14T14:46:57.678+0000] {dag.py:3096} INFO - Sync 1 DAGs
[2026-05-14T14:46:57.715+0000] {logging_mixin.py:188} INFO - [2026-05-14T14:46:57.715+0000] {dag.py:3954} INFO - Setting next_dagrun for produce_json to 2026-05-14 13:00:00+00:00, run_after=2026-05-15 13:00:00+00:00
[2026-05-14T14:46:57.745+0000] {processor.py:183} INFO - Processing /opt/airflow/dags/main.py took 0.215 seconds
[2026-05-14T14:47:28.243+0000] {processor.py:161} INFO - Started process (PID=1866) to work on /opt/airflow/dags/main.py
[2026-05-14T14:47:28.246+0000] {processor.py:830} INFO - Processing file /opt/airflow/dags/main.py for tasks to queue
[2026-05-14T14:47:28.258+0000] {logging_mixin.py:188} INFO - [2026-05-14T14:47:28.257+0000] {dagbag.py:545} INFO - Filling up the DagBag from /opt/airflow/dags/main.py
[2026-05-14T14:47:28.448+0000] {processor.py:840} INFO - DAG(s) 'produce_json' retrieved from /opt/airflow/dags/main.py
[2026-05-14T14:47:28.524+0000] {logging_mixin.py:188} INFO - [2026-05-14T14:47:28.523+0000] {dag.py:3096} INFO - Sync 1 DAGs
[2026-05-14T14:47:28.610+0000] {logging_mixin.py:188} INFO - [2026-05-14T14:47:28.610+0000] {dag.py:3954} INFO - Setting next_dagrun for produce_json to 2026-05-14 13:00:00+00:00, run_after=2026-05-15 13:00:00+00:00
[2026-05-14T14:47:28.740+0000] {processor.py:183} INFO - Processing /opt/airflow/dags/main.py took 0.524 seconds
[2026-05-14T14:47:59.204+0000] {processor.py:161} INFO - Started process (PID=1874) to work on /opt/airflow/dags/main.py
[2026-05-14T14:47:59.207+0000] {processor.py:830} INFO - Processing file /opt/airflow/dags/main.py for tasks to queue
[2026-05-14T14:47:59.213+0000] {logging_mixin.py:188} INFO - [2026-05-14T14:47:59.212+0000] {dagbag.py:545} INFO - Filling up the DagBag from /opt/airflow/dags/main.py
[2026-05-14T14:47:59.329+0000] {processor.py:840} INFO - DAG(s) 'produce_json' retrieved from /opt/airflow/dags/main.py
[2026-05-14T14:47:59.368+0000] {logging_mixin.py:188} INFO - [2026-05-14T14:47:59.368+0000] {dag.py:3096} INFO - Sync 1 DAGs
[2026-05-14T14:47:59.416+0000] {logging_mixin.py:188} INFO - [2026-05-14T14:47:59.416+0000] {dag.py:3954} INFO - Setting next_dagrun for produce_json to 2026-05-14 13:00:00+00:00, run_after=2026-05-15 13:00:00+00:00
[2026-05-14T14:47:59.460+0000] {processor.py:183} INFO - Processing /opt/airflow/dags/main.py took 0.269 seconds
[2026-05-14T14:48:29.576+0000] {processor.py:161} INFO - Started process (PID=1881) to work on /opt/airflow/dags/main.py
[2026-05-14T14:48:29.578+0000] {processor.py:830} INFO - Processing file /opt/airflow/dags/main.py for tasks to queue
[2026-05-14T14:48:29.580+0000] {logging_mixin.py:188} INFO - [2026-05-14T14:48:29.580+0000] {dagbag.py:545} INFO - Filling up the DagBag from /opt/airflow/dags/main.py
[2026-05-14T14:48:29.646+0000] {processor.py:840} INFO - DAG(s) 'produce_json' retrieved from /opt/airflow/dags/main.py
[2026-05-14T14:48:29.682+0000] {logging_mixin.py:188} INFO - [2026-05-14T14:48:29.682+0000] {dag.py:3096} INFO - Sync 1 DAGs
[2026-05-14T14:48:29.720+0000] {logging_mixin.py:188} INFO - [2026-05-14T14:48:29.720+0000] {dag.py:3954} INFO - Setting next_dagrun for produce_json to 2026-05-14 13:00:00+00:00, run_after=2026-05-15 13:00:00+00:00
[2026-05-14T14:48:29.787+0000] {processor.py:183} INFO - Processing /opt/airflow/dags/main.py took 0.219 seconds
[2026-05-14T14:49:00.520+0000] {processor.py:161} INFO - Started process (PID=1888) to work on /opt/airflow/dags/main.py
[2026-05-14T14:49:00.522+0000] {processor.py:830} INFO - Processing file /opt/airflow/dags/main.py for tasks to queue
[2026-05-14T14:49:00.524+0000] {logging_mixin.py:188} INFO - [2026-05-14T14:49:00.524+0000] {dagbag.py:545} INFO - Filling up the DagBag from /opt/airflow/dags/main.py
[2026-05-14T14:49:00.602+0000] {processor.py:840} INFO - DAG(s) 'produce_json' retrieved from /opt/airflow/dags/main.py
[2026-05-14T14:49:00.640+0000] {logging_mixin.py:188} INFO - [2026-05-14T14:49:00.639+0000] {dag.py:3096} INFO - Sync 1 DAGs
[2026-05-14T14:49:00.678+0000] {logging_mixin.py:188} INFO - [2026-05-14T14:49:00.677+0000] {dag.py:3954} INFO - Setting next_dagrun for produce_json to 2026-05-14 13:00:00+00:00, run_after=2026-05-15 13:00:00+00:00
[2026-05-14T14:49:00.747+0000] {processor.py:183} INFO - Processing /opt/airflow/dags/main.py took 0.237 seconds
[2026-05-14T14:49:30.859+0000] {processor.py:161} INFO - Started process (PID=1895) to work on /opt/airflow/dags/main.py
[2026-05-14T14:49:30.861+0000] {processor.py:830} INFO - Processing file /opt/airflow/dags/main.py for tasks to queue
[2026-05-14T14:49:30.863+0000] {logging_mixin.py:188} INFO - [2026-05-14T14:49:30.863+0000] {dagbag.py:545} INFO - Filling up the DagBag from /opt/airflow/dags/main.py
[2026-05-14T14:49:30.935+0000] {processor.py:840} INFO - DAG(s) 'produce_json' retrieved from /opt/airflow/dags/main.py
[2026-05-14T14:49:30.970+0000] {logging_mixin.py:188} INFO - [2026-05-14T14:49:30.970+0000] {dag.py:3096} INFO - Sync 1 DAGs
[2026-05-14T14:49:31.009+0000] {logging_mixin.py:188} INFO - [2026-05-14T14:49:31.008+0000] {dag.py:3954} INFO - Setting next_dagrun for produce_json to 2026-05-14 13:00:00+00:00, run_after=2026-05-15 13:00:00+00:00
[2026-05-14T14:49:31.079+0000] {processor.py:183} INFO - Processing /opt/airflow/dags/main.py took 0.228 seconds
[2026-05-14T14:50:01.495+0000] {processor.py:161} INFO - Started process (PID=1902) to work on /opt/airflow/dags/main.py
[2026-05-14T14:50:01.498+0000] {processor.py:830} INFO - Processing file /opt/airflow/dags/main.py for tasks to queue
[2026-05-14T14:50:01.503+0000] {logging_mixin.py:188} INFO - [2026-05-14T14:50:01.502+0000] {dagbag.py:545} INFO - Filling up the DagBag from /opt/airflow/dags/main.py
[2026-05-14T14:50:01.652+0000] {processor.py:840} INFO - DAG(s) 'produce_json' retrieved from /opt/airflow/dags/main.py
[2026-05-14T14:50:01.675+0000] {logging_mixin.py:188} INFO - [2026-05-14T14:50:01.675+0000] {dag.py:3096} INFO - Sync 1 DAGs
[2026-05-14T14:50:01.699+0000] {logging_mixin.py:188} INFO - [2026-05-14T14:50:01.699+0000] {dag.py:3954} INFO - Setting next_dagrun for produce_json to 2026-05-14 13:00:00+00:00, run_after=2026-05-15 13:00:00+00:00
[2026-05-14T14:50:01.722+0000] {processor.py:183} INFO - Processing /opt/airflow/dags/main.py took 0.243 seconds
[2026-05-14T14:50:31.821+0000] {processor.py:161} INFO - Started process (PID=1909) to work on /opt/airflow/dags/main.py
[2026-05-14T14:50:31.825+0000] {processor.py:830} INFO - Processing file /opt/airflow/dags/main.py for tasks to queue
[2026-05-14T14:50:31.832+0000] {logging_mixin.py:188} INFO - [2026-05-14T14:50:31.831+0000] {dagbag.py:545} INFO - Filling up the DagBag from /opt/airflow/dags/main.py
[2026-05-14T14:50:31.941+0000] {processor.py:840} INFO - DAG(s) 'produce_json' retrieved from /opt/airflow/dags/main.py
[2026-05-14T14:50:31.976+0000] {logging_mixin.py:188} INFO - [2026-05-14T14:50:31.976+0000] {dag.py:3096} INFO - Sync 1 DAGs
[2026-05-14T14:50:32.017+0000] {logging_mixin.py:188} INFO - [2026-05-14T14:50:32.017+0000] {dag.py:3954} INFO - Setting next_dagrun for produce_json to 2026-05-14 13:00:00+00:00, run_after=2026-05-15 13:00:00+00:00
[2026-05-14T14:50:32.107+0000] {processor.py:183} INFO - Processing /opt/airflow/dags/main.py took 0.302 seconds
[2026-05-14T14:51:02.383+0000] {processor.py:161} INFO - Started process (PID=1916) to work on /opt/airflow/dags/main.py
[2026-05-14T14:51:02.385+0000] {processor.py:830} INFO - Processing file /opt/airflow/dags/main.py for tasks to queue
[2026-05-14T14:51:02.391+0000] {logging_mixin.py:188} INFO - [2026-05-14T14:51:02.391+0000] {dagbag.py:545} INFO - Filling up the DagBag from /opt/airflow/dags/main.py
[2026-05-14T14:51:02.530+0000] {processor.py:840} INFO - DAG(s) 'produce_json' retrieved from /opt/airflow/dags/main.py
[2026-05-14T14:51:02.607+0000] {logging_mixin.py:188} INFO - [2026-05-14T14:51:02.606+0000] {dag.py:3096} INFO - Sync 1 DAGs
[2026-05-14T14:51:02.666+0000] {logging_mixin.py:188} INFO - [2026-05-14T14:51:02.665+0000] {dag.py:3954} INFO - Setting next_dagrun for produce_json to 2026-05-14 13:00:00+00:00, run_after=2026-05-15 13:00:00+00:00
[2026-05-14T14:51:02.748+0000] {processor.py:183} INFO - Processing /opt/airflow/dags/main.py took 0.392 seconds
[2026-05-14T14:51:33.144+0000] {processor.py:161} INFO - Started process (PID=1923) to work on /opt/airflow/dags/main.py
[2026-05-14T14:51:33.146+0000] {processor.py:830} INFO - Processing file /opt/airflow/dags/main.py for tasks to queue
[2026-05-14T14:51:33.151+0000] {logging_mixin.py:188} INFO - [2026-05-14T14:51:33.150+0000] {dagbag.py:545} INFO - Filling up the DagBag from /opt/airflow/dags/main.py
[2026-05-14T14:51:33.342+0000] {processor.py:840} INFO - DAG(s) 'produce_json' retrieved from /opt/airflow/dags/main.py
[2026-05-14T14:51:33.441+0000] {logging_mixin.py:188} INFO - [2026-05-14T14:51:33.441+0000] {dag.py:3096} INFO - Sync 1 DAGs
[2026-05-14T14:51:33.516+0000] {logging_mixin.py:188} INFO - [2026-05-14T14:51:33.516+0000] {dag.py:3954} INFO - Setting next_dagrun for produce_json to 2026-05-14 13:00:00+00:00, run_after=2026-05-15 13:00:00+00:00
[2026-05-14T14:51:33.646+0000] {processor.py:183} INFO - Processing /opt/airflow/dags/main.py took 0.518 seconds
[2026-05-14T14:52:04.045+0000] {processor.py:161} INFO - Started process (PID=1930) to work on /opt/airflow/dags/main.py
[2026-05-14T14:52:04.046+0000] {processor.py:830} INFO - Processing file /opt/airflow/dags/main.py for tasks to queue
[2026-05-14T14:52:04.049+0000] {logging_mixin.py:188} INFO - [2026-05-14T14:52:04.049+0000] {dagbag.py:545} INFO - Filling up the DagBag from /opt/airflow/dags/main.py
[2026-05-14T14:52:04.156+0000] {processor.py:840} INFO - DAG(s) 'produce_json' retrieved from /opt/airflow/dags/main.py
[2026-05-14T14:52:04.187+0000] {logging_mixin.py:188} INFO - [2026-05-14T14:52:04.186+0000] {dag.py:3096} INFO - Sync 1 DAGs
[2026-05-14T14:52:04.225+0000] {logging_mixin.py:188} INFO - [2026-05-14T14:52:04.225+0000] {dag.py:3954} INFO - Setting next_dagrun for produce_json to 2026-05-14 13:00:00+00:00, run_after=2026-05-15 13:00:00+00:00
[2026-05-14T14:52:04.316+0000] {processor.py:183} INFO - Processing /opt/airflow/dags/main.py took 0.279 seconds
[2026-05-14T14:52:34.420+0000] {processor.py:161} INFO - Started process (PID=1937) to work on /opt/airflow/dags/main.py
[2026-05-14T14:52:34.422+0000] {processor.py:830} INFO - Processing file /opt/airflow/dags/main.py for tasks to queue
[2026-05-14T14:52:34.424+0000] {logging_mixin.py:188} INFO - [2026-05-14T14:52:34.424+0000] {dagbag.py:545} INFO - Filling up the DagBag from /opt/airflow/dags/main.py
[2026-05-14T14:52:34.542+0000] {processor.py:840} INFO - DAG(s) 'produce_json' retrieved from /opt/airflow/dags/main.py
[2026-05-14T14:52:34.598+0000] {logging_mixin.py:188} INFO - [2026-05-14T14:52:34.598+0000] {dag.py:3096} INFO - Sync 1 DAGs
[2026-05-14T14:52:34.650+0000] {logging_mixin.py:188} INFO - [2026-05-14T14:52:34.647+0000] {dag.py:3954} INFO - Setting next_dagrun for produce_json to 2026-05-14 13:00:00+00:00, run_after=2026-05-15 13:00:00+00:00
[2026-05-14T14:52:34.734+0000] {processor.py:183} INFO - Processing /opt/airflow/dags/main.py took 0.323 seconds
[2026-05-14T14:53:05.070+0000] {processor.py:161} INFO - Started process (PID=1944) to work on /opt/airflow/dags/main.py
[2026-05-14T14:53:05.071+0000] {processor.py:830} INFO - Processing file /opt/airflow/dags/main.py for tasks to queue
[2026-05-14T14:53:05.074+0000] {logging_mixin.py:188} INFO - [2026-05-14T14:53:05.074+0000] {dagbag.py:545} INFO - Filling up the DagBag from /opt/airflow/dags/main.py
[2026-05-14T14:53:05.147+0000] {processor.py:840} INFO - DAG(s) 'produce_json' retrieved from /opt/airflow/dags/main.py
[2026-05-14T14:53:05.182+0000] {logging_mixin.py:188} INFO - [2026-05-14T14:53:05.182+0000] {dag.py:3096} INFO - Sync 1 DAGs
[2026-05-14T14:53:05.214+0000] {logging_mixin.py:188} INFO - [2026-05-14T14:53:05.214+0000] {dag.py:3954} INFO - Setting next_dagrun for produce_json to 2026-05-14 13:00:00+00:00, run_after=2026-05-15 13:00:00+00:00
[2026-05-14T14:53:05.285+0000] {processor.py:183} INFO - Processing /opt/airflow/dags/main.py took 0.225 seconds
[2026-05-14T14:53:35.648+0000] {processor.py:161} INFO - Started process (PID=1951) to work on /opt/airflow/dags/main.py
[2026-05-14T14:53:35.649+0000] {processor.py:830} INFO - Processing file /opt/airflow/dags/main.py for tasks to queue
[2026-05-14T14:53:35.652+0000] {logging_mixin.py:188} INFO - [2026-05-14T14:53:35.652+0000] {dagbag.py:545} INFO - Filling up the DagBag from /opt/airflow/dags/main.py
[2026-05-14T14:53:35.729+0000] {processor.py:840} INFO - DAG(s) 'produce_json' retrieved from /opt/airflow/dags/main.py
[2026-05-14T14:53:35.772+0000] {logging_mixin.py:188} INFO - [2026-05-14T14:53:35.772+0000] {dag.py:3096} INFO - Sync 1 DAGs
[2026-05-14T14:53:35.805+0000] {logging_mixin.py:188} INFO - [2026-05-14T14:53:35.804+0000] {dag.py:3954} INFO - Setting next_dagrun for produce_json to 2026-05-14 13:00:00+00:00, run_after=2026-05-15 13:00:00+00:00
[2026-05-14T14:53:35.836+0000] {processor.py:183} INFO - Processing /opt/airflow/dags/main.py took 0.201 seconds
[2026-05-14T14:54:06.006+0000] {processor.py:161} INFO - Started process (PID=1958) to work on /opt/airflow/dags/main.py
[2026-05-14T14:54:06.007+0000] {processor.py:830} INFO - Processing file /opt/airflow/dags/main.py for tasks to queue
[2026-05-14T14:54:06.010+0000] {logging_mixin.py:188} INFO - [2026-05-14T14:54:06.010+0000] {dagbag.py:545} INFO - Filling up the DagBag from /opt/airflow/dags/main.py
[2026-05-14T14:54:06.091+0000] {processor.py:840} INFO - DAG(s) 'produce_json' retrieved from /opt/airflow/dags/main.py
[2026-05-14T14:54:06.132+0000] {logging_mixin.py:188} INFO - [2026-05-14T14:54:06.132+0000] {dag.py:3096} INFO - Sync 1 DAGs
[2026-05-14T14:54:06.176+0000] {logging_mixin.py:188} INFO - [2026-05-14T14:54:06.176+0000] {dag.py:3954} INFO - Setting next_dagrun for produce_json to 2026-05-14 13:00:00+00:00, run_after=2026-05-15 13:00:00+00:00
[2026-05-14T14:54:06.207+0000] {processor.py:183} INFO - Processing /opt/airflow/dags/main.py took 0.209 seconds
[2026-05-14T14:54:36.602+0000] {processor.py:161} INFO - Started process (PID=1965) to work on /opt/airflow/dags/main.py
[2026-05-14T14:54:36.604+0000] {processor.py:830} INFO - Processing file /opt/airflow/dags/main.py for tasks to queue
[2026-05-14T14:54:36.611+0000] {logging_mixin.py:188} INFO - [2026-05-14T14:54:36.610+0000] {dagbag.py:545} INFO - Filling up the DagBag from /opt/airflow/dags/main.py
[2026-05-14T14:54:36.958+0000] {processor.py:840} INFO - DAG(s) 'produce_json' retrieved from /opt/airflow/dags/main.py
[2026-05-14T14:54:37.141+0000] {logging_mixin.py:188} INFO - [2026-05-14T14:54:37.140+0000] {dag.py:3096} INFO - Sync 1 DAGs
[2026-05-14T14:54:37.210+0000] {logging_mixin.py:188} INFO - [2026-05-14T14:54:37.209+0000] {dag.py:3954} INFO - Setting next_dagrun for produce_json to 2026-05-14 13:00:00+00:00, run_after=2026-05-15 13:00:00+00:00
[2026-05-14T14:54:37.266+0000] {processor.py:183} INFO - Processing /opt/airflow/dags/main.py took 0.678 seconds
[2026-05-14T14:55:07.758+0000] {processor.py:161} INFO - Started process (PID=1972) to work on /opt/airflow/dags/main.py
[2026-05-14T14:55:07.760+0000] {processor.py:830} INFO - Processing file /opt/airflow/dags/main.py for tasks to queue
[2026-05-14T14:55:07.763+0000] {logging_mixin.py:188} INFO - [2026-05-14T14:55:07.763+0000] {dagbag.py:545} INFO - Filling up the DagBag from /opt/airflow/dags/main.py
[2026-05-14T14:55:07.900+0000] {processor.py:840} INFO - DAG(s) 'produce_json' retrieved from /opt/airflow/dags/main.py
[2026-05-14T14:55:07.951+0000] {logging_mixin.py:188} INFO - [2026-05-14T14:55:07.950+0000] {dag.py:3096} INFO - Sync 1 DAGs
[2026-05-14T14:55:08.044+0000] {logging_mixin.py:188} INFO - [2026-05-14T14:55:08.044+0000] {dag.py:3954} INFO - Setting next_dagrun for produce_json to 2026-05-14 13:00:00+00:00, run_after=2026-05-15 13:00:00+00:00
[2026-05-14T14:55:08.145+0000] {processor.py:183} INFO - Processing /opt/airflow/dags/main.py took 0.400 seconds
[2026-05-14T14:55:38.386+0000] {processor.py:161} INFO - Started process (PID=1979) to work on /opt/airflow/dags/main.py
[2026-05-14T14:55:38.389+0000] {processor.py:830} INFO - Processing file /opt/airflow/dags/main.py for tasks to queue
[2026-05-14T14:55:38.396+0000] {logging_mixin.py:188} INFO - [2026-05-14T14:55:38.393+0000] {dagbag.py:545} INFO - Filling up the DagBag from /opt/airflow/dags/main.py
[2026-05-14T14:55:38.517+0000] {processor.py:840} INFO - DAG(s) 'produce_json' retrieved from /opt/airflow/dags/main.py
[2026-05-14T14:55:38.555+0000] {logging_mixin.py:188} INFO - [2026-05-14T14:55:38.555+0000] {dag.py:3096} INFO - Sync 1 DAGs
[2026-05-14T14:55:38.589+0000] {logging_mixin.py:188} INFO - [2026-05-14T14:55:38.589+0000] {dag.py:3954} INFO - Setting next_dagrun for produce_json to 2026-05-14 13:00:00+00:00, run_after=2026-05-15 13:00:00+00:00
[2026-05-14T14:55:38.669+0000] {processor.py:183} INFO - Processing /opt/airflow/dags/main.py took 0.297 seconds
[2026-05-14T14:56:08.967+0000] {processor.py:161} INFO - Started process (PID=1986) to work on /opt/airflow/dags/main.py
[2026-05-14T14:56:08.971+0000] {processor.py:830} INFO - Processing file /opt/airflow/dags/main.py for tasks to queue
[2026-05-14T14:56:08.976+0000] {logging_mixin.py:188} INFO - [2026-05-14T14:56:08.975+0000] {dagbag.py:545} INFO - Filling up the DagBag from /opt/airflow/dags/main.py
[2026-05-14T14:56:09.128+0000] {processor.py:840} INFO - DAG(s) 'produce_json' retrieved from /opt/airflow/dags/main.py
[2026-05-14T14:56:09.210+0000] {logging_mixin.py:188} INFO - [2026-05-14T14:56:09.209+0000] {dag.py:3096} INFO - Sync 1 DAGs
[2026-05-14T14:56:09.274+0000] {logging_mixin.py:188} INFO - [2026-05-14T14:56:09.273+0000] {dag.py:3954} INFO - Setting next_dagrun for produce_json to 2026-05-14 13:00:00+00:00, run_after=2026-05-15 13:00:00+00:00
[2026-05-14T14:56:09.356+0000] {processor.py:183} INFO - Processing /opt/airflow/dags/main.py took 0.403 seconds
[2026-05-14T14:56:39.541+0000] {processor.py:161} INFO - Started process (PID=1993) to work on /opt/airflow/dags/main.py
[2026-05-14T14:56:39.543+0000] {processor.py:830} INFO - Processing file /opt/airflow/dags/main.py for tasks to queue
[2026-05-14T14:56:39.547+0000] {logging_mixin.py:188} INFO - [2026-05-14T14:56:39.546+0000] {dagbag.py:545} INFO - Filling up the DagBag from /opt/airflow/dags/main.py
[2026-05-14T14:56:39.679+0000] {processor.py:840} INFO - DAG(s) 'produce_json' retrieved from /opt/airflow/dags/main.py
[2026-05-14T14:56:39.755+0000] {logging_mixin.py:188} INFO - [2026-05-14T14:56:39.753+0000] {dag.py:3096} INFO - Sync 1 DAGs
[2026-05-14T14:56:39.826+0000] {logging_mixin.py:188} INFO - [2026-05-14T14:56:39.825+0000] {dag.py:3954} INFO - Setting next_dagrun for produce_json to 2026-05-14 13:00:00+00:00, run_after=2026-05-15 13:00:00+00:00
[2026-05-14T14:56:39.889+0000] {processor.py:183} INFO - Processing /opt/airflow/dags/main.py took 0.361 seconds
[2026-05-14T14:57:10.256+0000] {processor.py:161} INFO - Started process (PID=2000) to work on /opt/airflow/dags/main.py
[2026-05-14T14:57:10.258+0000] {processor.py:830} INFO - Processing file /opt/airflow/dags/main.py for tasks to queue
[2026-05-14T14:57:10.262+0000] {logging_mixin.py:188} INFO - [2026-05-14T14:57:10.262+0000] {dagbag.py:545} INFO - Filling up the DagBag from /opt/airflow/dags/main.py
[2026-05-14T14:57:10.368+0000] {processor.py:840} INFO - DAG(s) 'produce_json' retrieved from /opt/airflow/dags/main.py
[2026-05-14T14:57:10.416+0000] {logging_mixin.py:188} INFO - [2026-05-14T14:57:10.415+0000] {dag.py:3096} INFO - Sync 1 DAGs
[2026-05-14T14:57:10.461+0000] {logging_mixin.py:188} INFO - [2026-05-14T14:57:10.461+0000] {dag.py:3954} INFO - Setting next_dagrun for produce_json to 2026-05-14 13:00:00+00:00, run_after=2026-05-15 13:00:00+00:00
[2026-05-14T14:57:10.506+0000] {processor.py:183} INFO - Processing /opt/airflow/dags/main.py took 0.257 seconds
[2026-05-14T14:57:40.693+0000] {processor.py:161} INFO - Started process (PID=2007) to work on /opt/airflow/dags/main.py
[2026-05-14T14:57:40.695+0000] {processor.py:830} INFO - Processing file /opt/airflow/dags/main.py for tasks to queue
[2026-05-14T14:57:40.699+0000] {logging_mixin.py:188} INFO - [2026-05-14T14:57:40.699+0000] {dagbag.py:545} INFO - Filling up the DagBag from /opt/airflow/dags/main.py
[2026-05-14T14:57:40.811+0000] {processor.py:840} INFO - DAG(s) 'produce_json' retrieved from /opt/airflow/dags/main.py
[2026-05-14T14:57:40.871+0000] {logging_mixin.py:188} INFO - [2026-05-14T14:57:40.871+0000] {dag.py:3096} INFO - Sync 1 DAGs
[2026-05-14T14:57:40.921+0000] {logging_mixin.py:188} INFO - [2026-05-14T14:57:40.921+0000] {dag.py:3954} INFO - Setting next_dagrun for produce_json to 2026-05-14 13:00:00+00:00, run_after=2026-05-15 13:00:00+00:00
[2026-05-14T14:57:40.954+0000] {processor.py:183} INFO - Processing /opt/airflow/dags/main.py took 0.269 seconds
[2026-05-14T14:58:11.361+0000] {processor.py:161} INFO - Started process (PID=2014) to work on /opt/airflow/dags/main.py
[2026-05-14T14:58:11.363+0000] {processor.py:830} INFO - Processing file /opt/airflow/dags/main.py for tasks to queue
[2026-05-14T14:58:11.372+0000] {logging_mixin.py:188} INFO - [2026-05-14T14:58:11.371+0000] {dagbag.py:545} INFO - Filling up the DagBag from /opt/airflow/dags/main.py
[2026-05-14T14:58:11.504+0000] {processor.py:840} INFO - DAG(s) 'produce_json' retrieved from /opt/airflow/dags/main.py
[2026-05-14T14:58:11.562+0000] {logging_mixin.py:188} INFO - [2026-05-14T14:58:11.561+0000] {dag.py:3096} INFO - Sync 1 DAGs
[2026-05-14T14:58:11.607+0000] {logging_mixin.py:188} INFO - [2026-05-14T14:58:11.607+0000] {dag.py:3954} INFO - Setting next_dagrun for produce_json to 2026-05-14 13:00:00+00:00, run_after=2026-05-15 13:00:00+00:00
[2026-05-14T14:58:11.681+0000] {processor.py:183} INFO - Processing /opt/airflow/dags/main.py took 0.331 seconds
[2026-05-14T14:58:42.066+0000] {processor.py:161} INFO - Started process (PID=2021) to work on /opt/airflow/dags/main.py
[2026-05-14T14:58:42.068+0000] {processor.py:830} INFO - Processing file /opt/airflow/dags/main.py for tasks to queue
[2026-05-14T14:58:42.070+0000] {logging_mixin.py:188} INFO - [2026-05-14T14:58:42.070+0000] {dagbag.py:545} INFO - Filling up the DagBag from /opt/airflow/dags/main.py
[2026-05-14T14:58:42.203+0000] {processor.py:840} INFO - DAG(s) 'produce_json' retrieved from /opt/airflow/dags/main.py
[2026-05-14T14:58:42.263+0000] {logging_mixin.py:188} INFO - [2026-05-14T14:58:42.263+0000] {dag.py:3096} INFO - Sync 1 DAGs
[2026-05-14T14:58:42.318+0000] {logging_mixin.py:188} INFO - [2026-05-14T14:58:42.317+0000] {dag.py:3954} INFO - Setting next_dagrun for produce_json to 2026-05-14 13:00:00+00:00, run_after=2026-05-15 13:00:00+00:00
[2026-05-14T14:58:42.384+0000] {processor.py:183} INFO - Processing /opt/airflow/dags/main.py took 0.330 seconds
[2026-05-14T14:59:12.614+0000] {processor.py:161} INFO - Started process (PID=2028) to work on /opt/airflow/dags/main.py
[2026-05-14T14:59:12.616+0000] {processor.py:830} INFO - Processing file /opt/airflow/dags/main.py for tasks to queue
[2026-05-14T14:59:12.619+0000] {logging_mixin.py:188} INFO - [2026-05-14T14:59:12.618+0000] {dagbag.py:545} INFO - Filling up the DagBag from /opt/airflow/dags/main.py
[2026-05-14T14:59:12.703+0000] {processor.py:840} INFO - DAG(s) 'produce_json' retrieved from /opt/airflow/dags/main.py
[2026-05-14T14:59:12.750+0000] {logging_mixin.py:188} INFO - [2026-05-14T14:59:12.750+0000] {dag.py:3096} INFO - Sync 1 DAGs
[2026-05-14T14:59:12.790+0000] {logging_mixin.py:188} INFO - [2026-05-14T14:59:12.790+0000] {dag.py:3954} INFO - Setting next_dagrun for produce_json to 2026-05-14 13:00:00+00:00, run_after=2026-05-15 13:00:00+00:00
[2026-05-14T14:59:12.870+0000] {processor.py:183} INFO - Processing /opt/airflow/dags/main.py took 0.265 seconds
[2026-05-14T14:59:43.316+0000] {processor.py:161} INFO - Started process (PID=2036) to work on /opt/airflow/dags/main.py
[2026-05-14T14:59:43.318+0000] {processor.py:830} INFO - Processing file /opt/airflow/dags/main.py for tasks to queue
[2026-05-14T14:59:43.321+0000] {logging_mixin.py:188} INFO - [2026-05-14T14:59:43.320+0000] {dagbag.py:545} INFO - Filling up the DagBag from /opt/airflow/dags/main.py
[2026-05-14T14:59:43.400+0000] {processor.py:840} INFO - DAG(s) 'produce_json' retrieved from /opt/airflow/dags/main.py
[2026-05-14T14:59:43.431+0000] {logging_mixin.py:188} INFO - [2026-05-14T14:59:43.431+0000] {dag.py:3096} INFO - Sync 1 DAGs
[2026-05-14T14:59:43.460+0000] {logging_mixin.py:188} INFO - [2026-05-14T14:59:43.460+0000] {dag.py:3954} INFO - Setting next_dagrun for produce_json to 2026-05-14 13:00:00+00:00, run_after=2026-05-15 13:00:00+00:00
[2026-05-14T14:59:43.512+0000] {processor.py:183} INFO - Processing /opt/airflow/dags/main.py took 0.207 seconds
[2026-05-14T15:00:13.837+0000] {processor.py:161} INFO - Started process (PID=2043) to work on /opt/airflow/dags/main.py
[2026-05-14T15:00:13.842+0000] {processor.py:830} INFO - Processing file /opt/airflow/dags/main.py for tasks to queue
[2026-05-14T15:00:13.846+0000] {logging_mixin.py:188} INFO - [2026-05-14T15:00:13.846+0000] {dagbag.py:545} INFO - Filling up the DagBag from /opt/airflow/dags/main.py
[2026-05-14T15:00:14.003+0000] {processor.py:840} INFO - DAG(s) 'produce_json' retrieved from /opt/airflow/dags/main.py
[2026-05-14T15:00:14.054+0000] {logging_mixin.py:188} INFO - [2026-05-14T15:00:14.054+0000] {dag.py:3096} INFO - Sync 1 DAGs
[2026-05-14T15:00:14.146+0000] {logging_mixin.py:188} INFO - [2026-05-14T15:00:14.146+0000] {dag.py:3954} INFO - Setting next_dagrun for produce_json to 2026-05-14 13:00:00+00:00, run_after=2026-05-15 13:00:00+00:00
[2026-05-14T15:00:14.244+0000] {processor.py:183} INFO - Processing /opt/airflow/dags/main.py took 0.430 seconds
[2026-05-14T15:00:44.745+0000] {processor.py:161} INFO - Started process (PID=2050) to work on /opt/airflow/dags/main.py
[2026-05-14T15:00:44.747+0000] {processor.py:830} INFO - Processing file /opt/airflow/dags/main.py for tasks to queue
[2026-05-14T15:00:44.751+0000] {logging_mixin.py:188} INFO - [2026-05-14T15:00:44.750+0000] {dagbag.py:545} INFO - Filling up the DagBag from /opt/airflow/dags/main.py
[2026-05-14T15:00:44.887+0000] {processor.py:840} INFO - DAG(s) 'produce_json' retrieved from /opt/airflow/dags/main.py
[2026-05-14T15:00:44.941+0000] {logging_mixin.py:188} INFO - [2026-05-14T15:00:44.941+0000] {dag.py:3096} INFO - Sync 1 DAGs
[2026-05-14T15:00:44.993+0000] {logging_mixin.py:188} INFO - [2026-05-14T15:00:44.992+0000] {dag.py:3954} INFO - Setting next_dagrun for produce_json to 2026-05-14 13:00:00+00:00, run_after=2026-05-15 13:00:00+00:00
[2026-05-14T15:00:45.042+0000] {processor.py:183} INFO - Processing /opt/airflow/dags/main.py took 0.311 seconds
[2026-05-14T15:01:15.517+0000] {processor.py:161} INFO - Started process (PID=2057) to work on /opt/airflow/dags/main.py
[2026-05-14T15:01:15.519+0000] {processor.py:830} INFO - Processing file /opt/airflow/dags/main.py for tasks to queue
[2026-05-14T15:01:15.521+0000] {logging_mixin.py:188} INFO - [2026-05-14T15:01:15.521+0000] {dagbag.py:545} INFO - Filling up the DagBag from /opt/airflow/dags/main.py
[2026-05-14T15:01:15.645+0000] {processor.py:840} INFO - DAG(s) 'produce_json' retrieved from /opt/airflow/dags/main.py
[2026-05-14T15:01:15.697+0000] {logging_mixin.py:188} INFO - [2026-05-14T15:01:15.697+0000] {dag.py:3096} INFO - Sync 1 DAGs
[2026-05-14T15:01:15.749+0000] {logging_mixin.py:188} INFO - [2026-05-14T15:01:15.749+0000] {dag.py:3954} INFO - Setting next_dagrun for produce_json to 2026-05-14 13:00:00+00:00, run_after=2026-05-15 13:00:00+00:00
[2026-05-14T15:01:15.791+0000] {processor.py:183} INFO - Processing /opt/airflow/dags/main.py took 0.286 seconds
[2026-05-14T15:01:45.952+0000] {processor.py:161} INFO - Started process (PID=2064) to work on /opt/airflow/dags/main.py
[2026-05-14T15:01:45.954+0000] {processor.py:830} INFO - Processing file /opt/airflow/dags/main.py for tasks to queue
[2026-05-14T15:01:45.957+0000] {logging_mixin.py:188} INFO - [2026-05-14T15:01:45.956+0000] {dagbag.py:545} INFO - Filling up the DagBag from /opt/airflow/dags/main.py
[2026-05-14T15:01:46.067+0000] {processor.py:840} INFO - DAG(s) 'produce_json' retrieved from /opt/airflow/dags/main.py
[2026-05-14T15:01:46.112+0000] {logging_mixin.py:188} INFO - [2026-05-14T15:01:46.112+0000] {dag.py:3096} INFO - Sync 1 DAGs
[2026-05-14T15:01:46.158+0000] {logging_mixin.py:188} INFO - [2026-05-14T15:01:46.157+0000] {dag.py:3954} INFO - Setting next_dagrun for produce_json to 2026-05-14 13:00:00+00:00, run_after=2026-05-15 13:00:00+00:00
[2026-05-14T15:01:46.228+0000] {processor.py:183} INFO - Processing /opt/airflow/dags/main.py took 0.290 seconds
[2026-05-14T15:02:16.625+0000] {processor.py:161} INFO - Started process (PID=2071) to work on /opt/airflow/dags/main.py
[2026-05-14T15:02:16.628+0000] {processor.py:830} INFO - Processing file /opt/airflow/dags/main.py for tasks to queue
[2026-05-14T15:02:16.632+0000] {logging_mixin.py:188} INFO - [2026-05-14T15:02:16.632+0000] {dagbag.py:545} INFO - Filling up the DagBag from /opt/airflow/dags/main.py
[2026-05-14T15:02:16.748+0000] {processor.py:840} INFO - DAG(s) 'produce_json' retrieved from /opt/airflow/dags/main.py
[2026-05-14T15:02:16.783+0000] {logging_mixin.py:188} INFO - [2026-05-14T15:02:16.783+0000] {dag.py:3096} INFO - Sync 1 DAGs
[2026-05-14T15:02:16.873+0000] {logging_mixin.py:188} INFO - [2026-05-14T15:02:16.872+0000] {dag.py:3954} INFO - Setting next_dagrun for produce_json to 2026-05-14 13:00:00+00:00, run_after=2026-05-15 13:00:00+00:00
[2026-05-14T15:02:16.995+0000] {processor.py:183} INFO - Processing /opt/airflow/dags/main.py took 0.383 seconds
[2026-05-14T15:02:47.471+0000] {processor.py:161} INFO - Started process (PID=2078) to work on /opt/airflow/dags/main.py
[2026-05-14T15:02:47.475+0000] {processor.py:830} INFO - Processing file /opt/airflow/dags/main.py for tasks to queue
[2026-05-14T15:02:47.480+0000] {logging_mixin.py:188} INFO - [2026-05-14T15:02:47.479+0000] {dagbag.py:545} INFO - Filling up the DagBag from /opt/airflow/dags/main.py
[2026-05-14T15:02:47.602+0000] {processor.py:840} INFO - DAG(s) 'produce_json' retrieved from /opt/airflow/dags/main.py
[2026-05-14T15:02:47.644+0000] {logging_mixin.py:188} INFO - [2026-05-14T15:02:47.644+0000] {dag.py:3096} INFO - Sync 1 DAGs
[2026-05-14T15:02:47.691+0000] {logging_mixin.py:188} INFO - [2026-05-14T15:02:47.691+0000] {dag.py:3954} INFO - Setting next_dagrun for produce_json to 2026-05-14 13:00:00+00:00, run_after=2026-05-15 13:00:00+00:00
[2026-05-14T15:02:47.770+0000] {processor.py:183} INFO - Processing /opt/airflow/dags/main.py took 0.315 seconds
[2026-05-14T15:03:17.873+0000] {processor.py:161} INFO - Started process (PID=2085) to work on /opt/airflow/dags/main.py
[2026-05-14T15:03:17.875+0000] {processor.py:830} INFO - Processing file /opt/airflow/dags/main.py for tasks to queue
[2026-05-14T15:03:17.883+0000] {logging_mixin.py:188} INFO - [2026-05-14T15:03:17.883+0000] {dagbag.py:545} INFO - Filling up the DagBag from /opt/airflow/dags/main.py
[2026-05-14T15:03:18.004+0000] {processor.py:840} INFO - DAG(s) 'produce_json' retrieved from /opt/airflow/dags/main.py
[2026-05-14T15:03:18.041+0000] {logging_mixin.py:188} INFO - [2026-05-14T15:03:18.040+0000] {dag.py:3096} INFO - Sync 1 DAGs
[2026-05-14T15:03:18.103+0000] {logging_mixin.py:188} INFO - [2026-05-14T15:03:18.103+0000] {dag.py:3954} INFO - Setting next_dagrun for produce_json to 2026-05-14 13:00:00+00:00, run_after=2026-05-15 13:00:00+00:00
[2026-05-14T15:03:18.234+0000] {processor.py:183} INFO - Processing /opt/airflow/dags/main.py took 0.368 seconds
[2026-05-14T15:03:48.986+0000] {processor.py:161} INFO - Started process (PID=2092) to work on /opt/airflow/dags/main.py
[2026-05-14T15:03:48.989+0000] {processor.py:830} INFO - Processing file /opt/airflow/dags/main.py for tasks to queue
[2026-05-14T15:03:48.992+0000] {logging_mixin.py:188} INFO - [2026-05-14T15:03:48.991+0000] {dagbag.py:545} INFO - Filling up the DagBag from /opt/airflow/dags/main.py
[2026-05-14T15:03:49.174+0000] {processor.py:840} INFO - DAG(s) 'produce_json' retrieved from /opt/airflow/dags/main.py
[2026-05-14T15:03:49.247+0000] {logging_mixin.py:188} INFO - [2026-05-14T15:03:49.247+0000] {dag.py:3096} INFO - Sync 1 DAGs
[2026-05-14T15:03:49.324+0000] {logging_mixin.py:188} INFO - [2026-05-14T15:03:49.323+0000] {dag.py:3954} INFO - Setting next_dagrun for produce_json to 2026-05-14 13:00:00+00:00, run_after=2026-05-15 13:00:00+00:00
[2026-05-14T15:03:49.490+0000] {processor.py:183} INFO - Processing /opt/airflow/dags/main.py took 0.515 seconds
[2026-05-14T15:04:20.099+0000] {processor.py:161} INFO - Started process (PID=2105) to work on /opt/airflow/dags/main.py
[2026-05-14T15:04:20.104+0000] {processor.py:830} INFO - Processing file /opt/airflow/dags/main.py for tasks to queue
[2026-05-14T15:04:20.109+0000] {logging_mixin.py:188} INFO - [2026-05-14T15:04:20.109+0000] {dagbag.py:545} INFO - Filling up the DagBag from /opt/airflow/dags/main.py
[2026-05-14T15:04:20.231+0000] {processor.py:840} INFO - DAG(s) 'produce_json' retrieved from /opt/airflow/dags/main.py
[2026-05-14T15:04:20.282+0000] {logging_mixin.py:188} INFO - [2026-05-14T15:04:20.282+0000] {dag.py:3096} INFO - Sync 1 DAGs
[2026-05-14T15:04:20.328+0000] {logging_mixin.py:188} INFO - [2026-05-14T15:04:20.328+0000] {dag.py:3954} INFO - Setting next_dagrun for produce_json to 2026-05-14 13:00:00+00:00, run_after=2026-05-15 13:00:00+00:00
[2026-05-14T15:04:20.364+0000] {processor.py:183} INFO - Processing /opt/airflow/dags/main.py took 0.282 seconds
[2026-05-14T15:04:50.796+0000] {processor.py:161} INFO - Started process (PID=2112) to work on /opt/airflow/dags/main.py
[2026-05-14T15:04:50.798+0000] {processor.py:830} INFO - Processing file /opt/airflow/dags/main.py for tasks to queue
[2026-05-14T15:04:50.803+0000] {logging_mixin.py:188} INFO - [2026-05-14T15:04:50.802+0000] {dagbag.py:545} INFO - Filling up the DagBag from /opt/airflow/dags/main.py
[2026-05-14T15:04:50.933+0000] {processor.py:840} INFO - DAG(s) 'produce_json' retrieved from /opt/airflow/dags/main.py
[2026-05-14T15:04:50.980+0000] {logging_mixin.py:188} INFO - [2026-05-14T15:04:50.979+0000] {dag.py:3096} INFO - Sync 1 DAGs
[2026-05-14T15:04:51.029+0000] {logging_mixin.py:188} INFO - [2026-05-14T15:04:51.029+0000] {dag.py:3954} INFO - Setting next_dagrun for produce_json to 2026-05-14 13:00:00+00:00, run_after=2026-05-15 13:00:00+00:00
[2026-05-14T15:04:51.068+0000] {processor.py:183} INFO - Processing /opt/airflow/dags/main.py took 0.285 seconds
[2026-05-14T15:05:21.171+0000] {processor.py:161} INFO - Started process (PID=2119) to work on /opt/airflow/dags/main.py
[2026-05-14T15:05:21.173+0000] {processor.py:830} INFO - Processing file /opt/airflow/dags/main.py for tasks to queue
[2026-05-14T15:05:21.177+0000] {logging_mixin.py:188} INFO - [2026-05-14T15:05:21.176+0000] {dagbag.py:545} INFO - Filling up the DagBag from /opt/airflow/dags/main.py
[2026-05-14T15:05:21.292+0000] {processor.py:840} INFO - DAG(s) 'produce_json' retrieved from /opt/airflow/dags/main.py
[2026-05-14T15:05:21.340+0000] {logging_mixin.py:188} INFO - [2026-05-14T15:05:21.340+0000] {dag.py:3096} INFO - Sync 1 DAGs
[2026-05-14T15:05:21.389+0000] {logging_mixin.py:188} INFO - [2026-05-14T15:05:21.388+0000] {dag.py:3954} INFO - Setting next_dagrun for produce_json to 2026-05-14 13:00:00+00:00, run_after=2026-05-15 13:00:00+00:00
[2026-05-14T15:05:21.470+0000] {processor.py:183} INFO - Processing /opt/airflow/dags/main.py took 0.310 seconds
[2026-05-14T15:05:51.899+0000] {processor.py:161} INFO - Started process (PID=2126) to work on /opt/airflow/dags/main.py
[2026-05-14T15:05:51.909+0000] {processor.py:830} INFO - Processing file /opt/airflow/dags/main.py for tasks to queue
[2026-05-14T15:05:51.913+0000] {logging_mixin.py:188} INFO - [2026-05-14T15:05:51.913+0000] {dagbag.py:545} INFO - Filling up the DagBag from /opt/airflow/dags/main.py
[2026-05-14T15:05:52.049+0000] {processor.py:840} INFO - DAG(s) 'produce_json' retrieved from /opt/airflow/dags/main.py
[2026-05-14T15:05:52.109+0000] {logging_mixin.py:188} INFO - [2026-05-14T15:05:52.109+0000] {dag.py:3096} INFO - Sync 1 DAGs
[2026-05-14T15:05:52.160+0000] {logging_mixin.py:188} INFO - [2026-05-14T15:05:52.159+0000] {dag.py:3954} INFO - Setting next_dagrun for produce_json to 2026-05-14 13:00:00+00:00, run_after=2026-05-15 13:00:00+00:00
[2026-05-14T15:05:52.201+0000] {processor.py:183} INFO - Processing /opt/airflow/dags/main.py took 0.310 seconds
[2026-05-14T15:06:22.377+0000] {processor.py:161} INFO - Started process (PID=2133) to work on /opt/airflow/dags/main.py
[2026-05-14T15:06:22.379+0000] {processor.py:830} INFO - Processing file /opt/airflow/dags/main.py for tasks to queue
[2026-05-14T15:06:22.381+0000] {logging_mixin.py:188} INFO - [2026-05-14T15:06:22.381+0000] {dagbag.py:545} INFO - Filling up the DagBag from /opt/airflow/dags/main.py
[2026-05-14T15:06:22.498+0000] {processor.py:840} INFO - DAG(s) 'produce_json' retrieved from /opt/airflow/dags/main.py
[2026-05-14T15:06:22.548+0000] {logging_mixin.py:188} INFO - [2026-05-14T15:06:22.548+0000] {dag.py:3096} INFO - Sync 1 DAGs
[2026-05-14T15:06:22.593+0000] {logging_mixin.py:188} INFO - [2026-05-14T15:06:22.593+0000] {dag.py:3954} INFO - Setting next_dagrun for produce_json to 2026-05-14 13:00:00+00:00, run_after=2026-05-15 13:00:00+00:00
[2026-05-14T15:06:22.681+0000] {processor.py:183} INFO - Processing /opt/airflow/dags/main.py took 0.314 seconds
[2026-05-14T15:06:52.998+0000] {processor.py:161} INFO - Started process (PID=2140) to work on /opt/airflow/dags/main.py
[2026-05-14T15:06:53.001+0000] {processor.py:830} INFO - Processing file /opt/airflow/dags/main.py for tasks to queue
[2026-05-14T15:06:53.005+0000] {logging_mixin.py:188} INFO - [2026-05-14T15:06:53.005+0000] {dagbag.py:545} INFO - Filling up the DagBag from /opt/airflow/dags/main.py
[2026-05-14T15:06:53.130+0000] {processor.py:840} INFO - DAG(s) 'produce_json' retrieved from /opt/airflow/dags/main.py
[2026-05-14T15:06:53.172+0000] {logging_mixin.py:188} INFO - [2026-05-14T15:06:53.171+0000] {dag.py:3096} INFO - Sync 1 DAGs
[2026-05-14T15:06:53.220+0000] {logging_mixin.py:188} INFO - [2026-05-14T15:06:53.219+0000] {dag.py:3954} INFO - Setting next_dagrun for produce_json to 2026-05-14 13:00:00+00:00, run_after=2026-05-15 13:00:00+00:00
[2026-05-14T15:06:53.271+0000] {processor.py:183} INFO - Processing /opt/airflow/dags/main.py took 0.284 seconds
[2026-05-14T15:07:23.530+0000] {processor.py:161} INFO - Started process (PID=2147) to work on /opt/airflow/dags/main.py
[2026-05-14T15:07:23.532+0000] {processor.py:830} INFO - Processing file /opt/airflow/dags/main.py for tasks to queue
[2026-05-14T15:07:23.535+0000] {logging_mixin.py:188} INFO - [2026-05-14T15:07:23.534+0000] {dagbag.py:545} INFO - Filling up the DagBag from /opt/airflow/dags/main.py
[2026-05-14T15:07:23.659+0000] {processor.py:840} INFO - DAG(s) 'produce_json' retrieved from /opt/airflow/dags/main.py
[2026-05-14T15:07:23.694+0000] {logging_mixin.py:188} INFO - [2026-05-14T15:07:23.693+0000] {dag.py:3096} INFO - Sync 1 DAGs
[2026-05-14T15:07:23.735+0000] {logging_mixin.py:188} INFO - [2026-05-14T15:07:23.735+0000] {dag.py:3954} INFO - Setting next_dagrun for produce_json to 2026-05-14 13:00:00+00:00, run_after=2026-05-15 13:00:00+00:00
[2026-05-14T15:07:23.774+0000] {processor.py:183} INFO - Processing /opt/airflow/dags/main.py took 0.258 seconds
[2026-05-14T15:07:54.142+0000] {processor.py:161} INFO - Started process (PID=2154) to work on /opt/airflow/dags/main.py
[2026-05-14T15:07:54.144+0000] {processor.py:830} INFO - Processing file /opt/airflow/dags/main.py for tasks to queue
[2026-05-14T15:07:54.153+0000] {logging_mixin.py:188} INFO - [2026-05-14T15:07:54.152+0000] {dagbag.py:545} INFO - Filling up the DagBag from /opt/airflow/dags/main.py
[2026-05-14T15:07:54.307+0000] {processor.py:840} INFO - DAG(s) 'produce_json' retrieved from /opt/airflow/dags/main.py
[2026-05-14T15:07:54.353+0000] {logging_mixin.py:188} INFO - [2026-05-14T15:07:54.352+0000] {dag.py:3096} INFO - Sync 1 DAGs
[2026-05-14T15:07:54.396+0000] {logging_mixin.py:188} INFO - [2026-05-14T15:07:54.396+0000] {dag.py:3954} INFO - Setting next_dagrun for produce_json to 2026-05-14 13:00:00+00:00, run_after=2026-05-15 13:00:00+00:00
[2026-05-14T15:07:54.435+0000] {processor.py:183} INFO - Processing /opt/airflow/dags/main.py took 0.307 seconds
[2026-05-14T15:08:24.797+0000] {processor.py:161} INFO - Started process (PID=2161) to work on /opt/airflow/dags/main.py
[2026-05-14T15:08:24.800+0000] {processor.py:830} INFO - Processing file /opt/airflow/dags/main.py for tasks to queue
[2026-05-14T15:08:24.803+0000] {logging_mixin.py:188} INFO - [2026-05-14T15:08:24.803+0000] {dagbag.py:545} INFO - Filling up the DagBag from /opt/airflow/dags/main.py
[2026-05-14T15:08:24.901+0000] {processor.py:840} INFO - DAG(s) 'produce_json' retrieved from /opt/airflow/dags/main.py
[2026-05-14T15:08:24.937+0000] {logging_mixin.py:188} INFO - [2026-05-14T15:08:24.936+0000] {dag.py:3096} INFO - Sync 1 DAGs
[2026-05-14T15:08:24.973+0000] {logging_mixin.py:188} INFO - [2026-05-14T15:08:24.973+0000] {dag.py:3954} INFO - Setting next_dagrun for produce_json to 2026-05-14 13:00:00+00:00, run_after=2026-05-15 13:00:00+00:00
[2026-05-14T15:08:25.005+0000] {processor.py:183} INFO - Processing /opt/airflow/dags/main.py took 0.218 seconds
[2026-05-14T15:08:55.678+0000] {processor.py:161} INFO - Started process (PID=2168) to work on /opt/airflow/dags/main.py
[2026-05-14T15:08:55.680+0000] {processor.py:830} INFO - Processing file /opt/airflow/dags/main.py for tasks to queue
[2026-05-14T15:08:55.687+0000] {logging_mixin.py:188} INFO - [2026-05-14T15:08:55.686+0000] {dagbag.py:545} INFO - Filling up the DagBag from /opt/airflow/dags/main.py
[2026-05-14T15:08:55.814+0000] {processor.py:840} INFO - DAG(s) 'produce_json' retrieved from /opt/airflow/dags/main.py
[2026-05-14T15:08:55.857+0000] {logging_mixin.py:188} INFO - [2026-05-14T15:08:55.857+0000] {dag.py:3096} INFO - Sync 1 DAGs
[2026-05-14T15:08:55.897+0000] {logging_mixin.py:188} INFO - [2026-05-14T15:08:55.897+0000] {dag.py:3954} INFO - Setting next_dagrun for produce_json to 2026-05-14 13:00:00+00:00, run_after=2026-05-15 13:00:00+00:00
[2026-05-14T15:08:55.992+0000] {processor.py:183} INFO - Processing /opt/airflow/dags/main.py took 0.328 seconds
[2026-05-14T15:09:26.105+0000] {processor.py:161} INFO - Started process (PID=2175) to work on /opt/airflow/dags/main.py
[2026-05-14T15:09:26.109+0000] {processor.py:830} INFO - Processing file /opt/airflow/dags/main.py for tasks to queue
[2026-05-14T15:09:26.114+0000] {logging_mixin.py:188} INFO - [2026-05-14T15:09:26.113+0000] {dagbag.py:545} INFO - Filling up the DagBag from /opt/airflow/dags/main.py
[2026-05-14T15:09:26.247+0000] {processor.py:840} INFO - DAG(s) 'produce_json' retrieved from /opt/airflow/dags/main.py
[2026-05-14T15:09:26.295+0000] {logging_mixin.py:188} INFO - [2026-05-14T15:09:26.294+0000] {dag.py:3096} INFO - Sync 1 DAGs
[2026-05-14T15:09:26.352+0000] {logging_mixin.py:188} INFO - [2026-05-14T15:09:26.352+0000] {dag.py:3954} INFO - Setting next_dagrun for produce_json to 2026-05-14 13:00:00+00:00, run_after=2026-05-15 13:00:00+00:00
[2026-05-14T15:09:26.433+0000] {processor.py:183} INFO - Processing /opt/airflow/dags/main.py took 0.346 seconds
[2026-05-14T15:09:56.883+0000] {processor.py:161} INFO - Started process (PID=2182) to work on /opt/airflow/dags/main.py
[2026-05-14T15:09:56.888+0000] {processor.py:830} INFO - Processing file /opt/airflow/dags/main.py for tasks to queue
[2026-05-14T15:09:56.894+0000] {logging_mixin.py:188} INFO - [2026-05-14T15:09:56.893+0000] {dagbag.py:545} INFO - Filling up the DagBag from /opt/airflow/dags/main.py
[2026-05-14T15:09:57.078+0000] {processor.py:840} INFO - DAG(s) 'produce_json' retrieved from /opt/airflow/dags/main.py
[2026-05-14T15:09:57.144+0000] {logging_mixin.py:188} INFO - [2026-05-14T15:09:57.143+0000] {dag.py:3096} INFO - Sync 1 DAGs
[2026-05-14T15:09:57.242+0000] {logging_mixin.py:188} INFO - [2026-05-14T15:09:57.241+0000] {dag.py:3954} INFO - Setting next_dagrun for produce_json to 2026-05-14 13:00:00+00:00, run_after=2026-05-15 13:00:00+00:00
[2026-05-14T15:09:57.347+0000] {processor.py:183} INFO - Processing /opt/airflow/dags/main.py took 0.481 seconds
[2026-05-14T15:10:27.760+0000] {processor.py:161} INFO - Started process (PID=2189) to work on /opt/airflow/dags/main.py
[2026-05-14T15:10:27.763+0000] {processor.py:830} INFO - Processing file /opt/airflow/dags/main.py for tasks to queue
[2026-05-14T15:10:27.768+0000] {logging_mixin.py:188} INFO - [2026-05-14T15:10:27.768+0000] {dagbag.py:545} INFO - Filling up the DagBag from /opt/airflow/dags/main.py
[2026-05-14T15:10:27.836+0000] {processor.py:840} INFO - DAG(s) 'produce_json' retrieved from /opt/airflow/dags/main.py
[2026-05-14T15:10:27.870+0000] {logging_mixin.py:188} INFO - [2026-05-14T15:10:27.870+0000] {dag.py:3096} INFO - Sync 1 DAGs
[2026-05-14T15:10:27.898+0000] {logging_mixin.py:188} INFO - [2026-05-14T15:10:27.898+0000] {dag.py:3954} INFO - Setting next_dagrun for produce_json to 2026-05-14 13:00:00+00:00, run_after=2026-05-15 13:00:00+00:00
[2026-05-14T15:10:27.967+0000] {processor.py:183} INFO - Processing /opt/airflow/dags/main.py took 0.225 seconds
[2026-05-14T15:10:58.307+0000] {processor.py:161} INFO - Started process (PID=2196) to work on /opt/airflow/dags/main.py
[2026-05-14T15:10:58.309+0000] {processor.py:830} INFO - Processing file /opt/airflow/dags/main.py for tasks to queue
[2026-05-14T15:10:58.311+0000] {logging_mixin.py:188} INFO - [2026-05-14T15:10:58.311+0000] {dagbag.py:545} INFO - Filling up the DagBag from /opt/airflow/dags/main.py
[2026-05-14T15:10:58.370+0000] {processor.py:840} INFO - DAG(s) 'produce_json' retrieved from /opt/airflow/dags/main.py
[2026-05-14T15:10:58.398+0000] {logging_mixin.py:188} INFO - [2026-05-14T15:10:58.398+0000] {dag.py:3096} INFO - Sync 1 DAGs
[2026-05-14T15:10:58.473+0000] {logging_mixin.py:188} INFO - [2026-05-14T15:10:58.473+0000] {dag.py:3954} INFO - Setting next_dagrun for produce_json to 2026-05-14 13:00:00+00:00, run_after=2026-05-15 13:00:00+00:00
[2026-05-14T15:10:58.499+0000] {processor.py:183} INFO - Processing /opt/airflow/dags/main.py took 0.200 seconds
[2026-05-14T15:11:28.606+0000] {processor.py:161} INFO - Started process (PID=2202) to work on /opt/airflow/dags/main.py
[2026-05-14T15:11:28.608+0000] {processor.py:830} INFO - Processing file /opt/airflow/dags/main.py for tasks to queue
[2026-05-14T15:11:28.611+0000] {logging_mixin.py:188} INFO - [2026-05-14T15:11:28.611+0000] {dagbag.py:545} INFO - Filling up the DagBag from /opt/airflow/dags/main.py
[2026-05-14T15:11:28.706+0000] {processor.py:840} INFO - DAG(s) 'produce_json' retrieved from /opt/airflow/dags/main.py
[2026-05-14T15:11:28.743+0000] {logging_mixin.py:188} INFO - [2026-05-14T15:11:28.743+0000] {dag.py:3096} INFO - Sync 1 DAGs
[2026-05-14T15:11:28.788+0000] {logging_mixin.py:188} INFO - [2026-05-14T15:11:28.788+0000] {dag.py:3954} INFO - Setting next_dagrun for produce_json to 2026-05-14 13:00:00+00:00, run_after=2026-05-15 13:00:00+00:00
[2026-05-14T15:11:28.871+0000] {processor.py:183} INFO - Processing /opt/airflow/dags/main.py took 0.275 seconds
[2026-05-14T15:11:59.145+0000] {processor.py:161} INFO - Started process (PID=2209) to work on /opt/airflow/dags/main.py
[2026-05-14T15:11:59.149+0000] {processor.py:830} INFO - Processing file /opt/airflow/dags/main.py for tasks to queue
[2026-05-14T15:11:59.152+0000] {logging_mixin.py:188} INFO - [2026-05-14T15:11:59.151+0000] {dagbag.py:545} INFO - Filling up the DagBag from /opt/airflow/dags/main.py
[2026-05-14T15:11:59.250+0000] {processor.py:840} INFO - DAG(s) 'produce_json' retrieved from /opt/airflow/dags/main.py
[2026-05-14T15:11:59.284+0000] {logging_mixin.py:188} INFO - [2026-05-14T15:11:59.283+0000] {dag.py:3096} INFO - Sync 1 DAGs
[2026-05-14T15:11:59.320+0000] {logging_mixin.py:188} INFO - [2026-05-14T15:11:59.320+0000] {dag.py:3954} INFO - Setting next_dagrun for produce_json to 2026-05-14 13:00:00+00:00, run_after=2026-05-15 13:00:00+00:00
[2026-05-14T15:11:59.353+0000] {processor.py:183} INFO - Processing /opt/airflow/dags/main.py took 0.226 seconds
[2026-05-14T15:12:29.584+0000] {processor.py:161} INFO - Started process (PID=2216) to work on /opt/airflow/dags/main.py
[2026-05-14T15:12:29.586+0000] {processor.py:830} INFO - Processing file /opt/airflow/dags/main.py for tasks to queue
[2026-05-14T15:12:29.589+0000] {logging_mixin.py:188} INFO - [2026-05-14T15:12:29.588+0000] {dagbag.py:545} INFO - Filling up the DagBag from /opt/airflow/dags/main.py
[2026-05-14T15:12:29.754+0000] {processor.py:840} INFO - DAG(s) 'produce_json' retrieved from /opt/airflow/dags/main.py
[2026-05-14T15:12:29.844+0000] {logging_mixin.py:188} INFO - [2026-05-14T15:12:29.843+0000] {dag.py:3096} INFO - Sync 1 DAGs
[2026-05-14T15:12:29.961+0000] {logging_mixin.py:188} INFO - [2026-05-14T15:12:29.960+0000] {dag.py:3954} INFO - Setting next_dagrun for produce_json to 2026-05-14 13:00:00+00:00, run_after=2026-05-15 13:00:00+00:00
[2026-05-14T15:12:30.054+0000] {processor.py:183} INFO - Processing /opt/airflow/dags/main.py took 0.482 seconds
[2026-05-14T15:13:00.477+0000] {processor.py:161} INFO - Started process (PID=2224) to work on /opt/airflow/dags/main.py
[2026-05-14T15:13:00.479+0000] {processor.py:830} INFO - Processing file /opt/airflow/dags/main.py for tasks to queue
[2026-05-14T15:13:00.483+0000] {logging_mixin.py:188} INFO - [2026-05-14T15:13:00.482+0000] {dagbag.py:545} INFO - Filling up the DagBag from /opt/airflow/dags/main.py
[2026-05-14T15:13:00.595+0000] {processor.py:840} INFO - DAG(s) 'produce_json' retrieved from /opt/airflow/dags/main.py
[2026-05-14T15:13:00.640+0000] {logging_mixin.py:188} INFO - [2026-05-14T15:13:00.637+0000] {dag.py:3096} INFO - Sync 1 DAGs
[2026-05-14T15:13:00.684+0000] {logging_mixin.py:188} INFO - [2026-05-14T15:13:00.683+0000] {dag.py:3954} INFO - Setting next_dagrun for produce_json to 2026-05-14 13:00:00+00:00, run_after=2026-05-15 13:00:00+00:00
[2026-05-14T15:13:00.724+0000] {processor.py:183} INFO - Processing /opt/airflow/dags/main.py took 0.266 seconds
[2026-05-14T15:13:30.871+0000] {processor.py:161} INFO - Started process (PID=2231) to work on /opt/airflow/dags/main.py
[2026-05-14T15:13:30.876+0000] {processor.py:830} INFO - Processing file /opt/airflow/dags/main.py for tasks to queue
[2026-05-14T15:13:30.882+0000] {logging_mixin.py:188} INFO - [2026-05-14T15:13:30.882+0000] {dagbag.py:545} INFO - Filling up the DagBag from /opt/airflow/dags/main.py
[2026-05-14T15:13:31.075+0000] {processor.py:840} INFO - DAG(s) 'produce_json' retrieved from /opt/airflow/dags/main.py
[2026-05-14T15:13:31.124+0000] {logging_mixin.py:188} INFO - [2026-05-14T15:13:31.123+0000] {dag.py:3096} INFO - Sync 1 DAGs
[2026-05-14T15:13:31.218+0000] {logging_mixin.py:188} INFO - [2026-05-14T15:13:31.218+0000] {dag.py:3954} INFO - Setting next_dagrun for produce_json to 2026-05-14 13:00:00+00:00, run_after=2026-05-15 13:00:00+00:00
[2026-05-14T15:13:31.296+0000] {processor.py:183} INFO - Processing /opt/airflow/dags/main.py took 0.451 seconds
[2026-05-14T15:14:01.623+0000] {processor.py:161} INFO - Started process (PID=2238) to work on /opt/airflow/dags/main.py
[2026-05-14T15:14:01.626+0000] {processor.py:830} INFO - Processing file /opt/airflow/dags/main.py for tasks to queue
[2026-05-14T15:14:01.633+0000] {logging_mixin.py:188} INFO - [2026-05-14T15:14:01.632+0000] {dagbag.py:545} INFO - Filling up the DagBag from /opt/airflow/dags/main.py
[2026-05-14T15:14:01.780+0000] {processor.py:840} INFO - DAG(s) 'produce_json' retrieved from /opt/airflow/dags/main.py
[2026-05-14T15:14:01.821+0000] {logging_mixin.py:188} INFO - [2026-05-14T15:14:01.820+0000] {dag.py:3096} INFO - Sync 1 DAGs
[2026-05-14T15:14:01.880+0000] {logging_mixin.py:188} INFO - [2026-05-14T15:14:01.880+0000] {dag.py:3954} INFO - Setting next_dagrun for produce_json to 2026-05-14 13:00:00+00:00, run_after=2026-05-15 13:00:00+00:00
[2026-05-14T15:14:01.959+0000] {processor.py:183} INFO - Processing /opt/airflow/dags/main.py took 0.352 seconds
[2026-05-14T15:14:32.105+0000] {processor.py:161} INFO - Started process (PID=2245) to work on /opt/airflow/dags/main.py
[2026-05-14T15:14:32.108+0000] {processor.py:830} INFO - Processing file /opt/airflow/dags/main.py for tasks to queue
[2026-05-14T15:14:32.112+0000] {logging_mixin.py:188} INFO - [2026-05-14T15:14:32.112+0000] {dagbag.py:545} INFO - Filling up the DagBag from /opt/airflow/dags/main.py
[2026-05-14T15:14:32.282+0000] {processor.py:840} INFO - DAG(s) 'produce_json' retrieved from /opt/airflow/dags/main.py
[2026-05-14T15:14:32.347+0000] {logging_mixin.py:188} INFO - [2026-05-14T15:14:32.346+0000] {dag.py:3096} INFO - Sync 1 DAGs
[2026-05-14T15:14:32.421+0000] {logging_mixin.py:188} INFO - [2026-05-14T15:14:32.419+0000] {dag.py:3954} INFO - Setting next_dagrun for produce_json to 2026-05-14 13:00:00+00:00, run_after=2026-05-15 13:00:00+00:00
[2026-05-14T15:14:32.472+0000] {processor.py:183} INFO - Processing /opt/airflow/dags/main.py took 0.383 seconds
[2026-05-14T15:15:02.863+0000] {processor.py:161} INFO - Started process (PID=2253) to work on /opt/airflow/dags/main.py
[2026-05-14T15:15:02.865+0000] {processor.py:830} INFO - Processing file /opt/airflow/dags/main.py for tasks to queue
[2026-05-14T15:15:02.868+0000] {logging_mixin.py:188} INFO - [2026-05-14T15:15:02.868+0000] {dagbag.py:545} INFO - Filling up the DagBag from /opt/airflow/dags/main.py
[2026-05-14T15:15:02.990+0000] {processor.py:840} INFO - DAG(s) 'produce_json' retrieved from /opt/airflow/dags/main.py
[2026-05-14T15:15:03.029+0000] {logging_mixin.py:188} INFO - [2026-05-14T15:15:03.028+0000] {dag.py:3096} INFO - Sync 1 DAGs
[2026-05-14T15:15:03.083+0000] {logging_mixin.py:188} INFO - [2026-05-14T15:15:03.082+0000] {dag.py:3954} INFO - Setting next_dagrun for produce_json to 2026-05-14 13:00:00+00:00, run_after=2026-05-15 13:00:00+00:00
[2026-05-14T15:15:03.176+0000] {processor.py:183} INFO - Processing /opt/airflow/dags/main.py took 0.323 seconds
[2026-05-14T15:15:33.342+0000] {processor.py:161} INFO - Started process (PID=2260) to work on /opt/airflow/dags/main.py
[2026-05-14T15:15:33.344+0000] {processor.py:830} INFO - Processing file /opt/airflow/dags/main.py for tasks to queue
[2026-05-14T15:15:33.348+0000] {logging_mixin.py:188} INFO - [2026-05-14T15:15:33.347+0000] {dagbag.py:545} INFO - Filling up the DagBag from /opt/airflow/dags/main.py
[2026-05-14T15:15:33.475+0000] {processor.py:840} INFO - DAG(s) 'produce_json' retrieved from /opt/airflow/dags/main.py
[2026-05-14T15:15:33.531+0000] {logging_mixin.py:188} INFO - [2026-05-14T15:15:33.531+0000] {dag.py:3096} INFO - Sync 1 DAGs
[2026-05-14T15:15:33.578+0000] {logging_mixin.py:188} INFO - [2026-05-14T15:15:33.578+0000] {dag.py:3954} INFO - Setting next_dagrun for produce_json to 2026-05-14 13:00:00+00:00, run_after=2026-05-15 13:00:00+00:00
[2026-05-14T15:15:33.622+0000] {processor.py:183} INFO - Processing /opt/airflow/dags/main.py took 0.295 seconds
[2026-05-14T15:16:03.994+0000] {processor.py:161} INFO - Started process (PID=2267) to work on /opt/airflow/dags/main.py
[2026-05-14T15:16:03.999+0000] {processor.py:830} INFO - Processing file /opt/airflow/dags/main.py for tasks to queue
[2026-05-14T15:16:04.003+0000] {logging_mixin.py:188} INFO - [2026-05-14T15:16:04.002+0000] {dagbag.py:545} INFO - Filling up the DagBag from /opt/airflow/dags/main.py
[2026-05-14T15:16:04.124+0000] {processor.py:840} INFO - DAG(s) 'produce_json' retrieved from /opt/airflow/dags/main.py
[2026-05-14T15:16:04.174+0000] {logging_mixin.py:188} INFO - [2026-05-14T15:16:04.173+0000] {dag.py:3096} INFO - Sync 1 DAGs
[2026-05-14T15:16:04.241+0000] {logging_mixin.py:188} INFO - [2026-05-14T15:16:04.240+0000] {dag.py:3954} INFO - Setting next_dagrun for produce_json to 2026-05-14 13:00:00+00:00, run_after=2026-05-15 13:00:00+00:00
[2026-05-14T15:16:04.324+0000] {processor.py:183} INFO - Processing /opt/airflow/dags/main.py took 0.338 seconds
[2026-05-14T15:16:34.424+0000] {processor.py:161} INFO - Started process (PID=2274) to work on /opt/airflow/dags/main.py
[2026-05-14T15:16:34.426+0000] {processor.py:830} INFO - Processing file /opt/airflow/dags/main.py for tasks to queue
[2026-05-14T15:16:34.429+0000] {logging_mixin.py:188} INFO - [2026-05-14T15:16:34.429+0000] {dagbag.py:545} INFO - Filling up the DagBag from /opt/airflow/dags/main.py
[2026-05-14T15:16:34.527+0000] {processor.py:840} INFO - DAG(s) 'produce_json' retrieved from /opt/airflow/dags/main.py
[2026-05-14T15:16:34.566+0000] {logging_mixin.py:188} INFO - [2026-05-14T15:16:34.566+0000] {dag.py:3096} INFO - Sync 1 DAGs
[2026-05-14T15:16:34.604+0000] {logging_mixin.py:188} INFO - [2026-05-14T15:16:34.604+0000] {dag.py:3954} INFO - Setting next_dagrun for produce_json to 2026-05-14 13:00:00+00:00, run_after=2026-05-15 13:00:00+00:00
[2026-05-14T15:16:34.672+0000] {processor.py:183} INFO - Processing /opt/airflow/dags/main.py took 0.258 seconds
[2026-05-14T15:17:05.004+0000] {processor.py:161} INFO - Started process (PID=2281) to work on /opt/airflow/dags/main.py
[2026-05-14T15:17:05.006+0000] {processor.py:830} INFO - Processing file /opt/airflow/dags/main.py for tasks to queue
[2026-05-14T15:17:05.009+0000] {logging_mixin.py:188} INFO - [2026-05-14T15:17:05.008+0000] {dagbag.py:545} INFO - Filling up the DagBag from /opt/airflow/dags/main.py
[2026-05-14T15:17:05.074+0000] {processor.py:840} INFO - DAG(s) 'produce_json' retrieved from /opt/airflow/dags/main.py
[2026-05-14T15:17:05.104+0000] {logging_mixin.py:188} INFO - [2026-05-14T15:17:05.103+0000] {dag.py:3096} INFO - Sync 1 DAGs
[2026-05-14T15:17:05.136+0000] {logging_mixin.py:188} INFO - [2026-05-14T15:17:05.135+0000] {dag.py:3954} INFO - Setting next_dagrun for produce_json to 2026-05-14 13:00:00+00:00, run_after=2026-05-15 13:00:00+00:00
[2026-05-14T15:17:05.212+0000] {processor.py:183} INFO - Processing /opt/airflow/dags/main.py took 0.216 seconds
[2026-05-14T15:17:35.365+0000] {processor.py:161} INFO - Started process (PID=2289) to work on /opt/airflow/dags/main.py
[2026-05-14T15:17:35.367+0000] {processor.py:830} INFO - Processing file /opt/airflow/dags/main.py for tasks to queue
[2026-05-14T15:17:35.371+0000] {logging_mixin.py:188} INFO - [2026-05-14T15:17:35.370+0000] {dagbag.py:545} INFO - Filling up the DagBag from /opt/airflow/dags/main.py
[2026-05-14T15:17:35.479+0000] {processor.py:840} INFO - DAG(s) 'produce_json' retrieved from /opt/airflow/dags/main.py
[2026-05-14T15:17:35.517+0000] {logging_mixin.py:188} INFO - [2026-05-14T15:17:35.517+0000] {dag.py:3096} INFO - Sync 1 DAGs
[2026-05-14T15:17:35.564+0000] {logging_mixin.py:188} INFO - [2026-05-14T15:17:35.564+0000] {dag.py:3954} INFO - Setting next_dagrun for produce_json to 2026-05-14 13:00:00+00:00, run_after=2026-05-15 13:00:00+00:00
[2026-05-14T15:17:35.643+0000] {processor.py:183} INFO - Processing /opt/airflow/dags/main.py took 0.288 seconds
[2026-05-14T15:18:05.945+0000] {processor.py:161} INFO - Started process (PID=2296) to work on /opt/airflow/dags/main.py
[2026-05-14T15:18:05.946+0000] {processor.py:830} INFO - Processing file /opt/airflow/dags/main.py for tasks to queue
[2026-05-14T15:18:05.953+0000] {logging_mixin.py:188} INFO - [2026-05-14T15:18:05.952+0000] {dagbag.py:545} INFO - Filling up the DagBag from /opt/airflow/dags/main.py
[2026-05-14T15:18:06.047+0000] {processor.py:840} INFO - DAG(s) 'produce_json' retrieved from /opt/airflow/dags/main.py
[2026-05-14T15:18:06.089+0000] {logging_mixin.py:188} INFO - [2026-05-14T15:18:06.089+0000] {dag.py:3096} INFO - Sync 1 DAGs
[2026-05-14T15:18:06.124+0000] {logging_mixin.py:188} INFO - [2026-05-14T15:18:06.123+0000] {dag.py:3954} INFO - Setting next_dagrun for produce_json to 2026-05-14 13:00:00+00:00, run_after=2026-05-15 13:00:00+00:00
[2026-05-14T15:18:06.195+0000] {processor.py:183} INFO - Processing /opt/airflow/dags/main.py took 0.258 seconds
[2026-05-14T15:18:36.854+0000] {processor.py:161} INFO - Started process (PID=2303) to work on /opt/airflow/dags/main.py
[2026-05-14T15:18:36.859+0000] {processor.py:830} INFO - Processing file /opt/airflow/dags/main.py for tasks to queue
[2026-05-14T15:18:36.863+0000] {logging_mixin.py:188} INFO - [2026-05-14T15:18:36.863+0000] {dagbag.py:545} INFO - Filling up the DagBag from /opt/airflow/dags/main.py
[2026-05-14T15:18:36.967+0000] {processor.py:840} INFO - DAG(s) 'produce_json' retrieved from /opt/airflow/dags/main.py
[2026-05-14T15:18:37.008+0000] {logging_mixin.py:188} INFO - [2026-05-14T15:18:37.004+0000] {dag.py:3096} INFO - Sync 1 DAGs
[2026-05-14T15:18:37.042+0000] {logging_mixin.py:188} INFO - [2026-05-14T15:18:37.042+0000] {dag.py:3954} INFO - Setting next_dagrun for produce_json to 2026-05-14 13:00:00+00:00, run_after=2026-05-15 13:00:00+00:00
[2026-05-14T15:18:37.115+0000] {processor.py:183} INFO - Processing /opt/airflow/dags/main.py took 0.269 seconds
[2026-05-14T15:19:07.305+0000] {processor.py:161} INFO - Started process (PID=2309) to work on /opt/airflow/dags/main.py
[2026-05-14T15:19:07.308+0000] {processor.py:830} INFO - Processing file /opt/airflow/dags/main.py for tasks to queue
[2026-05-14T15:19:07.311+0000] {logging_mixin.py:188} INFO - [2026-05-14T15:19:07.311+0000] {dagbag.py:545} INFO - Filling up the DagBag from /opt/airflow/dags/main.py
[2026-05-14T15:19:07.442+0000] {processor.py:840} INFO - DAG(s) 'produce_json' retrieved from /opt/airflow/dags/main.py
[2026-05-14T15:19:07.485+0000] {logging_mixin.py:188} INFO - [2026-05-14T15:19:07.483+0000] {dag.py:3096} INFO - Sync 1 DAGs
[2026-05-14T15:19:07.542+0000] {logging_mixin.py:188} INFO - [2026-05-14T15:19:07.542+0000] {dag.py:3954} INFO - Setting next_dagrun for produce_json to 2026-05-14 13:00:00+00:00, run_after=2026-05-15 13:00:00+00:00
[2026-05-14T15:19:07.644+0000] {processor.py:183} INFO - Processing /opt/airflow/dags/main.py took 0.354 seconds
[2026-05-14T15:19:38.011+0000] {processor.py:161} INFO - Started process (PID=2316) to work on /opt/airflow/dags/main.py
[2026-05-14T15:19:38.014+0000] {processor.py:830} INFO - Processing file /opt/airflow/dags/main.py for tasks to queue
[2026-05-14T15:19:38.018+0000] {logging_mixin.py:188} INFO - [2026-05-14T15:19:38.017+0000] {dagbag.py:545} INFO - Filling up the DagBag from /opt/airflow/dags/main.py
[2026-05-14T15:19:38.150+0000] {processor.py:840} INFO - DAG(s) 'produce_json' retrieved from /opt/airflow/dags/main.py
[2026-05-14T15:19:38.186+0000] {logging_mixin.py:188} INFO - [2026-05-14T15:19:38.185+0000] {dag.py:3096} INFO - Sync 1 DAGs
[2026-05-14T15:19:38.221+0000] {logging_mixin.py:188} INFO - [2026-05-14T15:19:38.221+0000] {dag.py:3954} INFO - Setting next_dagrun for produce_json to 2026-05-14 13:00:00+00:00, run_after=2026-05-15 13:00:00+00:00
[2026-05-14T15:19:38.292+0000] {processor.py:183} INFO - Processing /opt/airflow/dags/main.py took 0.300 seconds
[2026-05-14T15:20:08.365+0000] {processor.py:161} INFO - Started process (PID=2323) to work on /opt/airflow/dags/main.py
[2026-05-14T15:20:08.367+0000] {processor.py:830} INFO - Processing file /opt/airflow/dags/main.py for tasks to queue
[2026-05-14T15:20:08.370+0000] {logging_mixin.py:188} INFO - [2026-05-14T15:20:08.370+0000] {dagbag.py:545} INFO - Filling up the DagBag from /opt/airflow/dags/main.py
[2026-05-14T15:20:08.451+0000] {processor.py:840} INFO - DAG(s) 'produce_json' retrieved from /opt/airflow/dags/main.py
[2026-05-14T15:20:08.481+0000] {logging_mixin.py:188} INFO - [2026-05-14T15:20:08.481+0000] {dag.py:3096} INFO - Sync 1 DAGs
[2026-05-14T15:20:08.513+0000] {logging_mixin.py:188} INFO - [2026-05-14T15:20:08.513+0000] {dag.py:3954} INFO - Setting next_dagrun for produce_json to 2026-05-14 13:00:00+00:00, run_after=2026-05-15 13:00:00+00:00
[2026-05-14T15:20:08.544+0000] {processor.py:183} INFO - Processing /opt/airflow/dags/main.py took 0.185 seconds
[2026-05-14T15:20:38.780+0000] {processor.py:161} INFO - Started process (PID=2330) to work on /opt/airflow/dags/main.py
[2026-05-14T15:20:38.782+0000] {processor.py:830} INFO - Processing file /opt/airflow/dags/main.py for tasks to queue
[2026-05-14T15:20:38.784+0000] {logging_mixin.py:188} INFO - [2026-05-14T15:20:38.784+0000] {dagbag.py:545} INFO - Filling up the DagBag from /opt/airflow/dags/main.py
[2026-05-14T15:20:38.873+0000] {processor.py:840} INFO - DAG(s) 'produce_json' retrieved from /opt/airflow/dags/main.py
[2026-05-14T15:20:38.922+0000] {logging_mixin.py:188} INFO - [2026-05-14T15:20:38.922+0000] {dag.py:3096} INFO - Sync 1 DAGs
[2026-05-14T15:20:38.967+0000] {logging_mixin.py:188} INFO - [2026-05-14T15:20:38.966+0000] {dag.py:3954} INFO - Setting next_dagrun for produce_json to 2026-05-14 13:00:00+00:00, run_after=2026-05-15 13:00:00+00:00
[2026-05-14T15:20:39.040+0000] {processor.py:183} INFO - Processing /opt/airflow/dags/main.py took 0.269 seconds
[2026-05-14T15:21:09.389+0000] {processor.py:161} INFO - Started process (PID=2337) to work on /opt/airflow/dags/main.py
[2026-05-14T15:21:09.391+0000] {processor.py:830} INFO - Processing file /opt/airflow/dags/main.py for tasks to queue
[2026-05-14T15:21:09.394+0000] {logging_mixin.py:188} INFO - [2026-05-14T15:21:09.394+0000] {dagbag.py:545} INFO - Filling up the DagBag from /opt/airflow/dags/main.py
[2026-05-14T15:21:09.508+0000] {processor.py:840} INFO - DAG(s) 'produce_json' retrieved from /opt/airflow/dags/main.py
[2026-05-14T15:21:09.561+0000] {logging_mixin.py:188} INFO - [2026-05-14T15:21:09.561+0000] {dag.py:3096} INFO - Sync 1 DAGs
[2026-05-14T15:21:09.609+0000] {logging_mixin.py:188} INFO - [2026-05-14T15:21:09.609+0000] {dag.py:3954} INFO - Setting next_dagrun for produce_json to 2026-05-14 13:00:00+00:00, run_after=2026-05-15 13:00:00+00:00
[2026-05-14T15:21:09.690+0000] {processor.py:183} INFO - Processing /opt/airflow/dags/main.py took 0.313 seconds
[2026-05-14T15:21:39.843+0000] {processor.py:161} INFO - Started process (PID=2344) to work on /opt/airflow/dags/main.py
[2026-05-14T15:21:39.848+0000] {processor.py:830} INFO - Processing file /opt/airflow/dags/main.py for tasks to queue
[2026-05-14T15:21:39.854+0000] {logging_mixin.py:188} INFO - [2026-05-14T15:21:39.853+0000] {dagbag.py:545} INFO - Filling up the DagBag from /opt/airflow/dags/main.py
[2026-05-14T15:21:39.983+0000] {processor.py:840} INFO - DAG(s) 'produce_json' retrieved from /opt/airflow/dags/main.py
[2026-05-14T15:21:40.026+0000] {logging_mixin.py:188} INFO - [2026-05-14T15:21:40.025+0000] {dag.py:3096} INFO - Sync 1 DAGs
[2026-05-14T15:21:40.078+0000] {logging_mixin.py:188} INFO - [2026-05-14T15:21:40.077+0000] {dag.py:3954} INFO - Setting next_dagrun for produce_json to 2026-05-14 13:00:00+00:00, run_after=2026-05-15 13:00:00+00:00
[2026-05-14T15:21:40.152+0000] {processor.py:183} INFO - Processing /opt/airflow/dags/main.py took 0.326 seconds
[2026-05-14T15:22:10.583+0000] {processor.py:161} INFO - Started process (PID=2351) to work on /opt/airflow/dags/main.py
[2026-05-14T15:22:10.588+0000] {processor.py:830} INFO - Processing file /opt/airflow/dags/main.py for tasks to queue
[2026-05-14T15:22:10.595+0000] {logging_mixin.py:188} INFO - [2026-05-14T15:22:10.594+0000] {dagbag.py:545} INFO - Filling up the DagBag from /opt/airflow/dags/main.py
[2026-05-14T15:22:10.775+0000] {processor.py:840} INFO - DAG(s) 'produce_json' retrieved from /opt/airflow/dags/main.py
[2026-05-14T15:22:10.843+0000] {logging_mixin.py:188} INFO - [2026-05-14T15:22:10.843+0000] {dag.py:3096} INFO - Sync 1 DAGs
[2026-05-14T15:22:10.924+0000] {logging_mixin.py:188} INFO - [2026-05-14T15:22:10.923+0000] {dag.py:3954} INFO - Setting next_dagrun for produce_json to 2026-05-14 13:00:00+00:00, run_after=2026-05-15 13:00:00+00:00
[2026-05-14T15:22:11.004+0000] {processor.py:183} INFO - Processing /opt/airflow/dags/main.py took 0.444 seconds
[2026-05-14T15:22:41.386+0000] {processor.py:161} INFO - Started process (PID=2358) to work on /opt/airflow/dags/main.py
[2026-05-14T15:22:41.389+0000] {processor.py:830} INFO - Processing file /opt/airflow/dags/main.py for tasks to queue
[2026-05-14T15:22:41.394+0000] {logging_mixin.py:188} INFO - [2026-05-14T15:22:41.393+0000] {dagbag.py:545} INFO - Filling up the DagBag from /opt/airflow/dags/main.py
[2026-05-14T15:22:41.493+0000] {processor.py:840} INFO - DAG(s) 'produce_json' retrieved from /opt/airflow/dags/main.py
[2026-05-14T15:22:41.529+0000] {logging_mixin.py:188} INFO - [2026-05-14T15:22:41.529+0000] {dag.py:3096} INFO - Sync 1 DAGs
[2026-05-14T15:22:41.572+0000] {logging_mixin.py:188} INFO - [2026-05-14T15:22:41.572+0000] {dag.py:3954} INFO - Setting next_dagrun for produce_json to 2026-05-14 13:00:00+00:00, run_after=2026-05-15 13:00:00+00:00
[2026-05-14T15:22:41.640+0000] {processor.py:183} INFO - Processing /opt/airflow/dags/main.py took 0.265 seconds
[2026-05-14T15:23:12.064+0000] {processor.py:161} INFO - Started process (PID=2365) to work on /opt/airflow/dags/main.py
[2026-05-14T15:23:12.069+0000] {processor.py:830} INFO - Processing file /opt/airflow/dags/main.py for tasks to queue
[2026-05-14T15:23:12.075+0000] {logging_mixin.py:188} INFO - [2026-05-14T15:23:12.074+0000] {dagbag.py:545} INFO - Filling up the DagBag from /opt/airflow/dags/main.py
[2026-05-14T15:23:12.292+0000] {processor.py:840} INFO - DAG(s) 'produce_json' retrieved from /opt/airflow/dags/main.py
[2026-05-14T15:23:12.335+0000] {logging_mixin.py:188} INFO - [2026-05-14T15:23:12.334+0000] {dag.py:3096} INFO - Sync 1 DAGs
[2026-05-14T15:23:12.412+0000] {logging_mixin.py:188} INFO - [2026-05-14T15:23:12.412+0000] {dag.py:3954} INFO - Setting next_dagrun for produce_json to 2026-05-14 13:00:00+00:00, run_after=2026-05-15 13:00:00+00:00
[2026-05-14T15:23:12.512+0000] {processor.py:183} INFO - Processing /opt/airflow/dags/main.py took 0.474 seconds
[2026-05-14T15:23:43.157+0000] {processor.py:161} INFO - Started process (PID=2373) to work on /opt/airflow/dags/main.py
[2026-05-14T15:23:43.161+0000] {processor.py:830} INFO - Processing file /opt/airflow/dags/main.py for tasks to queue
[2026-05-14T15:23:43.166+0000] {logging_mixin.py:188} INFO - [2026-05-14T15:23:43.165+0000] {dagbag.py:545} INFO - Filling up the DagBag from /opt/airflow/dags/main.py
[2026-05-14T15:23:43.300+0000] {processor.py:840} INFO - DAG(s) 'produce_json' retrieved from /opt/airflow/dags/main.py
[2026-05-14T15:23:43.358+0000] {logging_mixin.py:188} INFO - [2026-05-14T15:23:43.358+0000] {dag.py:3096} INFO - Sync 1 DAGs
[2026-05-14T15:23:43.402+0000] {logging_mixin.py:188} INFO - [2026-05-14T15:23:43.402+0000] {dag.py:3954} INFO - Setting next_dagrun for produce_json to 2026-05-14 13:00:00+00:00, run_after=2026-05-15 13:00:00+00:00
[2026-05-14T15:23:43.471+0000] {processor.py:183} INFO - Processing /opt/airflow/dags/main.py took 0.344 seconds
[2026-05-14T15:24:13.697+0000] {processor.py:161} INFO - Started process (PID=2380) to work on /opt/airflow/dags/main.py
[2026-05-14T15:24:13.699+0000] {processor.py:830} INFO - Processing file /opt/airflow/dags/main.py for tasks to queue
[2026-05-14T15:24:13.701+0000] {logging_mixin.py:188} INFO - [2026-05-14T15:24:13.701+0000] {dagbag.py:545} INFO - Filling up the DagBag from /opt/airflow/dags/main.py
[2026-05-14T15:24:13.774+0000] {processor.py:840} INFO - DAG(s) 'produce_json' retrieved from /opt/airflow/dags/main.py
[2026-05-14T15:24:13.808+0000] {logging_mixin.py:188} INFO - [2026-05-14T15:24:13.807+0000] {dag.py:3096} INFO - Sync 1 DAGs
[2026-05-14T15:24:13.840+0000] {logging_mixin.py:188} INFO - [2026-05-14T15:24:13.839+0000] {dag.py:3954} INFO - Setting next_dagrun for produce_json to 2026-05-14 13:00:00+00:00, run_after=2026-05-15 13:00:00+00:00
[2026-05-14T15:24:13.914+0000] {processor.py:183} INFO - Processing /opt/airflow/dags/main.py took 0.226 seconds
[2026-05-14T15:24:44.251+0000] {processor.py:161} INFO - Started process (PID=2387) to work on /opt/airflow/dags/main.py
[2026-05-14T15:24:44.254+0000] {processor.py:830} INFO - Processing file /opt/airflow/dags/main.py for tasks to queue
[2026-05-14T15:24:44.258+0000] {logging_mixin.py:188} INFO - [2026-05-14T15:24:44.257+0000] {dagbag.py:545} INFO - Filling up the DagBag from /opt/airflow/dags/main.py
[2026-05-14T15:24:44.345+0000] {processor.py:840} INFO - DAG(s) 'produce_json' retrieved from /opt/airflow/dags/main.py
[2026-05-14T15:24:44.379+0000] {logging_mixin.py:188} INFO - [2026-05-14T15:24:44.379+0000] {dag.py:3096} INFO - Sync 1 DAGs
[2026-05-14T15:24:44.411+0000] {logging_mixin.py:188} INFO - [2026-05-14T15:24:44.411+0000] {dag.py:3954} INFO - Setting next_dagrun for produce_json to 2026-05-14 13:00:00+00:00, run_after=2026-05-15 13:00:00+00:00
[2026-05-14T15:24:44.494+0000] {processor.py:183} INFO - Processing /opt/airflow/dags/main.py took 0.256 seconds
[2026-05-14T15:25:14.851+0000] {processor.py:161} INFO - Started process (PID=2394) to work on /opt/airflow/dags/main.py
[2026-05-14T15:25:14.853+0000] {processor.py:830} INFO - Processing file /opt/airflow/dags/main.py for tasks to queue
[2026-05-14T15:25:14.856+0000] {logging_mixin.py:188} INFO - [2026-05-14T15:25:14.856+0000] {dagbag.py:545} INFO - Filling up the DagBag from /opt/airflow/dags/main.py
[2026-05-14T15:25:14.987+0000] {processor.py:840} INFO - DAG(s) 'produce_json' retrieved from /opt/airflow/dags/main.py
[2026-05-14T15:25:15.025+0000] {logging_mixin.py:188} INFO - [2026-05-14T15:25:15.025+0000] {dag.py:3096} INFO - Sync 1 DAGs
[2026-05-14T15:25:15.064+0000] {logging_mixin.py:188} INFO - [2026-05-14T15:25:15.064+0000] {dag.py:3954} INFO - Setting next_dagrun for produce_json to 2026-05-14 13:00:00+00:00, run_after=2026-05-15 13:00:00+00:00
[2026-05-14T15:25:15.158+0000] {processor.py:183} INFO - Processing /opt/airflow/dags/main.py took 0.317 seconds
[2026-05-14T15:25:45.590+0000] {processor.py:161} INFO - Started process (PID=2402) to work on /opt/airflow/dags/main.py
[2026-05-14T15:25:45.592+0000] {processor.py:830} INFO - Processing file /opt/airflow/dags/main.py for tasks to queue
[2026-05-14T15:25:45.595+0000] {logging_mixin.py:188} INFO - [2026-05-14T15:25:45.595+0000] {dagbag.py:545} INFO - Filling up the DagBag from /opt/airflow/dags/main.py
[2026-05-14T15:25:45.692+0000] {processor.py:840} INFO - DAG(s) 'produce_json' retrieved from /opt/airflow/dags/main.py
[2026-05-14T15:25:45.723+0000] {logging_mixin.py:188} INFO - [2026-05-14T15:25:45.722+0000] {dag.py:3096} INFO - Sync 1 DAGs
[2026-05-14T15:25:45.760+0000] {logging_mixin.py:188} INFO - [2026-05-14T15:25:45.759+0000] {dag.py:3954} INFO - Setting next_dagrun for produce_json to 2026-05-14 13:00:00+00:00, run_after=2026-05-15 13:00:00+00:00
[2026-05-14T15:25:45.834+0000] {processor.py:183} INFO - Processing /opt/airflow/dags/main.py took 0.258 seconds
[2026-05-14T15:26:16.199+0000] {processor.py:161} INFO - Started process (PID=2408) to work on /opt/airflow/dags/main.py
[2026-05-14T15:26:16.201+0000] {processor.py:830} INFO - Processing file /opt/airflow/dags/main.py for tasks to queue
[2026-05-14T15:26:16.205+0000] {logging_mixin.py:188} INFO - [2026-05-14T15:26:16.205+0000] {dagbag.py:545} INFO - Filling up the DagBag from /opt/airflow/dags/main.py
[2026-05-14T15:26:16.298+0000] {processor.py:840} INFO - DAG(s) 'produce_json' retrieved from /opt/airflow/dags/main.py
[2026-05-14T15:26:16.329+0000] {logging_mixin.py:188} INFO - [2026-05-14T15:26:16.328+0000] {dag.py:3096} INFO - Sync 1 DAGs
[2026-05-14T15:26:16.358+0000] {logging_mixin.py:188} INFO - [2026-05-14T15:26:16.357+0000] {dag.py:3954} INFO - Setting next_dagrun for produce_json to 2026-05-14 13:00:00+00:00, run_after=2026-05-15 13:00:00+00:00
[2026-05-14T15:26:16.389+0000] {processor.py:183} INFO - Processing /opt/airflow/dags/main.py took 0.198 seconds
[2026-05-14T15:26:46.509+0000] {processor.py:161} INFO - Started process (PID=2415) to work on /opt/airflow/dags/main.py
[2026-05-14T15:26:46.512+0000] {processor.py:830} INFO - Processing file /opt/airflow/dags/main.py for tasks to queue
[2026-05-14T15:26:46.515+0000] {logging_mixin.py:188} INFO - [2026-05-14T15:26:46.514+0000] {dagbag.py:545} INFO - Filling up the DagBag from /opt/airflow/dags/main.py
[2026-05-14T15:26:46.590+0000] {processor.py:840} INFO - DAG(s) 'produce_json' retrieved from /opt/airflow/dags/main.py
[2026-05-14T15:26:46.618+0000] {logging_mixin.py:188} INFO - [2026-05-14T15:26:46.618+0000] {dag.py:3096} INFO - Sync 1 DAGs
[2026-05-14T15:26:46.646+0000] {logging_mixin.py:188} INFO - [2026-05-14T15:26:46.646+0000] {dag.py:3954} INFO - Setting next_dagrun for produce_json to 2026-05-14 13:00:00+00:00, run_after=2026-05-15 13:00:00+00:00
[2026-05-14T15:26:46.716+0000] {processor.py:183} INFO - Processing /opt/airflow/dags/main.py took 0.214 seconds
[2026-05-14T15:27:17.059+0000] {processor.py:161} INFO - Started process (PID=2422) to work on /opt/airflow/dags/main.py
[2026-05-14T15:27:17.060+0000] {processor.py:830} INFO - Processing file /opt/airflow/dags/main.py for tasks to queue
[2026-05-14T15:27:17.063+0000] {logging_mixin.py:188} INFO - [2026-05-14T15:27:17.063+0000] {dagbag.py:545} INFO - Filling up the DagBag from /opt/airflow/dags/main.py
[2026-05-14T15:27:17.132+0000] {processor.py:840} INFO - DAG(s) 'produce_json' retrieved from /opt/airflow/dags/main.py
[2026-05-14T15:27:17.160+0000] {logging_mixin.py:188} INFO - [2026-05-14T15:27:17.159+0000] {dag.py:3096} INFO - Sync 1 DAGs
[2026-05-14T15:27:17.187+0000] {logging_mixin.py:188} INFO - [2026-05-14T15:27:17.187+0000] {dag.py:3954} INFO - Setting next_dagrun for produce_json to 2026-05-14 13:00:00+00:00, run_after=2026-05-15 13:00:00+00:00
[2026-05-14T15:27:17.248+0000] {processor.py:183} INFO - Processing /opt/airflow/dags/main.py took 0.197 seconds
[2026-05-14T15:27:47.545+0000] {processor.py:161} INFO - Started process (PID=2429) to work on /opt/airflow/dags/main.py
[2026-05-14T15:27:47.549+0000] {processor.py:830} INFO - Processing file /opt/airflow/dags/main.py for tasks to queue
[2026-05-14T15:27:47.557+0000] {logging_mixin.py:188} INFO - [2026-05-14T15:27:47.556+0000] {dagbag.py:545} INFO - Filling up the DagBag from /opt/airflow/dags/main.py
[2026-05-14T15:27:47.785+0000] {processor.py:840} INFO - DAG(s) 'produce_json' retrieved from /opt/airflow/dags/main.py
[2026-05-14T15:27:47.841+0000] {logging_mixin.py:188} INFO - [2026-05-14T15:27:47.840+0000] {dag.py:3096} INFO - Sync 1 DAGs
[2026-05-14T15:27:47.960+0000] {logging_mixin.py:188} INFO - [2026-05-14T15:27:47.957+0000] {dag.py:3954} INFO - Setting next_dagrun for produce_json to 2026-05-14 13:00:00+00:00, run_after=2026-05-15 13:00:00+00:00
[2026-05-14T15:27:48.077+0000] {processor.py:183} INFO - Processing /opt/airflow/dags/main.py took 0.557 seconds
[2026-05-14T15:28:18.551+0000] {processor.py:161} INFO - Started process (PID=2436) to work on /opt/airflow/dags/main.py
[2026-05-14T15:28:18.556+0000] {processor.py:830} INFO - Processing file /opt/airflow/dags/main.py for tasks to queue
[2026-05-14T15:28:18.565+0000] {logging_mixin.py:188} INFO - [2026-05-14T15:28:18.563+0000] {dagbag.py:545} INFO - Filling up the DagBag from /opt/airflow/dags/main.py
[2026-05-14T15:28:18.794+0000] {processor.py:840} INFO - DAG(s) 'produce_json' retrieved from /opt/airflow/dags/main.py
[2026-05-14T15:28:18.869+0000] {logging_mixin.py:188} INFO - [2026-05-14T15:28:18.868+0000] {dag.py:3096} INFO - Sync 1 DAGs
[2026-05-14T15:28:18.939+0000] {logging_mixin.py:188} INFO - [2026-05-14T15:28:18.938+0000] {dag.py:3954} INFO - Setting next_dagrun for produce_json to 2026-05-14 13:00:00+00:00, run_after=2026-05-15 13:00:00+00:00
[2026-05-14T15:28:18.988+0000] {processor.py:183} INFO - Processing /opt/airflow/dags/main.py took 0.465 seconds
[2026-05-14T15:28:49.598+0000] {processor.py:161} INFO - Started process (PID=2443) to work on /opt/airflow/dags/main.py
[2026-05-14T15:28:49.599+0000] {processor.py:830} INFO - Processing file /opt/airflow/dags/main.py for tasks to queue
[2026-05-14T15:28:49.602+0000] {logging_mixin.py:188} INFO - [2026-05-14T15:28:49.602+0000] {dagbag.py:545} INFO - Filling up the DagBag from /opt/airflow/dags/main.py
[2026-05-14T15:28:49.671+0000] {processor.py:840} INFO - DAG(s) 'produce_json' retrieved from /opt/airflow/dags/main.py
[2026-05-14T15:28:49.700+0000] {logging_mixin.py:188} INFO - [2026-05-14T15:28:49.699+0000] {dag.py:3096} INFO - Sync 1 DAGs
[2026-05-14T15:28:49.729+0000] {logging_mixin.py:188} INFO - [2026-05-14T15:28:49.729+0000] {dag.py:3954} INFO - Setting next_dagrun for produce_json to 2026-05-14 13:00:00+00:00, run_after=2026-05-15 13:00:00+00:00
[2026-05-14T15:28:49.803+0000] {processor.py:183} INFO - Processing /opt/airflow/dags/main.py took 0.215 seconds
[2026-05-14T15:29:19.935+0000] {processor.py:161} INFO - Started process (PID=2450) to work on /opt/airflow/dags/main.py
[2026-05-14T15:29:19.938+0000] {processor.py:830} INFO - Processing file /opt/airflow/dags/main.py for tasks to queue
[2026-05-14T15:29:19.942+0000] {logging_mixin.py:188} INFO - [2026-05-14T15:29:19.941+0000] {dagbag.py:545} INFO - Filling up the DagBag from /opt/airflow/dags/main.py
[2026-05-14T15:29:20.051+0000] {processor.py:840} INFO - DAG(s) 'produce_json' retrieved from /opt/airflow/dags/main.py
[2026-05-14T15:29:20.093+0000] {logging_mixin.py:188} INFO - [2026-05-14T15:29:20.092+0000] {dag.py:3096} INFO - Sync 1 DAGs
[2026-05-14T15:29:20.132+0000] {logging_mixin.py:188} INFO - [2026-05-14T15:29:20.132+0000] {dag.py:3954} INFO - Setting next_dagrun for produce_json to 2026-05-14 13:00:00+00:00, run_after=2026-05-15 13:00:00+00:00
[2026-05-14T15:29:20.167+0000] {processor.py:183} INFO - Processing /opt/airflow/dags/main.py took 0.249 seconds
[2026-05-14T15:29:50.525+0000] {processor.py:161} INFO - Started process (PID=2457) to work on /opt/airflow/dags/main.py
[2026-05-14T15:29:50.528+0000] {processor.py:830} INFO - Processing file /opt/airflow/dags/main.py for tasks to queue
[2026-05-14T15:29:50.531+0000] {logging_mixin.py:188} INFO - [2026-05-14T15:29:50.531+0000] {dagbag.py:545} INFO - Filling up the DagBag from /opt/airflow/dags/main.py
[2026-05-14T15:29:50.728+0000] {processor.py:840} INFO - DAG(s) 'produce_json' retrieved from /opt/airflow/dags/main.py
[2026-05-14T15:29:50.801+0000] {logging_mixin.py:188} INFO - [2026-05-14T15:29:50.800+0000] {dag.py:3096} INFO - Sync 1 DAGs
[2026-05-14T15:29:50.895+0000] {logging_mixin.py:188} INFO - [2026-05-14T15:29:50.894+0000] {dag.py:3954} INFO - Setting next_dagrun for produce_json to 2026-05-14 13:00:00+00:00, run_after=2026-05-15 13:00:00+00:00
[2026-05-14T15:29:50.989+0000] {processor.py:183} INFO - Processing /opt/airflow/dags/main.py took 0.478 seconds
[2026-05-14T15:30:21.391+0000] {processor.py:161} INFO - Started process (PID=2464) to work on /opt/airflow/dags/main.py
[2026-05-14T15:30:21.393+0000] {processor.py:830} INFO - Processing file /opt/airflow/dags/main.py for tasks to queue
[2026-05-14T15:30:21.397+0000] {logging_mixin.py:188} INFO - [2026-05-14T15:30:21.397+0000] {dagbag.py:545} INFO - Filling up the DagBag from /opt/airflow/dags/main.py
[2026-05-14T15:30:21.500+0000] {processor.py:840} INFO - DAG(s) 'produce_json' retrieved from /opt/airflow/dags/main.py
[2026-05-14T15:30:21.536+0000] {logging_mixin.py:188} INFO - [2026-05-14T15:30:21.535+0000] {dag.py:3096} INFO - Sync 1 DAGs
[2026-05-14T15:30:21.576+0000] {logging_mixin.py:188} INFO - [2026-05-14T15:30:21.576+0000] {dag.py:3954} INFO - Setting next_dagrun for produce_json to 2026-05-14 13:00:00+00:00, run_after=2026-05-15 13:00:00+00:00
[2026-05-14T15:30:21.621+0000] {processor.py:183} INFO - Processing /opt/airflow/dags/main.py took 0.239 seconds
[2026-05-14T15:30:51.726+0000] {processor.py:161} INFO - Started process (PID=2471) to work on /opt/airflow/dags/main.py
[2026-05-14T15:30:51.728+0000] {processor.py:830} INFO - Processing file /opt/airflow/dags/main.py for tasks to queue
[2026-05-14T15:30:51.733+0000] {logging_mixin.py:188} INFO - [2026-05-14T15:30:51.733+0000] {dagbag.py:545} INFO - Filling up the DagBag from /opt/airflow/dags/main.py
[2026-05-14T15:30:51.848+0000] {processor.py:840} INFO - DAG(s) 'produce_json' retrieved from /opt/airflow/dags/main.py
[2026-05-14T15:30:51.901+0000] {logging_mixin.py:188} INFO - [2026-05-14T15:30:51.901+0000] {dag.py:3096} INFO - Sync 1 DAGs
[2026-05-14T15:30:51.938+0000] {logging_mixin.py:188} INFO - [2026-05-14T15:30:51.937+0000] {dag.py:3954} INFO - Setting next_dagrun for produce_json to 2026-05-14 13:00:00+00:00, run_after=2026-05-15 13:00:00+00:00
[2026-05-14T15:30:51.969+0000] {processor.py:183} INFO - Processing /opt/airflow/dags/main.py took 0.256 seconds
[2026-05-14T15:31:22.295+0000] {processor.py:161} INFO - Started process (PID=2478) to work on /opt/airflow/dags/main.py
[2026-05-14T15:31:22.297+0000] {processor.py:830} INFO - Processing file /opt/airflow/dags/main.py for tasks to queue
[2026-05-14T15:31:22.299+0000] {logging_mixin.py:188} INFO - [2026-05-14T15:31:22.299+0000] {dagbag.py:545} INFO - Filling up the DagBag from /opt/airflow/dags/main.py
[2026-05-14T15:31:22.369+0000] {processor.py:840} INFO - DAG(s) 'produce_json' retrieved from /opt/airflow/dags/main.py
[2026-05-14T15:31:22.400+0000] {logging_mixin.py:188} INFO - [2026-05-14T15:31:22.400+0000] {dag.py:3096} INFO - Sync 1 DAGs
[2026-05-14T15:31:22.429+0000] {logging_mixin.py:188} INFO - [2026-05-14T15:31:22.428+0000] {dag.py:3954} INFO - Setting next_dagrun for produce_json to 2026-05-14 13:00:00+00:00, run_after=2026-05-15 13:00:00+00:00
[2026-05-14T15:31:22.518+0000] {processor.py:183} INFO - Processing /opt/airflow/dags/main.py took 0.228 seconds
[2026-05-14T15:31:52.618+0000] {processor.py:161} INFO - Started process (PID=2486) to work on /opt/airflow/dags/main.py
[2026-05-14T15:31:52.620+0000] {processor.py:830} INFO - Processing file /opt/airflow/dags/main.py for tasks to queue
[2026-05-14T15:31:52.623+0000] {logging_mixin.py:188} INFO - [2026-05-14T15:31:52.623+0000] {dagbag.py:545} INFO - Filling up the DagBag from /opt/airflow/dags/main.py
[2026-05-14T15:31:52.754+0000] {processor.py:840} INFO - DAG(s) 'produce_json' retrieved from /opt/airflow/dags/main.py
[2026-05-14T15:31:52.794+0000] {logging_mixin.py:188} INFO - [2026-05-14T15:31:52.793+0000] {dag.py:3096} INFO - Sync 1 DAGs
[2026-05-14T15:31:52.833+0000] {logging_mixin.py:188} INFO - [2026-05-14T15:31:52.833+0000] {dag.py:3954} INFO - Setting next_dagrun for produce_json to 2026-05-14 13:00:00+00:00, run_after=2026-05-15 13:00:00+00:00
[2026-05-14T15:31:52.859+0000] {processor.py:183} INFO - Processing /opt/airflow/dags/main.py took 0.249 seconds
[2026-05-14T15:32:23.262+0000] {processor.py:161} INFO - Started process (PID=2493) to work on /opt/airflow/dags/main.py
[2026-05-14T15:32:23.267+0000] {processor.py:830} INFO - Processing file /opt/airflow/dags/main.py for tasks to queue
[2026-05-14T15:32:23.278+0000] {logging_mixin.py:188} INFO - [2026-05-14T15:32:23.277+0000] {dagbag.py:545} INFO - Filling up the DagBag from /opt/airflow/dags/main.py
[2026-05-14T15:32:23.416+0000] {processor.py:840} INFO - DAG(s) 'produce_json' retrieved from /opt/airflow/dags/main.py
[2026-05-14T15:32:23.455+0000] {logging_mixin.py:188} INFO - [2026-05-14T15:32:23.454+0000] {dag.py:3096} INFO - Sync 1 DAGs
[2026-05-14T15:32:23.488+0000] {logging_mixin.py:188} INFO - [2026-05-14T15:32:23.488+0000] {dag.py:3954} INFO - Setting next_dagrun for produce_json to 2026-05-14 13:00:00+00:00, run_after=2026-05-15 13:00:00+00:00
[2026-05-14T15:32:23.574+0000] {processor.py:183} INFO - Processing /opt/airflow/dags/main.py took 0.334 seconds
[2026-05-14T15:32:53.945+0000] {processor.py:161} INFO - Started process (PID=2500) to work on /opt/airflow/dags/main.py
[2026-05-14T15:32:53.947+0000] {processor.py:830} INFO - Processing file /opt/airflow/dags/main.py for tasks to queue
[2026-05-14T15:32:53.953+0000] {logging_mixin.py:188} INFO - [2026-05-14T15:32:53.953+0000] {dagbag.py:545} INFO - Filling up the DagBag from /opt/airflow/dags/main.py
[2026-05-14T15:32:54.047+0000] {processor.py:840} INFO - DAG(s) 'produce_json' retrieved from /opt/airflow/dags/main.py
[2026-05-14T15:32:54.087+0000] {logging_mixin.py:188} INFO - [2026-05-14T15:32:54.087+0000] {dag.py:3096} INFO - Sync 1 DAGs
[2026-05-14T15:32:54.123+0000] {logging_mixin.py:188} INFO - [2026-05-14T15:32:54.123+0000] {dag.py:3954} INFO - Setting next_dagrun for produce_json to 2026-05-14 13:00:00+00:00, run_after=2026-05-15 13:00:00+00:00
[2026-05-14T15:32:54.159+0000] {processor.py:183} INFO - Processing /opt/airflow/dags/main.py took 0.222 seconds
[2026-05-14T16:09:35.753+0000] {processor.py:161} INFO - Started process (PID=2507) to work on /opt/airflow/dags/main.py
[2026-05-14T16:09:35.759+0000] {processor.py:830} INFO - Processing file /opt/airflow/dags/main.py for tasks to queue
[2026-05-14T16:09:35.776+0000] {logging_mixin.py:188} INFO - [2026-05-14T16:09:35.774+0000] {dagbag.py:545} INFO - Filling up the DagBag from /opt/airflow/dags/main.py
[2026-05-14T16:09:36.450+0000] {processor.py:840} INFO - DAG(s) 'produce_json' retrieved from /opt/airflow/dags/main.py
[2026-05-14T16:09:36.596+0000] {logging_mixin.py:188} INFO - [2026-05-14T16:09:36.596+0000] {dag.py:3096} INFO - Sync 1 DAGs
[2026-05-14T16:09:36.785+0000] {logging_mixin.py:188} INFO - [2026-05-14T16:09:36.784+0000] {dag.py:3954} INFO - Setting next_dagrun for produce_json to 2026-05-14 13:00:00+00:00, run_after=2026-05-15 13:00:00+00:00
[2026-05-14T16:09:36.931+0000] {processor.py:183} INFO - Processing /opt/airflow/dags/main.py took 1.214 seconds
[2026-05-14T16:10:07.675+0000] {processor.py:161} INFO - Started process (PID=2520) to work on /opt/airflow/dags/main.py
[2026-05-14T16:10:07.709+0000] {processor.py:830} INFO - Processing file /opt/airflow/dags/main.py for tasks to queue
[2026-05-14T16:10:07.723+0000] {logging_mixin.py:188} INFO - [2026-05-14T16:10:07.722+0000] {dagbag.py:545} INFO - Filling up the DagBag from /opt/airflow/dags/main.py
[2026-05-14T16:10:07.998+0000] {processor.py:840} INFO - DAG(s) 'produce_json' retrieved from /opt/airflow/dags/main.py
[2026-05-14T16:10:08.180+0000] {logging_mixin.py:188} INFO - [2026-05-14T16:10:08.179+0000] {dag.py:3096} INFO - Sync 1 DAGs
[2026-05-14T16:10:08.270+0000] {logging_mixin.py:188} INFO - [2026-05-14T16:10:08.269+0000] {dag.py:3954} INFO - Setting next_dagrun for produce_json to 2026-05-14 13:00:00+00:00, run_after=2026-05-15 13:00:00+00:00
[2026-05-14T16:10:08.339+0000] {processor.py:183} INFO - Processing /opt/airflow/dags/main.py took 0.688 seconds
[2026-05-14T16:10:38.921+0000] {processor.py:161} INFO - Started process (PID=2527) to work on /opt/airflow/dags/main.py
[2026-05-14T16:10:38.922+0000] {processor.py:830} INFO - Processing file /opt/airflow/dags/main.py for tasks to queue
[2026-05-14T16:10:38.927+0000] {logging_mixin.py:188} INFO - [2026-05-14T16:10:38.926+0000] {dagbag.py:545} INFO - Filling up the DagBag from /opt/airflow/dags/main.py
[2026-05-14T16:10:39.008+0000] {processor.py:840} INFO - DAG(s) 'produce_json' retrieved from /opt/airflow/dags/main.py
[2026-05-14T16:10:39.040+0000] {logging_mixin.py:188} INFO - [2026-05-14T16:10:39.040+0000] {dag.py:3096} INFO - Sync 1 DAGs
[2026-05-14T16:10:39.066+0000] {logging_mixin.py:188} INFO - [2026-05-14T16:10:39.066+0000] {dag.py:3954} INFO - Setting next_dagrun for produce_json to 2026-05-14 13:00:00+00:00, run_after=2026-05-15 13:00:00+00:00
[2026-05-14T16:10:39.094+0000] {processor.py:183} INFO - Processing /opt/airflow/dags/main.py took 0.184 seconds
[2026-05-14T16:11:09.221+0000] {processor.py:161} INFO - Started process (PID=2533) to work on /opt/airflow/dags/main.py
[2026-05-14T16:11:09.223+0000] {processor.py:830} INFO - Processing file /opt/airflow/dags/main.py for tasks to queue
[2026-05-14T16:11:09.226+0000] {logging_mixin.py:188} INFO - [2026-05-14T16:11:09.226+0000] {dagbag.py:545} INFO - Filling up the DagBag from /opt/airflow/dags/main.py
[2026-05-14T16:11:09.354+0000] {processor.py:840} INFO - DAG(s) 'produce_json' retrieved from /opt/airflow/dags/main.py
[2026-05-14T16:11:09.393+0000] {logging_mixin.py:188} INFO - [2026-05-14T16:11:09.393+0000] {dag.py:3096} INFO - Sync 1 DAGs
[2026-05-14T16:11:09.425+0000] {logging_mixin.py:188} INFO - [2026-05-14T16:11:09.425+0000] {dag.py:3954} INFO - Setting next_dagrun for produce_json to 2026-05-14 13:00:00+00:00, run_after=2026-05-15 13:00:00+00:00
[2026-05-14T16:11:09.453+0000] {processor.py:183} INFO - Processing /opt/airflow/dags/main.py took 0.242 seconds
[2026-05-14T16:11:39.693+0000] {processor.py:161} INFO - Started process (PID=2540) to work on /opt/airflow/dags/main.py
[2026-05-14T16:11:39.696+0000] {processor.py:830} INFO - Processing file /opt/airflow/dags/main.py for tasks to queue
[2026-05-14T16:11:39.701+0000] {logging_mixin.py:188} INFO - [2026-05-14T16:11:39.700+0000] {dagbag.py:545} INFO - Filling up the DagBag from /opt/airflow/dags/main.py
[2026-05-14T16:11:39.792+0000] {processor.py:840} INFO - DAG(s) 'produce_json' retrieved from /opt/airflow/dags/main.py
[2026-05-14T16:11:39.828+0000] {logging_mixin.py:188} INFO - [2026-05-14T16:11:39.827+0000] {dag.py:3096} INFO - Sync 1 DAGs
[2026-05-14T16:11:39.888+0000] {logging_mixin.py:188} INFO - [2026-05-14T16:11:39.888+0000] {dag.py:3954} INFO - Setting next_dagrun for produce_json to 2026-05-14 13:00:00+00:00, run_after=2026-05-15 13:00:00+00:00
[2026-05-14T16:11:39.984+0000] {processor.py:183} INFO - Processing /opt/airflow/dags/main.py took 0.299 seconds
[2026-05-14T16:12:10.122+0000] {processor.py:161} INFO - Started process (PID=2547) to work on /opt/airflow/dags/main.py
[2026-05-14T16:12:10.125+0000] {processor.py:830} INFO - Processing file /opt/airflow/dags/main.py for tasks to queue
[2026-05-14T16:12:10.129+0000] {logging_mixin.py:188} INFO - [2026-05-14T16:12:10.129+0000] {dagbag.py:545} INFO - Filling up the DagBag from /opt/airflow/dags/main.py
[2026-05-14T16:12:10.240+0000] {processor.py:840} INFO - DAG(s) 'produce_json' retrieved from /opt/airflow/dags/main.py
[2026-05-14T16:12:10.274+0000] {logging_mixin.py:188} INFO - [2026-05-14T16:12:10.274+0000] {dag.py:3096} INFO - Sync 1 DAGs
[2026-05-14T16:12:10.307+0000] {logging_mixin.py:188} INFO - [2026-05-14T16:12:10.306+0000] {dag.py:3954} INFO - Setting next_dagrun for produce_json to 2026-05-14 13:00:00+00:00, run_after=2026-05-15 13:00:00+00:00
[2026-05-14T16:12:10.370+0000] {processor.py:183} INFO - Processing /opt/airflow/dags/main.py took 0.260 seconds
[2026-05-14T16:12:40.688+0000] {processor.py:161} INFO - Started process (PID=2554) to work on /opt/airflow/dags/main.py
[2026-05-14T16:12:40.690+0000] {processor.py:830} INFO - Processing file /opt/airflow/dags/main.py for tasks to queue
[2026-05-14T16:12:40.697+0000] {logging_mixin.py:188} INFO - [2026-05-14T16:12:40.696+0000] {dagbag.py:545} INFO - Filling up the DagBag from /opt/airflow/dags/main.py
[2026-05-14T16:12:40.785+0000] {processor.py:840} INFO - DAG(s) 'produce_json' retrieved from /opt/airflow/dags/main.py
[2026-05-14T16:12:40.818+0000] {logging_mixin.py:188} INFO - [2026-05-14T16:12:40.818+0000] {dag.py:3096} INFO - Sync 1 DAGs
[2026-05-14T16:12:40.851+0000] {logging_mixin.py:188} INFO - [2026-05-14T16:12:40.851+0000] {dag.py:3954} INFO - Setting next_dagrun for produce_json to 2026-05-14 13:00:00+00:00, run_after=2026-05-15 13:00:00+00:00
[2026-05-14T16:12:40.922+0000] {processor.py:183} INFO - Processing /opt/airflow/dags/main.py took 0.244 seconds
[2026-05-14T16:13:11.244+0000] {processor.py:161} INFO - Started process (PID=2561) to work on /opt/airflow/dags/main.py
[2026-05-14T16:13:11.246+0000] {processor.py:830} INFO - Processing file /opt/airflow/dags/main.py for tasks to queue
[2026-05-14T16:13:11.251+0000] {logging_mixin.py:188} INFO - [2026-05-14T16:13:11.250+0000] {dagbag.py:545} INFO - Filling up the DagBag from /opt/airflow/dags/main.py
[2026-05-14T16:13:11.500+0000] {processor.py:840} INFO - DAG(s) 'produce_json' retrieved from /opt/airflow/dags/main.py
[2026-05-14T16:13:11.565+0000] {logging_mixin.py:188} INFO - [2026-05-14T16:13:11.564+0000] {dag.py:3096} INFO - Sync 1 DAGs
[2026-05-14T16:13:11.617+0000] {logging_mixin.py:188} INFO - [2026-05-14T16:13:11.617+0000] {dag.py:3954} INFO - Setting next_dagrun for produce_json to 2026-05-14 13:00:00+00:00, run_after=2026-05-15 13:00:00+00:00
[2026-05-14T16:13:11.704+0000] {processor.py:183} INFO - Processing /opt/airflow/dags/main.py took 0.474 seconds
[2026-05-14T16:13:42.068+0000] {processor.py:161} INFO - Started process (PID=2568) to work on /opt/airflow/dags/main.py
[2026-05-14T16:13:42.071+0000] {processor.py:830} INFO - Processing file /opt/airflow/dags/main.py for tasks to queue
[2026-05-14T16:13:42.075+0000] {logging_mixin.py:188} INFO - [2026-05-14T16:13:42.075+0000] {dagbag.py:545} INFO - Filling up the DagBag from /opt/airflow/dags/main.py
[2026-05-14T16:13:42.324+0000] {processor.py:840} INFO - DAG(s) 'produce_json' retrieved from /opt/airflow/dags/main.py
[2026-05-14T16:13:42.373+0000] {logging_mixin.py:188} INFO - [2026-05-14T16:13:42.372+0000] {dag.py:3096} INFO - Sync 1 DAGs
[2026-05-14T16:13:42.425+0000] {logging_mixin.py:188} INFO - [2026-05-14T16:13:42.424+0000] {dag.py:3954} INFO - Setting next_dagrun for produce_json to 2026-05-14 13:00:00+00:00, run_after=2026-05-15 13:00:00+00:00
[2026-05-14T16:13:42.533+0000] {processor.py:183} INFO - Processing /opt/airflow/dags/main.py took 0.487 seconds
[2026-05-14T16:14:13.124+0000] {processor.py:161} INFO - Started process (PID=2575) to work on /opt/airflow/dags/main.py
[2026-05-14T16:14:13.126+0000] {processor.py:830} INFO - Processing file /opt/airflow/dags/main.py for tasks to queue
[2026-05-14T16:14:13.130+0000] {logging_mixin.py:188} INFO - [2026-05-14T16:14:13.129+0000] {dagbag.py:545} INFO - Filling up the DagBag from /opt/airflow/dags/main.py
[2026-05-14T16:14:13.268+0000] {processor.py:840} INFO - DAG(s) 'produce_json' retrieved from /opt/airflow/dags/main.py
[2026-05-14T16:14:13.351+0000] {logging_mixin.py:188} INFO - [2026-05-14T16:14:13.350+0000] {dag.py:3096} INFO - Sync 1 DAGs
[2026-05-14T16:14:13.431+0000] {logging_mixin.py:188} INFO - [2026-05-14T16:14:13.430+0000] {dag.py:3954} INFO - Setting next_dagrun for produce_json to 2026-05-14 13:00:00+00:00, run_after=2026-05-15 13:00:00+00:00
[2026-05-14T16:14:13.520+0000] {processor.py:183} INFO - Processing /opt/airflow/dags/main.py took 0.406 seconds
[2026-05-14T16:14:44.200+0000] {processor.py:161} INFO - Started process (PID=2582) to work on /opt/airflow/dags/main.py
[2026-05-14T16:14:44.202+0000] {processor.py:830} INFO - Processing file /opt/airflow/dags/main.py for tasks to queue
[2026-05-14T16:14:44.205+0000] {logging_mixin.py:188} INFO - [2026-05-14T16:14:44.204+0000] {dagbag.py:545} INFO - Filling up the DagBag from /opt/airflow/dags/main.py
[2026-05-14T16:14:44.358+0000] {processor.py:840} INFO - DAG(s) 'produce_json' retrieved from /opt/airflow/dags/main.py
[2026-05-14T16:14:44.426+0000] {logging_mixin.py:188} INFO - [2026-05-14T16:14:44.425+0000] {dag.py:3096} INFO - Sync 1 DAGs
[2026-05-14T16:14:44.661+0000] {logging_mixin.py:188} INFO - [2026-05-14T16:14:44.660+0000] {dag.py:3954} INFO - Setting next_dagrun for produce_json to 2026-05-14 13:00:00+00:00, run_after=2026-05-15 13:00:00+00:00
[2026-05-14T16:14:44.891+0000] {processor.py:183} INFO - Processing /opt/airflow/dags/main.py took 0.731 seconds
[2026-05-14T16:15:15.432+0000] {processor.py:161} INFO - Started process (PID=2589) to work on /opt/airflow/dags/main.py
[2026-05-14T16:15:15.433+0000] {processor.py:830} INFO - Processing file /opt/airflow/dags/main.py for tasks to queue
[2026-05-14T16:15:15.438+0000] {logging_mixin.py:188} INFO - [2026-05-14T16:15:15.436+0000] {dagbag.py:545} INFO - Filling up the DagBag from /opt/airflow/dags/main.py
[2026-05-14T16:15:15.599+0000] {processor.py:840} INFO - DAG(s) 'produce_json' retrieved from /opt/airflow/dags/main.py
[2026-05-14T16:15:15.686+0000] {logging_mixin.py:188} INFO - [2026-05-14T16:15:15.684+0000] {dag.py:3096} INFO - Sync 1 DAGs
[2026-05-14T16:15:15.767+0000] {logging_mixin.py:188} INFO - [2026-05-14T16:15:15.766+0000] {dag.py:3954} INFO - Setting next_dagrun for produce_json to 2026-05-14 13:00:00+00:00, run_after=2026-05-15 13:00:00+00:00
[2026-05-14T16:15:15.809+0000] {processor.py:183} INFO - Processing /opt/airflow/dags/main.py took 0.386 seconds
[2026-05-14T17:09:51.896+0000] {processor.py:161} INFO - Started process (PID=2596) to work on /opt/airflow/dags/main.py
[2026-05-14T17:09:51.899+0000] {processor.py:830} INFO - Processing file /opt/airflow/dags/main.py for tasks to queue
[2026-05-14T17:09:51.914+0000] {logging_mixin.py:188} INFO - [2026-05-14T17:09:51.913+0000] {dagbag.py:545} INFO - Filling up the DagBag from /opt/airflow/dags/main.py
[2026-05-14T17:09:52.210+0000] {processor.py:840} INFO - DAG(s) 'produce_json' retrieved from /opt/airflow/dags/main.py
[2026-05-14T17:09:52.346+0000] {logging_mixin.py:188} INFO - [2026-05-14T17:09:52.345+0000] {dag.py:3096} INFO - Sync 1 DAGs
[2026-05-14T17:09:52.492+0000] {logging_mixin.py:188} INFO - [2026-05-14T17:09:52.492+0000] {dag.py:3954} INFO - Setting next_dagrun for produce_json to 2026-05-14 13:00:00+00:00, run_after=2026-05-15 13:00:00+00:00
[2026-05-14T17:09:52.656+0000] {processor.py:183} INFO - Processing /opt/airflow/dags/main.py took 0.801 seconds
[2026-05-14T17:10:22.921+0000] {processor.py:161} INFO - Started process (PID=2603) to work on /opt/airflow/dags/main.py
[2026-05-14T17:10:22.922+0000] {processor.py:830} INFO - Processing file /opt/airflow/dags/main.py for tasks to queue
[2026-05-14T17:10:22.925+0000] {logging_mixin.py:188} INFO - [2026-05-14T17:10:22.925+0000] {dagbag.py:545} INFO - Filling up the DagBag from /opt/airflow/dags/main.py
[2026-05-14T17:10:22.987+0000] {processor.py:840} INFO - DAG(s) 'produce_json' retrieved from /opt/airflow/dags/main.py
[2026-05-14T17:10:23.018+0000] {logging_mixin.py:188} INFO - [2026-05-14T17:10:23.017+0000] {dag.py:3096} INFO - Sync 1 DAGs
[2026-05-14T17:10:23.049+0000] {logging_mixin.py:188} INFO - [2026-05-14T17:10:23.049+0000] {dag.py:3954} INFO - Setting next_dagrun for produce_json to 2026-05-14 13:00:00+00:00, run_after=2026-05-15 13:00:00+00:00
[2026-05-14T17:10:23.114+0000] {processor.py:183} INFO - Processing /opt/airflow/dags/main.py took 0.201 seconds
[2026-05-14T17:10:53.233+0000] {processor.py:161} INFO - Started process (PID=2609) to work on /opt/airflow/dags/main.py
[2026-05-14T17:10:53.234+0000] {processor.py:830} INFO - Processing file /opt/airflow/dags/main.py for tasks to queue
[2026-05-14T17:10:53.237+0000] {logging_mixin.py:188} INFO - [2026-05-14T17:10:53.236+0000] {dagbag.py:545} INFO - Filling up the DagBag from /opt/airflow/dags/main.py
[2026-05-14T17:10:53.310+0000] {processor.py:840} INFO - DAG(s) 'produce_json' retrieved from /opt/airflow/dags/main.py
[2026-05-14T17:10:53.336+0000] {logging_mixin.py:188} INFO - [2026-05-14T17:10:53.336+0000] {dag.py:3096} INFO - Sync 1 DAGs
[2026-05-14T17:10:53.366+0000] {logging_mixin.py:188} INFO - [2026-05-14T17:10:53.366+0000] {dag.py:3954} INFO - Setting next_dagrun for produce_json to 2026-05-14 13:00:00+00:00, run_after=2026-05-15 13:00:00+00:00
[2026-05-14T17:10:53.391+0000] {processor.py:183} INFO - Processing /opt/airflow/dags/main.py took 0.167 seconds
[2026-05-14T17:11:23.546+0000] {processor.py:161} INFO - Started process (PID=2616) to work on /opt/airflow/dags/main.py
[2026-05-14T17:11:23.549+0000] {processor.py:830} INFO - Processing file /opt/airflow/dags/main.py for tasks to queue
[2026-05-14T17:11:23.552+0000] {logging_mixin.py:188} INFO - [2026-05-14T17:11:23.552+0000] {dagbag.py:545} INFO - Filling up the DagBag from /opt/airflow/dags/main.py
[2026-05-14T17:11:23.643+0000] {processor.py:840} INFO - DAG(s) 'produce_json' retrieved from /opt/airflow/dags/main.py
[2026-05-14T17:11:23.666+0000] {logging_mixin.py:188} INFO - [2026-05-14T17:11:23.666+0000] {dag.py:3096} INFO - Sync 1 DAGs
[2026-05-14T17:11:23.691+0000] {logging_mixin.py:188} INFO - [2026-05-14T17:11:23.691+0000] {dag.py:3954} INFO - Setting next_dagrun for produce_json to 2026-05-14 13:00:00+00:00, run_after=2026-05-15 13:00:00+00:00
[2026-05-14T17:11:23.763+0000] {processor.py:183} INFO - Processing /opt/airflow/dags/main.py took 0.231 seconds
[2026-05-14T17:11:53.886+0000] {processor.py:161} INFO - Started process (PID=2623) to work on /opt/airflow/dags/main.py
[2026-05-14T17:11:53.888+0000] {processor.py:830} INFO - Processing file /opt/airflow/dags/main.py for tasks to queue
[2026-05-14T17:11:53.893+0000] {logging_mixin.py:188} INFO - [2026-05-14T17:11:53.892+0000] {dagbag.py:545} INFO - Filling up the DagBag from /opt/airflow/dags/main.py
[2026-05-14T17:11:54.019+0000] {processor.py:840} INFO - DAG(s) 'produce_json' retrieved from /opt/airflow/dags/main.py
[2026-05-14T17:11:54.063+0000] {logging_mixin.py:188} INFO - [2026-05-14T17:11:54.063+0000] {dag.py:3096} INFO - Sync 1 DAGs
[2026-05-14T17:11:54.098+0000] {logging_mixin.py:188} INFO - [2026-05-14T17:11:54.098+0000] {dag.py:3954} INFO - Setting next_dagrun for produce_json to 2026-05-14 13:00:00+00:00, run_after=2026-05-15 13:00:00+00:00
[2026-05-14T17:11:54.123+0000] {processor.py:183} INFO - Processing /opt/airflow/dags/main.py took 0.247 seconds
[2026-05-14T17:12:24.365+0000] {processor.py:161} INFO - Started process (PID=2630) to work on /opt/airflow/dags/main.py
[2026-05-14T17:12:24.367+0000] {processor.py:830} INFO - Processing file /opt/airflow/dags/main.py for tasks to queue
[2026-05-14T17:12:24.369+0000] {logging_mixin.py:188} INFO - [2026-05-14T17:12:24.369+0000] {dagbag.py:545} INFO - Filling up the DagBag from /opt/airflow/dags/main.py
[2026-05-14T17:12:24.464+0000] {processor.py:840} INFO - DAG(s) 'produce_json' retrieved from /opt/airflow/dags/main.py
[2026-05-14T17:12:24.493+0000] {logging_mixin.py:188} INFO - [2026-05-14T17:12:24.493+0000] {dag.py:3096} INFO - Sync 1 DAGs
[2026-05-14T17:12:24.524+0000] {logging_mixin.py:188} INFO - [2026-05-14T17:12:24.524+0000] {dag.py:3954} INFO - Setting next_dagrun for produce_json to 2026-05-14 13:00:00+00:00, run_after=2026-05-15 13:00:00+00:00
[2026-05-14T17:12:24.553+0000] {processor.py:183} INFO - Processing /opt/airflow/dags/main.py took 0.196 seconds
[2026-05-14T17:12:54.740+0000] {processor.py:161} INFO - Started process (PID=2636) to work on /opt/airflow/dags/main.py
[2026-05-14T17:12:54.742+0000] {processor.py:830} INFO - Processing file /opt/airflow/dags/main.py for tasks to queue
[2026-05-14T17:12:54.744+0000] {logging_mixin.py:188} INFO - [2026-05-14T17:12:54.744+0000] {dagbag.py:545} INFO - Filling up the DagBag from /opt/airflow/dags/main.py
[2026-05-14T17:12:54.806+0000] {processor.py:840} INFO - DAG(s) 'produce_json' retrieved from /opt/airflow/dags/main.py
[2026-05-14T17:12:54.834+0000] {logging_mixin.py:188} INFO - [2026-05-14T17:12:54.834+0000] {dag.py:3096} INFO - Sync 1 DAGs
[2026-05-14T17:12:54.861+0000] {logging_mixin.py:188} INFO - [2026-05-14T17:12:54.861+0000] {dag.py:3954} INFO - Setting next_dagrun for produce_json to 2026-05-14 13:00:00+00:00, run_after=2026-05-15 13:00:00+00:00
[2026-05-14T17:12:54.932+0000] {processor.py:183} INFO - Processing /opt/airflow/dags/main.py took 0.199 seconds
[2026-05-14T17:13:25.165+0000] {processor.py:161} INFO - Started process (PID=2643) to work on /opt/airflow/dags/main.py
[2026-05-14T17:13:25.166+0000] {processor.py:830} INFO - Processing file /opt/airflow/dags/main.py for tasks to queue
[2026-05-14T17:13:25.168+0000] {logging_mixin.py:188} INFO - [2026-05-14T17:13:25.168+0000] {dagbag.py:545} INFO - Filling up the DagBag from /opt/airflow/dags/main.py
[2026-05-14T17:13:25.231+0000] {processor.py:840} INFO - DAG(s) 'produce_json' retrieved from /opt/airflow/dags/main.py
[2026-05-14T17:13:25.261+0000] {logging_mixin.py:188} INFO - [2026-05-14T17:13:25.260+0000] {dag.py:3096} INFO - Sync 1 DAGs
[2026-05-14T17:13:25.288+0000] {logging_mixin.py:188} INFO - [2026-05-14T17:13:25.287+0000] {dag.py:3954} INFO - Setting next_dagrun for produce_json to 2026-05-14 13:00:00+00:00, run_after=2026-05-15 13:00:00+00:00
[2026-05-14T17:13:25.358+0000] {processor.py:183} INFO - Processing /opt/airflow/dags/main.py took 0.200 seconds
[2026-05-14T17:13:55.548+0000] {processor.py:161} INFO - Started process (PID=2650) to work on /opt/airflow/dags/main.py
[2026-05-14T17:13:55.550+0000] {processor.py:830} INFO - Processing file /opt/airflow/dags/main.py for tasks to queue
[2026-05-14T17:13:55.553+0000] {logging_mixin.py:188} INFO - [2026-05-14T17:13:55.553+0000] {dagbag.py:545} INFO - Filling up the DagBag from /opt/airflow/dags/main.py
[2026-05-14T17:13:55.618+0000] {processor.py:840} INFO - DAG(s) 'produce_json' retrieved from /opt/airflow/dags/main.py
[2026-05-14T17:13:55.641+0000] {logging_mixin.py:188} INFO - [2026-05-14T17:13:55.641+0000] {dag.py:3096} INFO - Sync 1 DAGs
[2026-05-14T17:13:55.665+0000] {logging_mixin.py:188} INFO - [2026-05-14T17:13:55.665+0000] {dag.py:3954} INFO - Setting next_dagrun for produce_json to 2026-05-14 13:00:00+00:00, run_after=2026-05-15 13:00:00+00:00
[2026-05-14T17:13:55.734+0000] {processor.py:183} INFO - Processing /opt/airflow/dags/main.py took 0.193 seconds
[2026-05-14T17:14:25.942+0000] {processor.py:161} INFO - Started process (PID=2657) to work on /opt/airflow/dags/main.py
[2026-05-14T17:14:25.962+0000] {processor.py:830} INFO - Processing file /opt/airflow/dags/main.py for tasks to queue
[2026-05-14T17:14:25.967+0000] {logging_mixin.py:188} INFO - [2026-05-14T17:14:25.966+0000] {dagbag.py:545} INFO - Filling up the DagBag from /opt/airflow/dags/main.py
[2026-05-14T17:14:26.035+0000] {processor.py:840} INFO - DAG(s) 'produce_json' retrieved from /opt/airflow/dags/main.py
[2026-05-14T17:14:26.065+0000] {logging_mixin.py:188} INFO - [2026-05-14T17:14:26.065+0000] {dag.py:3096} INFO - Sync 1 DAGs
[2026-05-14T17:14:26.094+0000] {logging_mixin.py:188} INFO - [2026-05-14T17:14:26.094+0000] {dag.py:3954} INFO - Setting next_dagrun for produce_json to 2026-05-14 13:00:00+00:00, run_after=2026-05-15 13:00:00+00:00
[2026-05-14T17:14:26.120+0000] {processor.py:183} INFO - Processing /opt/airflow/dags/main.py took 0.185 seconds
[2026-05-14T17:14:56.504+0000] {processor.py:161} INFO - Started process (PID=2664) to work on /opt/airflow/dags/main.py
[2026-05-14T17:14:56.506+0000] {processor.py:830} INFO - Processing file /opt/airflow/dags/main.py for tasks to queue
[2026-05-14T17:14:56.508+0000] {logging_mixin.py:188} INFO - [2026-05-14T17:14:56.508+0000] {dagbag.py:545} INFO - Filling up the DagBag from /opt/airflow/dags/main.py
[2026-05-14T17:14:56.596+0000] {processor.py:840} INFO - DAG(s) 'produce_json' retrieved from /opt/airflow/dags/main.py
[2026-05-14T17:14:56.638+0000] {logging_mixin.py:188} INFO - [2026-05-14T17:14:56.637+0000] {dag.py:3096} INFO - Sync 1 DAGs
[2026-05-14T17:14:56.690+0000] {logging_mixin.py:188} INFO - [2026-05-14T17:14:56.689+0000] {dag.py:3954} INFO - Setting next_dagrun for produce_json to 2026-05-14 13:00:00+00:00, run_after=2026-05-15 13:00:00+00:00
[2026-05-14T17:14:56.777+0000] {processor.py:183} INFO - Processing /opt/airflow/dags/main.py took 0.280 seconds
[2026-05-14T17:15:27.096+0000] {processor.py:161} INFO - Started process (PID=2671) to work on /opt/airflow/dags/main.py
[2026-05-14T17:15:27.098+0000] {processor.py:830} INFO - Processing file /opt/airflow/dags/main.py for tasks to queue
[2026-05-14T17:15:27.101+0000] {logging_mixin.py:188} INFO - [2026-05-14T17:15:27.100+0000] {dagbag.py:545} INFO - Filling up the DagBag from /opt/airflow/dags/main.py
[2026-05-14T17:15:27.165+0000] {processor.py:840} INFO - DAG(s) 'produce_json' retrieved from /opt/airflow/dags/main.py
[2026-05-14T17:15:27.194+0000] {logging_mixin.py:188} INFO - [2026-05-14T17:15:27.194+0000] {dag.py:3096} INFO - Sync 1 DAGs
[2026-05-14T17:15:27.221+0000] {logging_mixin.py:188} INFO - [2026-05-14T17:15:27.220+0000] {dag.py:3954} INFO - Setting next_dagrun for produce_json to 2026-05-14 13:00:00+00:00, run_after=2026-05-15 13:00:00+00:00
[2026-05-14T17:15:27.294+0000] {processor.py:183} INFO - Processing /opt/airflow/dags/main.py took 0.204 seconds
[2026-05-14T17:15:57.420+0000] {processor.py:161} INFO - Started process (PID=2678) to work on /opt/airflow/dags/main.py
[2026-05-14T17:15:57.425+0000] {processor.py:830} INFO - Processing file /opt/airflow/dags/main.py for tasks to queue
[2026-05-14T17:15:57.429+0000] {logging_mixin.py:188} INFO - [2026-05-14T17:15:57.429+0000] {dagbag.py:545} INFO - Filling up the DagBag from /opt/airflow/dags/main.py
[2026-05-14T17:15:57.539+0000] {processor.py:840} INFO - DAG(s) 'produce_json' retrieved from /opt/airflow/dags/main.py
[2026-05-14T17:15:57.576+0000] {logging_mixin.py:188} INFO - [2026-05-14T17:15:57.575+0000] {dag.py:3096} INFO - Sync 1 DAGs
[2026-05-14T17:15:57.607+0000] {logging_mixin.py:188} INFO - [2026-05-14T17:15:57.607+0000] {dag.py:3954} INFO - Setting next_dagrun for produce_json to 2026-05-14 13:00:00+00:00, run_after=2026-05-15 13:00:00+00:00
[2026-05-14T17:15:57.694+0000] {processor.py:183} INFO - Processing /opt/airflow/dags/main.py took 0.286 seconds
[2026-05-14T17:16:27.907+0000] {processor.py:161} INFO - Started process (PID=2686) to work on /opt/airflow/dags/main.py
[2026-05-14T17:16:27.909+0000] {processor.py:830} INFO - Processing file /opt/airflow/dags/main.py for tasks to queue
[2026-05-14T17:16:27.912+0000] {logging_mixin.py:188} INFO - [2026-05-14T17:16:27.912+0000] {dagbag.py:545} INFO - Filling up the DagBag from /opt/airflow/dags/main.py
[2026-05-14T17:16:28.000+0000] {processor.py:840} INFO - DAG(s) 'produce_json' retrieved from /opt/airflow/dags/main.py
[2026-05-14T17:16:28.035+0000] {logging_mixin.py:188} INFO - [2026-05-14T17:16:28.035+0000] {dag.py:3096} INFO - Sync 1 DAGs
[2026-05-14T17:16:28.073+0000] {logging_mixin.py:188} INFO - [2026-05-14T17:16:28.072+0000] {dag.py:3954} INFO - Setting next_dagrun for produce_json to 2026-05-14 13:00:00+00:00, run_after=2026-05-15 13:00:00+00:00
[2026-05-14T17:16:28.151+0000] {processor.py:183} INFO - Processing /opt/airflow/dags/main.py took 0.260 seconds
[2026-05-14T17:16:58.288+0000] {processor.py:161} INFO - Started process (PID=2693) to work on /opt/airflow/dags/main.py
[2026-05-14T17:16:58.289+0000] {processor.py:830} INFO - Processing file /opt/airflow/dags/main.py for tasks to queue
[2026-05-14T17:16:58.291+0000] {logging_mixin.py:188} INFO - [2026-05-14T17:16:58.291+0000] {dagbag.py:545} INFO - Filling up the DagBag from /opt/airflow/dags/main.py
[2026-05-14T17:16:58.356+0000] {processor.py:840} INFO - DAG(s) 'produce_json' retrieved from /opt/airflow/dags/main.py
[2026-05-14T17:16:58.389+0000] {logging_mixin.py:188} INFO - [2026-05-14T17:16:58.389+0000] {dag.py:3096} INFO - Sync 1 DAGs
[2026-05-14T17:16:58.423+0000] {logging_mixin.py:188} INFO - [2026-05-14T17:16:58.423+0000] {dag.py:3954} INFO - Setting next_dagrun for produce_json to 2026-05-14 13:00:00+00:00, run_after=2026-05-15 13:00:00+00:00
[2026-05-14T17:16:58.496+0000] {processor.py:183} INFO - Processing /opt/airflow/dags/main.py took 0.215 seconds
[2026-05-14T17:17:28.768+0000] {processor.py:161} INFO - Started process (PID=2700) to work on /opt/airflow/dags/main.py
[2026-05-14T17:17:28.769+0000] {processor.py:830} INFO - Processing file /opt/airflow/dags/main.py for tasks to queue
[2026-05-14T17:17:28.772+0000] {logging_mixin.py:188} INFO - [2026-05-14T17:17:28.772+0000] {dagbag.py:545} INFO - Filling up the DagBag from /opt/airflow/dags/main.py
[2026-05-14T17:17:28.856+0000] {processor.py:840} INFO - DAG(s) 'produce_json' retrieved from /opt/airflow/dags/main.py
[2026-05-14T17:17:28.888+0000] {logging_mixin.py:188} INFO - [2026-05-14T17:17:28.887+0000] {dag.py:3096} INFO - Sync 1 DAGs
[2026-05-14T17:17:28.931+0000] {logging_mixin.py:188} INFO - [2026-05-14T17:17:28.931+0000] {dag.py:3954} INFO - Setting next_dagrun for produce_json to 2026-05-14 13:00:00+00:00, run_after=2026-05-15 13:00:00+00:00
[2026-05-14T17:17:28.964+0000] {processor.py:183} INFO - Processing /opt/airflow/dags/main.py took 0.202 seconds
[2026-05-14T17:17:59.147+0000] {processor.py:161} INFO - Started process (PID=2707) to work on /opt/airflow/dags/main.py
[2026-05-14T17:17:59.150+0000] {processor.py:830} INFO - Processing file /opt/airflow/dags/main.py for tasks to queue
[2026-05-14T17:17:59.155+0000] {logging_mixin.py:188} INFO - [2026-05-14T17:17:59.154+0000] {dagbag.py:545} INFO - Filling up the DagBag from /opt/airflow/dags/main.py
[2026-05-14T17:17:59.297+0000] {processor.py:840} INFO - DAG(s) 'produce_json' retrieved from /opt/airflow/dags/main.py
[2026-05-14T17:17:59.366+0000] {logging_mixin.py:188} INFO - [2026-05-14T17:17:59.366+0000] {dag.py:3096} INFO - Sync 1 DAGs
[2026-05-14T17:17:59.417+0000] {logging_mixin.py:188} INFO - [2026-05-14T17:17:59.416+0000] {dag.py:3954} INFO - Setting next_dagrun for produce_json to 2026-05-14 13:00:00+00:00, run_after=2026-05-15 13:00:00+00:00
[2026-05-14T17:17:59.505+0000] {processor.py:183} INFO - Processing /opt/airflow/dags/main.py took 0.376 seconds
[2026-05-14T17:18:29.827+0000] {processor.py:161} INFO - Started process (PID=2714) to work on /opt/airflow/dags/main.py
[2026-05-14T17:18:29.829+0000] {processor.py:830} INFO - Processing file /opt/airflow/dags/main.py for tasks to queue
[2026-05-14T17:18:29.831+0000] {logging_mixin.py:188} INFO - [2026-05-14T17:18:29.831+0000] {dagbag.py:545} INFO - Filling up the DagBag from /opt/airflow/dags/main.py
[2026-05-14T17:18:29.891+0000] {processor.py:840} INFO - DAG(s) 'produce_json' retrieved from /opt/airflow/dags/main.py
[2026-05-14T17:18:29.919+0000] {logging_mixin.py:188} INFO - [2026-05-14T17:18:29.919+0000] {dag.py:3096} INFO - Sync 1 DAGs
[2026-05-14T17:18:29.945+0000] {logging_mixin.py:188} INFO - [2026-05-14T17:18:29.945+0000] {dag.py:3954} INFO - Setting next_dagrun for produce_json to 2026-05-14 13:00:00+00:00, run_after=2026-05-15 13:00:00+00:00
[2026-05-14T17:18:29.970+0000] {processor.py:183} INFO - Processing /opt/airflow/dags/main.py took 0.150 seconds
[2026-05-14T17:19:00.094+0000] {processor.py:161} INFO - Started process (PID=2721) to work on /opt/airflow/dags/main.py
[2026-05-14T17:19:00.096+0000] {processor.py:830} INFO - Processing file /opt/airflow/dags/main.py for tasks to queue
[2026-05-14T17:19:00.099+0000] {logging_mixin.py:188} INFO - [2026-05-14T17:19:00.098+0000] {dagbag.py:545} INFO - Filling up the DagBag from /opt/airflow/dags/main.py
[2026-05-14T17:19:00.159+0000] {processor.py:840} INFO - DAG(s) 'produce_json' retrieved from /opt/airflow/dags/main.py
[2026-05-14T17:19:00.185+0000] {logging_mixin.py:188} INFO - [2026-05-14T17:19:00.184+0000] {dag.py:3096} INFO - Sync 1 DAGs
[2026-05-14T17:19:00.211+0000] {logging_mixin.py:188} INFO - [2026-05-14T17:19:00.211+0000] {dag.py:3954} INFO - Setting next_dagrun for produce_json to 2026-05-14 13:00:00+00:00, run_after=2026-05-15 13:00:00+00:00
[2026-05-14T17:19:00.252+0000] {processor.py:183} INFO - Processing /opt/airflow/dags/main.py took 0.164 seconds
[2026-05-14T17:19:30.525+0000] {processor.py:161} INFO - Started process (PID=2728) to work on /opt/airflow/dags/main.py
[2026-05-14T17:19:30.526+0000] {processor.py:830} INFO - Processing file /opt/airflow/dags/main.py for tasks to queue
[2026-05-14T17:19:30.529+0000] {logging_mixin.py:188} INFO - [2026-05-14T17:19:30.529+0000] {dagbag.py:545} INFO - Filling up the DagBag from /opt/airflow/dags/main.py
[2026-05-14T17:19:30.597+0000] {processor.py:840} INFO - DAG(s) 'produce_json' retrieved from /opt/airflow/dags/main.py
[2026-05-14T17:19:30.621+0000] {logging_mixin.py:188} INFO - [2026-05-14T17:19:30.621+0000] {dag.py:3096} INFO - Sync 1 DAGs
[2026-05-14T17:19:30.647+0000] {logging_mixin.py:188} INFO - [2026-05-14T17:19:30.646+0000] {dag.py:3954} INFO - Setting next_dagrun for produce_json to 2026-05-14 13:00:00+00:00, run_after=2026-05-15 13:00:00+00:00
[2026-05-14T17:19:30.669+0000] {processor.py:183} INFO - Processing /opt/airflow/dags/main.py took 0.151 seconds
[2026-05-14T17:20:00.957+0000] {processor.py:161} INFO - Started process (PID=2735) to work on /opt/airflow/dags/main.py
[2026-05-14T17:20:00.959+0000] {processor.py:830} INFO - Processing file /opt/airflow/dags/main.py for tasks to queue
[2026-05-14T17:20:00.962+0000] {logging_mixin.py:188} INFO - [2026-05-14T17:20:00.961+0000] {dagbag.py:545} INFO - Filling up the DagBag from /opt/airflow/dags/main.py
[2026-05-14T17:20:01.039+0000] {processor.py:840} INFO - DAG(s) 'produce_json' retrieved from /opt/airflow/dags/main.py
[2026-05-14T17:20:01.069+0000] {logging_mixin.py:188} INFO - [2026-05-14T17:20:01.069+0000] {dag.py:3096} INFO - Sync 1 DAGs
[2026-05-14T17:20:01.100+0000] {logging_mixin.py:188} INFO - [2026-05-14T17:20:01.100+0000] {dag.py:3954} INFO - Setting next_dagrun for produce_json to 2026-05-14 13:00:00+00:00, run_after=2026-05-15 13:00:00+00:00
[2026-05-14T17:20:01.138+0000] {processor.py:183} INFO - Processing /opt/airflow/dags/main.py took 0.190 seconds
[2026-05-14T17:20:31.250+0000] {processor.py:161} INFO - Started process (PID=2742) to work on /opt/airflow/dags/main.py
[2026-05-14T17:20:31.252+0000] {processor.py:830} INFO - Processing file /opt/airflow/dags/main.py for tasks to queue
[2026-05-14T17:20:31.254+0000] {logging_mixin.py:188} INFO - [2026-05-14T17:20:31.254+0000] {dagbag.py:545} INFO - Filling up the DagBag from /opt/airflow/dags/main.py
[2026-05-14T17:20:31.314+0000] {processor.py:840} INFO - DAG(s) 'produce_json' retrieved from /opt/airflow/dags/main.py
[2026-05-14T17:20:31.341+0000] {logging_mixin.py:188} INFO - [2026-05-14T17:20:31.341+0000] {dag.py:3096} INFO - Sync 1 DAGs
[2026-05-14T17:20:31.366+0000] {logging_mixin.py:188} INFO - [2026-05-14T17:20:31.366+0000] {dag.py:3954} INFO - Setting next_dagrun for produce_json to 2026-05-14 13:00:00+00:00, run_after=2026-05-15 13:00:00+00:00
[2026-05-14T17:20:31.392+0000] {processor.py:183} INFO - Processing /opt/airflow/dags/main.py took 0.149 seconds
[2026-05-14T17:21:01.682+0000] {processor.py:161} INFO - Started process (PID=2749) to work on /opt/airflow/dags/main.py
[2026-05-14T17:21:01.684+0000] {processor.py:830} INFO - Processing file /opt/airflow/dags/main.py for tasks to queue
[2026-05-14T17:21:01.687+0000] {logging_mixin.py:188} INFO - [2026-05-14T17:21:01.687+0000] {dagbag.py:545} INFO - Filling up the DagBag from /opt/airflow/dags/main.py
[2026-05-14T17:21:01.769+0000] {processor.py:840} INFO - DAG(s) 'produce_json' retrieved from /opt/airflow/dags/main.py
[2026-05-14T17:21:01.799+0000] {logging_mixin.py:188} INFO - [2026-05-14T17:21:01.799+0000] {dag.py:3096} INFO - Sync 1 DAGs
[2026-05-14T17:21:01.827+0000] {logging_mixin.py:188} INFO - [2026-05-14T17:21:01.827+0000] {dag.py:3954} INFO - Setting next_dagrun for produce_json to 2026-05-14 13:00:00+00:00, run_after=2026-05-15 13:00:00+00:00
[2026-05-14T17:21:01.857+0000] {processor.py:183} INFO - Processing /opt/airflow/dags/main.py took 0.181 seconds
[2026-05-14T17:21:31.967+0000] {processor.py:161} INFO - Started process (PID=2756) to work on /opt/airflow/dags/main.py
[2026-05-14T17:21:31.968+0000] {processor.py:830} INFO - Processing file /opt/airflow/dags/main.py for tasks to queue
[2026-05-14T17:21:31.971+0000] {logging_mixin.py:188} INFO - [2026-05-14T17:21:31.971+0000] {dagbag.py:545} INFO - Filling up the DagBag from /opt/airflow/dags/main.py
[2026-05-14T17:21:32.047+0000] {processor.py:840} INFO - DAG(s) 'produce_json' retrieved from /opt/airflow/dags/main.py
[2026-05-14T17:21:32.076+0000] {logging_mixin.py:188} INFO - [2026-05-14T17:21:32.076+0000] {dag.py:3096} INFO - Sync 1 DAGs
[2026-05-14T17:21:32.102+0000] {logging_mixin.py:188} INFO - [2026-05-14T17:21:32.102+0000] {dag.py:3954} INFO - Setting next_dagrun for produce_json to 2026-05-14 13:00:00+00:00, run_after=2026-05-15 13:00:00+00:00
[2026-05-14T17:21:32.128+0000] {processor.py:183} INFO - Processing /opt/airflow/dags/main.py took 0.168 seconds
[2026-05-14T17:22:02.449+0000] {processor.py:161} INFO - Started process (PID=2763) to work on /opt/airflow/dags/main.py
[2026-05-14T17:22:02.451+0000] {processor.py:830} INFO - Processing file /opt/airflow/dags/main.py for tasks to queue
[2026-05-14T17:22:02.453+0000] {logging_mixin.py:188} INFO - [2026-05-14T17:22:02.453+0000] {dagbag.py:545} INFO - Filling up the DagBag from /opt/airflow/dags/main.py
[2026-05-14T17:22:02.519+0000] {processor.py:840} INFO - DAG(s) 'produce_json' retrieved from /opt/airflow/dags/main.py
[2026-05-14T17:22:02.547+0000] {logging_mixin.py:188} INFO - [2026-05-14T17:22:02.547+0000] {dag.py:3096} INFO - Sync 1 DAGs
[2026-05-14T17:22:02.578+0000] {logging_mixin.py:188} INFO - [2026-05-14T17:22:02.578+0000] {dag.py:3954} INFO - Setting next_dagrun for produce_json to 2026-05-14 13:00:00+00:00, run_after=2026-05-15 13:00:00+00:00
[2026-05-14T17:22:02.616+0000] {processor.py:183} INFO - Processing /opt/airflow/dags/main.py took 0.173 seconds
[2026-05-14T17:22:32.758+0000] {processor.py:161} INFO - Started process (PID=2770) to work on /opt/airflow/dags/main.py
[2026-05-14T17:22:32.759+0000] {processor.py:830} INFO - Processing file /opt/airflow/dags/main.py for tasks to queue
[2026-05-14T17:22:32.762+0000] {logging_mixin.py:188} INFO - [2026-05-14T17:22:32.762+0000] {dagbag.py:545} INFO - Filling up the DagBag from /opt/airflow/dags/main.py
[2026-05-14T17:22:32.823+0000] {processor.py:840} INFO - DAG(s) 'produce_json' retrieved from /opt/airflow/dags/main.py
[2026-05-14T17:22:32.852+0000] {logging_mixin.py:188} INFO - [2026-05-14T17:22:32.851+0000] {dag.py:3096} INFO - Sync 1 DAGs
[2026-05-14T17:22:32.881+0000] {logging_mixin.py:188} INFO - [2026-05-14T17:22:32.881+0000] {dag.py:3954} INFO - Setting next_dagrun for produce_json to 2026-05-14 13:00:00+00:00, run_after=2026-05-15 13:00:00+00:00
[2026-05-14T17:22:32.908+0000] {processor.py:183} INFO - Processing /opt/airflow/dags/main.py took 0.157 seconds
[2026-05-14T17:23:03.183+0000] {processor.py:161} INFO - Started process (PID=2777) to work on /opt/airflow/dags/main.py
[2026-05-14T17:23:03.185+0000] {processor.py:830} INFO - Processing file /opt/airflow/dags/main.py for tasks to queue
[2026-05-14T17:23:03.189+0000] {logging_mixin.py:188} INFO - [2026-05-14T17:23:03.188+0000] {dagbag.py:545} INFO - Filling up the DagBag from /opt/airflow/dags/main.py
[2026-05-14T17:23:03.263+0000] {processor.py:840} INFO - DAG(s) 'produce_json' retrieved from /opt/airflow/dags/main.py
[2026-05-14T17:23:03.296+0000] {logging_mixin.py:188} INFO - [2026-05-14T17:23:03.296+0000] {dag.py:3096} INFO - Sync 1 DAGs
[2026-05-14T17:23:03.330+0000] {logging_mixin.py:188} INFO - [2026-05-14T17:23:03.330+0000] {dag.py:3954} INFO - Setting next_dagrun for produce_json to 2026-05-14 13:00:00+00:00, run_after=2026-05-15 13:00:00+00:00
[2026-05-14T17:23:03.368+0000] {processor.py:183} INFO - Processing /opt/airflow/dags/main.py took 0.193 seconds
[2026-05-14T17:23:33.465+0000] {processor.py:161} INFO - Started process (PID=2784) to work on /opt/airflow/dags/main.py
[2026-05-14T17:23:33.467+0000] {processor.py:830} INFO - Processing file /opt/airflow/dags/main.py for tasks to queue
[2026-05-14T17:23:33.470+0000] {logging_mixin.py:188} INFO - [2026-05-14T17:23:33.470+0000] {dagbag.py:545} INFO - Filling up the DagBag from /opt/airflow/dags/main.py
[2026-05-14T17:23:33.533+0000] {processor.py:840} INFO - DAG(s) 'produce_json' retrieved from /opt/airflow/dags/main.py
[2026-05-14T17:23:33.566+0000] {logging_mixin.py:188} INFO - [2026-05-14T17:23:33.566+0000] {dag.py:3096} INFO - Sync 1 DAGs
[2026-05-14T17:23:33.593+0000] {logging_mixin.py:188} INFO - [2026-05-14T17:23:33.593+0000] {dag.py:3954} INFO - Setting next_dagrun for produce_json to 2026-05-14 13:00:00+00:00, run_after=2026-05-15 13:00:00+00:00
[2026-05-14T17:23:33.635+0000] {processor.py:183} INFO - Processing /opt/airflow/dags/main.py took 0.178 seconds
[2026-05-14T17:24:03.959+0000] {processor.py:161} INFO - Started process (PID=2791) to work on /opt/airflow/dags/main.py
[2026-05-14T17:24:03.960+0000] {processor.py:830} INFO - Processing file /opt/airflow/dags/main.py for tasks to queue
[2026-05-14T17:24:03.973+0000] {logging_mixin.py:188} INFO - [2026-05-14T17:24:03.973+0000] {dagbag.py:545} INFO - Filling up the DagBag from /opt/airflow/dags/main.py
[2026-05-14T17:24:04.036+0000] {processor.py:840} INFO - DAG(s) 'produce_json' retrieved from /opt/airflow/dags/main.py
[2026-05-14T17:24:04.060+0000] {logging_mixin.py:188} INFO - [2026-05-14T17:24:04.060+0000] {dag.py:3096} INFO - Sync 1 DAGs
[2026-05-14T17:24:04.083+0000] {logging_mixin.py:188} INFO - [2026-05-14T17:24:04.083+0000] {dag.py:3954} INFO - Setting next_dagrun for produce_json to 2026-05-14 13:00:00+00:00, run_after=2026-05-15 13:00:00+00:00
[2026-05-14T17:24:04.112+0000] {processor.py:183} INFO - Processing /opt/airflow/dags/main.py took 0.160 seconds
[2026-05-14T17:24:34.229+0000] {processor.py:161} INFO - Started process (PID=2799) to work on /opt/airflow/dags/main.py
[2026-05-14T17:24:34.232+0000] {processor.py:830} INFO - Processing file /opt/airflow/dags/main.py for tasks to queue
[2026-05-14T17:24:34.235+0000] {logging_mixin.py:188} INFO - [2026-05-14T17:24:34.235+0000] {dagbag.py:545} INFO - Filling up the DagBag from /opt/airflow/dags/main.py
[2026-05-14T17:24:34.321+0000] {processor.py:840} INFO - DAG(s) 'produce_json' retrieved from /opt/airflow/dags/main.py
[2026-05-14T17:24:34.358+0000] {logging_mixin.py:188} INFO - [2026-05-14T17:24:34.357+0000] {dag.py:3096} INFO - Sync 1 DAGs
[2026-05-14T17:24:34.387+0000] {logging_mixin.py:188} INFO - [2026-05-14T17:24:34.386+0000] {dag.py:3954} INFO - Setting next_dagrun for produce_json to 2026-05-14 13:00:00+00:00, run_after=2026-05-15 13:00:00+00:00
[2026-05-14T17:24:34.416+0000] {processor.py:183} INFO - Processing /opt/airflow/dags/main.py took 0.194 seconds
[2026-05-14T17:25:04.837+0000] {processor.py:161} INFO - Started process (PID=2806) to work on /opt/airflow/dags/main.py
[2026-05-14T17:25:04.839+0000] {processor.py:830} INFO - Processing file /opt/airflow/dags/main.py for tasks to queue
[2026-05-14T17:25:04.841+0000] {logging_mixin.py:188} INFO - [2026-05-14T17:25:04.841+0000] {dagbag.py:545} INFO - Filling up the DagBag from /opt/airflow/dags/main.py
[2026-05-14T17:25:04.904+0000] {processor.py:840} INFO - DAG(s) 'produce_json' retrieved from /opt/airflow/dags/main.py
[2026-05-14T17:25:04.931+0000] {logging_mixin.py:188} INFO - [2026-05-14T17:25:04.930+0000] {dag.py:3096} INFO - Sync 1 DAGs
[2026-05-14T17:25:04.957+0000] {logging_mixin.py:188} INFO - [2026-05-14T17:25:04.957+0000] {dag.py:3954} INFO - Setting next_dagrun for produce_json to 2026-05-14 13:00:00+00:00, run_after=2026-05-15 13:00:00+00:00
[2026-05-14T17:25:04.993+0000] {processor.py:183} INFO - Processing /opt/airflow/dags/main.py took 0.162 seconds
[2026-05-14T17:25:35.119+0000] {processor.py:161} INFO - Started process (PID=2813) to work on /opt/airflow/dags/main.py
[2026-05-14T17:25:35.120+0000] {processor.py:830} INFO - Processing file /opt/airflow/dags/main.py for tasks to queue
[2026-05-14T17:25:35.124+0000] {logging_mixin.py:188} INFO - [2026-05-14T17:25:35.123+0000] {dagbag.py:545} INFO - Filling up the DagBag from /opt/airflow/dags/main.py
[2026-05-14T17:25:35.195+0000] {processor.py:840} INFO - DAG(s) 'produce_json' retrieved from /opt/airflow/dags/main.py
[2026-05-14T17:25:35.229+0000] {logging_mixin.py:188} INFO - [2026-05-14T17:25:35.229+0000] {dag.py:3096} INFO - Sync 1 DAGs
[2026-05-14T17:25:35.259+0000] {logging_mixin.py:188} INFO - [2026-05-14T17:25:35.259+0000] {dag.py:3954} INFO - Setting next_dagrun for produce_json to 2026-05-14 13:00:00+00:00, run_after=2026-05-15 13:00:00+00:00
[2026-05-14T17:25:35.300+0000] {processor.py:183} INFO - Processing /opt/airflow/dags/main.py took 0.188 seconds
[2026-05-14T17:26:05.513+0000] {processor.py:161} INFO - Started process (PID=2820) to work on /opt/airflow/dags/main.py
[2026-05-14T17:26:05.514+0000] {processor.py:830} INFO - Processing file /opt/airflow/dags/main.py for tasks to queue
[2026-05-14T17:26:05.517+0000] {logging_mixin.py:188} INFO - [2026-05-14T17:26:05.517+0000] {dagbag.py:545} INFO - Filling up the DagBag from /opt/airflow/dags/main.py
[2026-05-14T17:26:05.601+0000] {processor.py:840} INFO - DAG(s) 'produce_json' retrieved from /opt/airflow/dags/main.py
[2026-05-14T17:26:05.631+0000] {logging_mixin.py:188} INFO - [2026-05-14T17:26:05.631+0000] {dag.py:3096} INFO - Sync 1 DAGs
[2026-05-14T17:26:05.660+0000] {logging_mixin.py:188} INFO - [2026-05-14T17:26:05.660+0000] {dag.py:3954} INFO - Setting next_dagrun for produce_json to 2026-05-14 13:00:00+00:00, run_after=2026-05-15 13:00:00+00:00
[2026-05-14T17:26:05.699+0000] {processor.py:183} INFO - Processing /opt/airflow/dags/main.py took 0.193 seconds
[2026-05-14T17:26:35.794+0000] {processor.py:161} INFO - Started process (PID=2827) to work on /opt/airflow/dags/main.py
[2026-05-14T17:26:35.797+0000] {processor.py:830} INFO - Processing file /opt/airflow/dags/main.py for tasks to queue
[2026-05-14T17:26:35.800+0000] {logging_mixin.py:188} INFO - [2026-05-14T17:26:35.800+0000] {dagbag.py:545} INFO - Filling up the DagBag from /opt/airflow/dags/main.py
[2026-05-14T17:26:35.868+0000] {processor.py:840} INFO - DAG(s) 'produce_json' retrieved from /opt/airflow/dags/main.py
[2026-05-14T17:26:35.897+0000] {logging_mixin.py:188} INFO - [2026-05-14T17:26:35.897+0000] {dag.py:3096} INFO - Sync 1 DAGs
[2026-05-14T17:26:35.929+0000] {logging_mixin.py:188} INFO - [2026-05-14T17:26:35.928+0000] {dag.py:3954} INFO - Setting next_dagrun for produce_json to 2026-05-14 13:00:00+00:00, run_after=2026-05-15 13:00:00+00:00
[2026-05-14T17:26:35.967+0000] {processor.py:183} INFO - Processing /opt/airflow/dags/main.py took 0.179 seconds
[2026-05-14T17:27:06.196+0000] {processor.py:161} INFO - Started process (PID=2834) to work on /opt/airflow/dags/main.py
[2026-05-14T17:27:06.197+0000] {processor.py:830} INFO - Processing file /opt/airflow/dags/main.py for tasks to queue
[2026-05-14T17:27:06.201+0000] {logging_mixin.py:188} INFO - [2026-05-14T17:27:06.200+0000] {dagbag.py:545} INFO - Filling up the DagBag from /opt/airflow/dags/main.py
[2026-05-14T17:27:06.287+0000] {processor.py:840} INFO - DAG(s) 'produce_json' retrieved from /opt/airflow/dags/main.py
[2026-05-14T17:27:06.320+0000] {logging_mixin.py:188} INFO - [2026-05-14T17:27:06.319+0000] {dag.py:3096} INFO - Sync 1 DAGs
[2026-05-14T17:27:06.352+0000] {logging_mixin.py:188} INFO - [2026-05-14T17:27:06.352+0000] {dag.py:3954} INFO - Setting next_dagrun for produce_json to 2026-05-14 13:00:00+00:00, run_after=2026-05-15 13:00:00+00:00
[2026-05-14T17:27:06.397+0000] {processor.py:183} INFO - Processing /opt/airflow/dags/main.py took 0.208 seconds
[2026-05-14T17:27:36.660+0000] {processor.py:161} INFO - Started process (PID=2841) to work on /opt/airflow/dags/main.py
[2026-05-14T17:27:36.662+0000] {processor.py:830} INFO - Processing file /opt/airflow/dags/main.py for tasks to queue
[2026-05-14T17:27:36.664+0000] {logging_mixin.py:188} INFO - [2026-05-14T17:27:36.664+0000] {dagbag.py:545} INFO - Filling up the DagBag from /opt/airflow/dags/main.py
[2026-05-14T17:27:36.723+0000] {processor.py:840} INFO - DAG(s) 'produce_json' retrieved from /opt/airflow/dags/main.py
[2026-05-14T17:27:36.747+0000] {logging_mixin.py:188} INFO - [2026-05-14T17:27:36.747+0000] {dag.py:3096} INFO - Sync 1 DAGs
[2026-05-14T17:27:36.771+0000] {logging_mixin.py:188} INFO - [2026-05-14T17:27:36.771+0000] {dag.py:3954} INFO - Setting next_dagrun for produce_json to 2026-05-14 13:00:00+00:00, run_after=2026-05-15 13:00:00+00:00
[2026-05-14T17:27:36.806+0000] {processor.py:183} INFO - Processing /opt/airflow/dags/main.py took 0.154 seconds
[2026-05-14T17:28:06.951+0000] {processor.py:161} INFO - Started process (PID=2848) to work on /opt/airflow/dags/main.py
[2026-05-14T17:28:06.953+0000] {processor.py:830} INFO - Processing file /opt/airflow/dags/main.py for tasks to queue
[2026-05-14T17:28:06.956+0000] {logging_mixin.py:188} INFO - [2026-05-14T17:28:06.956+0000] {dagbag.py:545} INFO - Filling up the DagBag from /opt/airflow/dags/main.py
[2026-05-14T17:28:07.035+0000] {processor.py:840} INFO - DAG(s) 'produce_json' retrieved from /opt/airflow/dags/main.py
[2026-05-14T17:28:07.071+0000] {logging_mixin.py:188} INFO - [2026-05-14T17:28:07.071+0000] {dag.py:3096} INFO - Sync 1 DAGs
[2026-05-14T17:28:07.104+0000] {logging_mixin.py:188} INFO - [2026-05-14T17:28:07.104+0000] {dag.py:3954} INFO - Setting next_dagrun for produce_json to 2026-05-14 13:00:00+00:00, run_after=2026-05-15 13:00:00+00:00
[2026-05-14T17:28:07.142+0000] {processor.py:183} INFO - Processing /opt/airflow/dags/main.py took 0.202 seconds
[2026-05-14T17:28:37.380+0000] {processor.py:161} INFO - Started process (PID=2855) to work on /opt/airflow/dags/main.py
[2026-05-14T17:28:37.381+0000] {processor.py:830} INFO - Processing file /opt/airflow/dags/main.py for tasks to queue
[2026-05-14T17:28:37.384+0000] {logging_mixin.py:188} INFO - [2026-05-14T17:28:37.384+0000] {dagbag.py:545} INFO - Filling up the DagBag from /opt/airflow/dags/main.py
[2026-05-14T17:28:37.441+0000] {processor.py:840} INFO - DAG(s) 'produce_json' retrieved from /opt/airflow/dags/main.py
[2026-05-14T17:28:37.466+0000] {logging_mixin.py:188} INFO - [2026-05-14T17:28:37.466+0000] {dag.py:3096} INFO - Sync 1 DAGs
[2026-05-14T17:28:37.490+0000] {logging_mixin.py:188} INFO - [2026-05-14T17:28:37.490+0000] {dag.py:3954} INFO - Setting next_dagrun for produce_json to 2026-05-14 13:00:00+00:00, run_after=2026-05-15 13:00:00+00:00
[2026-05-14T17:28:37.525+0000] {processor.py:183} INFO - Processing /opt/airflow/dags/main.py took 0.153 seconds
[2026-05-14T17:29:07.711+0000] {processor.py:161} INFO - Started process (PID=2862) to work on /opt/airflow/dags/main.py
[2026-05-14T17:29:07.713+0000] {processor.py:830} INFO - Processing file /opt/airflow/dags/main.py for tasks to queue
[2026-05-14T17:29:07.715+0000] {logging_mixin.py:188} INFO - [2026-05-14T17:29:07.715+0000] {dagbag.py:545} INFO - Filling up the DagBag from /opt/airflow/dags/main.py
[2026-05-14T17:29:07.774+0000] {processor.py:840} INFO - DAG(s) 'produce_json' retrieved from /opt/airflow/dags/main.py
[2026-05-14T17:29:07.800+0000] {logging_mixin.py:188} INFO - [2026-05-14T17:29:07.800+0000] {dag.py:3096} INFO - Sync 1 DAGs
[2026-05-14T17:29:07.823+0000] {logging_mixin.py:188} INFO - [2026-05-14T17:29:07.823+0000] {dag.py:3954} INFO - Setting next_dagrun for produce_json to 2026-05-14 13:00:00+00:00, run_after=2026-05-15 13:00:00+00:00
[2026-05-14T17:29:07.857+0000] {processor.py:183} INFO - Processing /opt/airflow/dags/main.py took 0.152 seconds
[2026-05-14T17:29:38.100+0000] {processor.py:161} INFO - Started process (PID=2869) to work on /opt/airflow/dags/main.py
[2026-05-14T17:29:38.102+0000] {processor.py:830} INFO - Processing file /opt/airflow/dags/main.py for tasks to queue
[2026-05-14T17:29:38.105+0000] {logging_mixin.py:188} INFO - [2026-05-14T17:29:38.104+0000] {dagbag.py:545} INFO - Filling up the DagBag from /opt/airflow/dags/main.py
[2026-05-14T17:29:38.180+0000] {processor.py:840} INFO - DAG(s) 'produce_json' retrieved from /opt/airflow/dags/main.py
[2026-05-14T17:29:38.209+0000] {logging_mixin.py:188} INFO - [2026-05-14T17:29:38.208+0000] {dag.py:3096} INFO - Sync 1 DAGs
[2026-05-14T17:29:38.235+0000] {logging_mixin.py:188} INFO - [2026-05-14T17:29:38.235+0000] {dag.py:3954} INFO - Setting next_dagrun for produce_json to 2026-05-14 13:00:00+00:00, run_after=2026-05-15 13:00:00+00:00
[2026-05-14T17:29:38.270+0000] {processor.py:183} INFO - Processing /opt/airflow/dags/main.py took 0.178 seconds
[2026-05-14T17:30:08.577+0000] {processor.py:161} INFO - Started process (PID=2876) to work on /opt/airflow/dags/main.py
[2026-05-14T17:30:08.578+0000] {processor.py:830} INFO - Processing file /opt/airflow/dags/main.py for tasks to queue
[2026-05-14T17:30:08.581+0000] {logging_mixin.py:188} INFO - [2026-05-14T17:30:08.581+0000] {dagbag.py:545} INFO - Filling up the DagBag from /opt/airflow/dags/main.py
[2026-05-14T17:30:08.644+0000] {processor.py:840} INFO - DAG(s) 'produce_json' retrieved from /opt/airflow/dags/main.py
[2026-05-14T17:30:08.668+0000] {logging_mixin.py:188} INFO - [2026-05-14T17:30:08.668+0000] {dag.py:3096} INFO - Sync 1 DAGs
[2026-05-14T17:30:08.690+0000] {logging_mixin.py:188} INFO - [2026-05-14T17:30:08.690+0000] {dag.py:3954} INFO - Setting next_dagrun for produce_json to 2026-05-14 13:00:00+00:00, run_after=2026-05-15 13:00:00+00:00
[2026-05-14T17:30:08.728+0000] {processor.py:183} INFO - Processing /opt/airflow/dags/main.py took 0.157 seconds
[2026-05-14T17:30:38.872+0000] {processor.py:161} INFO - Started process (PID=2883) to work on /opt/airflow/dags/main.py
[2026-05-14T17:30:38.874+0000] {processor.py:830} INFO - Processing file /opt/airflow/dags/main.py for tasks to queue
[2026-05-14T17:30:38.877+0000] {logging_mixin.py:188} INFO - [2026-05-14T17:30:38.877+0000] {dagbag.py:545} INFO - Filling up the DagBag from /opt/airflow/dags/main.py
[2026-05-14T17:30:38.936+0000] {processor.py:840} INFO - DAG(s) 'produce_json' retrieved from /opt/airflow/dags/main.py
[2026-05-14T17:30:38.961+0000] {logging_mixin.py:188} INFO - [2026-05-14T17:30:38.960+0000] {dag.py:3096} INFO - Sync 1 DAGs
[2026-05-14T17:30:38.986+0000] {logging_mixin.py:188} INFO - [2026-05-14T17:30:38.986+0000] {dag.py:3954} INFO - Setting next_dagrun for produce_json to 2026-05-14 13:00:00+00:00, run_after=2026-05-15 13:00:00+00:00
[2026-05-14T17:30:39.024+0000] {processor.py:183} INFO - Processing /opt/airflow/dags/main.py took 0.158 seconds
[2026-05-14T17:31:09.297+0000] {processor.py:161} INFO - Started process (PID=2890) to work on /opt/airflow/dags/main.py
[2026-05-14T17:31:09.299+0000] {processor.py:830} INFO - Processing file /opt/airflow/dags/main.py for tasks to queue
[2026-05-14T17:31:09.302+0000] {logging_mixin.py:188} INFO - [2026-05-14T17:31:09.302+0000] {dagbag.py:545} INFO - Filling up the DagBag from /opt/airflow/dags/main.py
[2026-05-14T17:31:09.371+0000] {processor.py:840} INFO - DAG(s) 'produce_json' retrieved from /opt/airflow/dags/main.py
[2026-05-14T17:31:09.401+0000] {logging_mixin.py:188} INFO - [2026-05-14T17:31:09.401+0000] {dag.py:3096} INFO - Sync 1 DAGs
[2026-05-14T17:31:09.435+0000] {logging_mixin.py:188} INFO - [2026-05-14T17:31:09.435+0000] {dag.py:3954} INFO - Setting next_dagrun for produce_json to 2026-05-14 13:00:00+00:00, run_after=2026-05-15 13:00:00+00:00
[2026-05-14T17:31:09.470+0000] {processor.py:183} INFO - Processing /opt/airflow/dags/main.py took 0.180 seconds
[2026-05-14T17:31:39.588+0000] {processor.py:161} INFO - Started process (PID=2897) to work on /opt/airflow/dags/main.py
[2026-05-14T17:31:39.590+0000] {processor.py:830} INFO - Processing file /opt/airflow/dags/main.py for tasks to queue
[2026-05-14T17:31:39.593+0000] {logging_mixin.py:188} INFO - [2026-05-14T17:31:39.592+0000] {dagbag.py:545} INFO - Filling up the DagBag from /opt/airflow/dags/main.py
[2026-05-14T17:31:39.655+0000] {processor.py:840} INFO - DAG(s) 'produce_json' retrieved from /opt/airflow/dags/main.py
[2026-05-14T17:31:39.681+0000] {logging_mixin.py:188} INFO - [2026-05-14T17:31:39.680+0000] {dag.py:3096} INFO - Sync 1 DAGs
[2026-05-14T17:31:39.717+0000] {logging_mixin.py:188} INFO - [2026-05-14T17:31:39.716+0000] {dag.py:3954} INFO - Setting next_dagrun for produce_json to 2026-05-14 13:00:00+00:00, run_after=2026-05-15 13:00:00+00:00
[2026-05-14T17:31:39.776+0000] {processor.py:183} INFO - Processing /opt/airflow/dags/main.py took 0.195 seconds
[2026-05-14T17:32:10.039+0000] {processor.py:161} INFO - Started process (PID=2904) to work on /opt/airflow/dags/main.py
[2026-05-14T17:32:10.041+0000] {processor.py:830} INFO - Processing file /opt/airflow/dags/main.py for tasks to queue
[2026-05-14T17:32:10.044+0000] {logging_mixin.py:188} INFO - [2026-05-14T17:32:10.043+0000] {dagbag.py:545} INFO - Filling up the DagBag from /opt/airflow/dags/main.py
[2026-05-14T17:32:10.114+0000] {processor.py:840} INFO - DAG(s) 'produce_json' retrieved from /opt/airflow/dags/main.py
[2026-05-14T17:32:10.139+0000] {logging_mixin.py:188} INFO - [2026-05-14T17:32:10.139+0000] {dag.py:3096} INFO - Sync 1 DAGs
[2026-05-14T17:32:10.165+0000] {logging_mixin.py:188} INFO - [2026-05-14T17:32:10.165+0000] {dag.py:3954} INFO - Setting next_dagrun for produce_json to 2026-05-14 13:00:00+00:00, run_after=2026-05-15 13:00:00+00:00
[2026-05-14T17:32:10.200+0000] {processor.py:183} INFO - Processing /opt/airflow/dags/main.py took 0.172 seconds
[2026-05-14T17:32:40.336+0000] {processor.py:161} INFO - Started process (PID=2912) to work on /opt/airflow/dags/main.py
[2026-05-14T17:32:40.337+0000] {processor.py:830} INFO - Processing file /opt/airflow/dags/main.py for tasks to queue
[2026-05-14T17:32:40.340+0000] {logging_mixin.py:188} INFO - [2026-05-14T17:32:40.340+0000] {dagbag.py:545} INFO - Filling up the DagBag from /opt/airflow/dags/main.py
[2026-05-14T17:32:40.398+0000] {processor.py:840} INFO - DAG(s) 'produce_json' retrieved from /opt/airflow/dags/main.py
[2026-05-14T17:32:40.423+0000] {logging_mixin.py:188} INFO - [2026-05-14T17:32:40.423+0000] {dag.py:3096} INFO - Sync 1 DAGs
[2026-05-14T17:32:40.446+0000] {logging_mixin.py:188} INFO - [2026-05-14T17:32:40.446+0000] {dag.py:3954} INFO - Setting next_dagrun for produce_json to 2026-05-14 13:00:00+00:00, run_after=2026-05-15 13:00:00+00:00
[2026-05-14T17:32:40.485+0000] {processor.py:183} INFO - Processing /opt/airflow/dags/main.py took 0.157 seconds
[2026-05-14T17:33:10.779+0000] {processor.py:161} INFO - Started process (PID=2919) to work on /opt/airflow/dags/main.py
[2026-05-14T17:33:10.780+0000] {processor.py:830} INFO - Processing file /opt/airflow/dags/main.py for tasks to queue
[2026-05-14T17:33:10.782+0000] {logging_mixin.py:188} INFO - [2026-05-14T17:33:10.782+0000] {dagbag.py:545} INFO - Filling up the DagBag from /opt/airflow/dags/main.py
[2026-05-14T17:33:10.857+0000] {processor.py:840} INFO - DAG(s) 'produce_json' retrieved from /opt/airflow/dags/main.py
[2026-05-14T17:33:10.886+0000] {logging_mixin.py:188} INFO - [2026-05-14T17:33:10.886+0000] {dag.py:3096} INFO - Sync 1 DAGs
[2026-05-14T17:33:10.912+0000] {logging_mixin.py:188} INFO - [2026-05-14T17:33:10.912+0000] {dag.py:3954} INFO - Setting next_dagrun for produce_json to 2026-05-14 13:00:00+00:00, run_after=2026-05-15 13:00:00+00:00
[2026-05-14T17:33:10.941+0000] {processor.py:183} INFO - Processing /opt/airflow/dags/main.py took 0.168 seconds
[2026-05-14T17:33:41.054+0000] {processor.py:161} INFO - Started process (PID=2926) to work on /opt/airflow/dags/main.py
[2026-05-14T17:33:41.056+0000] {processor.py:830} INFO - Processing file /opt/airflow/dags/main.py for tasks to queue
[2026-05-14T17:33:41.059+0000] {logging_mixin.py:188} INFO - [2026-05-14T17:33:41.059+0000] {dagbag.py:545} INFO - Filling up the DagBag from /opt/airflow/dags/main.py
[2026-05-14T17:33:41.124+0000] {processor.py:840} INFO - DAG(s) 'produce_json' retrieved from /opt/airflow/dags/main.py
[2026-05-14T17:33:41.153+0000] {logging_mixin.py:188} INFO - [2026-05-14T17:33:41.152+0000] {dag.py:3096} INFO - Sync 1 DAGs
[2026-05-14T17:33:41.180+0000] {logging_mixin.py:188} INFO - [2026-05-14T17:33:41.179+0000] {dag.py:3954} INFO - Setting next_dagrun for produce_json to 2026-05-14 13:00:00+00:00, run_after=2026-05-15 13:00:00+00:00
[2026-05-14T17:33:41.206+0000] {processor.py:183} INFO - Processing /opt/airflow/dags/main.py took 0.159 seconds
[2026-05-14T17:34:11.494+0000] {processor.py:161} INFO - Started process (PID=2933) to work on /opt/airflow/dags/main.py
[2026-05-14T17:34:11.495+0000] {processor.py:830} INFO - Processing file /opt/airflow/dags/main.py for tasks to queue
[2026-05-14T17:34:11.499+0000] {logging_mixin.py:188} INFO - [2026-05-14T17:34:11.498+0000] {dagbag.py:545} INFO - Filling up the DagBag from /opt/airflow/dags/main.py
[2026-05-14T17:34:11.570+0000] {processor.py:840} INFO - DAG(s) 'produce_json' retrieved from /opt/airflow/dags/main.py
[2026-05-14T17:34:11.602+0000] {logging_mixin.py:188} INFO - [2026-05-14T17:34:11.601+0000] {dag.py:3096} INFO - Sync 1 DAGs
[2026-05-14T17:34:11.634+0000] {logging_mixin.py:188} INFO - [2026-05-14T17:34:11.634+0000] {dag.py:3954} INFO - Setting next_dagrun for produce_json to 2026-05-14 13:00:00+00:00, run_after=2026-05-15 13:00:00+00:00
[2026-05-14T17:34:11.673+0000] {processor.py:183} INFO - Processing /opt/airflow/dags/main.py took 0.187 seconds
[2026-05-14T17:34:41.794+0000] {processor.py:161} INFO - Started process (PID=2940) to work on /opt/airflow/dags/main.py
[2026-05-14T17:34:41.796+0000] {processor.py:830} INFO - Processing file /opt/airflow/dags/main.py for tasks to queue
[2026-05-14T17:34:41.799+0000] {logging_mixin.py:188} INFO - [2026-05-14T17:34:41.799+0000] {dagbag.py:545} INFO - Filling up the DagBag from /opt/airflow/dags/main.py
[2026-05-14T17:34:41.859+0000] {processor.py:840} INFO - DAG(s) 'produce_json' retrieved from /opt/airflow/dags/main.py
[2026-05-14T17:34:41.887+0000] {logging_mixin.py:188} INFO - [2026-05-14T17:34:41.887+0000] {dag.py:3096} INFO - Sync 1 DAGs
[2026-05-14T17:34:41.913+0000] {logging_mixin.py:188} INFO - [2026-05-14T17:34:41.913+0000] {dag.py:3954} INFO - Setting next_dagrun for produce_json to 2026-05-14 13:00:00+00:00, run_after=2026-05-15 13:00:00+00:00
[2026-05-14T17:34:41.941+0000] {processor.py:183} INFO - Processing /opt/airflow/dags/main.py took 0.153 seconds
[2026-05-14T17:35:12.366+0000] {processor.py:161} INFO - Started process (PID=2947) to work on /opt/airflow/dags/main.py
[2026-05-14T17:35:12.368+0000] {processor.py:830} INFO - Processing file /opt/airflow/dags/main.py for tasks to queue
[2026-05-14T17:35:12.370+0000] {logging_mixin.py:188} INFO - [2026-05-14T17:35:12.370+0000] {dagbag.py:545} INFO - Filling up the DagBag from /opt/airflow/dags/main.py
[2026-05-14T17:35:12.443+0000] {processor.py:840} INFO - DAG(s) 'produce_json' retrieved from /opt/airflow/dags/main.py
[2026-05-14T17:35:12.468+0000] {logging_mixin.py:188} INFO - [2026-05-14T17:35:12.468+0000] {dag.py:3096} INFO - Sync 1 DAGs
[2026-05-14T17:35:12.495+0000] {logging_mixin.py:188} INFO - [2026-05-14T17:35:12.494+0000] {dag.py:3954} INFO - Setting next_dagrun for produce_json to 2026-05-14 13:00:00+00:00, run_after=2026-05-15 13:00:00+00:00
[2026-05-14T17:35:12.524+0000] {processor.py:183} INFO - Processing /opt/airflow/dags/main.py took 0.164 seconds
[2026-05-14T17:35:42.660+0000] {processor.py:161} INFO - Started process (PID=2954) to work on /opt/airflow/dags/main.py
[2026-05-14T17:35:42.661+0000] {processor.py:830} INFO - Processing file /opt/airflow/dags/main.py for tasks to queue
[2026-05-14T17:35:42.664+0000] {logging_mixin.py:188} INFO - [2026-05-14T17:35:42.664+0000] {dagbag.py:545} INFO - Filling up the DagBag from /opt/airflow/dags/main.py
[2026-05-14T17:35:42.743+0000] {processor.py:840} INFO - DAG(s) 'produce_json' retrieved from /opt/airflow/dags/main.py
[2026-05-14T17:35:42.773+0000] {logging_mixin.py:188} INFO - [2026-05-14T17:35:42.773+0000] {dag.py:3096} INFO - Sync 1 DAGs
[2026-05-14T17:35:42.798+0000] {logging_mixin.py:188} INFO - [2026-05-14T17:35:42.798+0000] {dag.py:3954} INFO - Setting next_dagrun for produce_json to 2026-05-14 13:00:00+00:00, run_after=2026-05-15 13:00:00+00:00
[2026-05-14T17:35:42.824+0000] {processor.py:183} INFO - Processing /opt/airflow/dags/main.py took 0.174 seconds
[2026-05-14T17:36:13.092+0000] {processor.py:161} INFO - Started process (PID=2961) to work on /opt/airflow/dags/main.py
[2026-05-14T17:36:13.095+0000] {processor.py:830} INFO - Processing file /opt/airflow/dags/main.py for tasks to queue
[2026-05-14T17:36:13.100+0000] {logging_mixin.py:188} INFO - [2026-05-14T17:36:13.099+0000] {dagbag.py:545} INFO - Filling up the DagBag from /opt/airflow/dags/main.py
[2026-05-14T17:36:13.189+0000] {processor.py:840} INFO - DAG(s) 'produce_json' retrieved from /opt/airflow/dags/main.py
[2026-05-14T17:36:13.222+0000] {logging_mixin.py:188} INFO - [2026-05-14T17:36:13.222+0000] {dag.py:3096} INFO - Sync 1 DAGs
[2026-05-14T17:36:13.254+0000] {logging_mixin.py:188} INFO - [2026-05-14T17:36:13.253+0000] {dag.py:3954} INFO - Setting next_dagrun for produce_json to 2026-05-14 13:00:00+00:00, run_after=2026-05-15 13:00:00+00:00
[2026-05-14T17:36:13.285+0000] {processor.py:183} INFO - Processing /opt/airflow/dags/main.py took 0.208 seconds
[2026-05-14T17:36:43.399+0000] {processor.py:161} INFO - Started process (PID=2968) to work on /opt/airflow/dags/main.py
[2026-05-14T17:36:43.401+0000] {processor.py:830} INFO - Processing file /opt/airflow/dags/main.py for tasks to queue
[2026-05-14T17:36:43.406+0000] {logging_mixin.py:188} INFO - [2026-05-14T17:36:43.405+0000] {dagbag.py:545} INFO - Filling up the DagBag from /opt/airflow/dags/main.py
[2026-05-14T17:36:43.493+0000] {processor.py:840} INFO - DAG(s) 'produce_json' retrieved from /opt/airflow/dags/main.py
[2026-05-14T17:36:43.535+0000] {logging_mixin.py:188} INFO - [2026-05-14T17:36:43.534+0000] {dag.py:3096} INFO - Sync 1 DAGs
[2026-05-14T17:36:43.568+0000] {logging_mixin.py:188} INFO - [2026-05-14T17:36:43.568+0000] {dag.py:3954} INFO - Setting next_dagrun for produce_json to 2026-05-14 13:00:00+00:00, run_after=2026-05-15 13:00:00+00:00
[2026-05-14T17:36:43.605+0000] {processor.py:183} INFO - Processing /opt/airflow/dags/main.py took 0.217 seconds
[2026-05-14T17:37:13.843+0000] {processor.py:161} INFO - Started process (PID=2975) to work on /opt/airflow/dags/main.py
[2026-05-14T17:37:13.845+0000] {processor.py:830} INFO - Processing file /opt/airflow/dags/main.py for tasks to queue
[2026-05-14T17:37:13.849+0000] {logging_mixin.py:188} INFO - [2026-05-14T17:37:13.848+0000] {dagbag.py:545} INFO - Filling up the DagBag from /opt/airflow/dags/main.py
[2026-05-14T17:37:13.920+0000] {processor.py:840} INFO - DAG(s) 'produce_json' retrieved from /opt/airflow/dags/main.py
[2026-05-14T17:37:13.951+0000] {logging_mixin.py:188} INFO - [2026-05-14T17:37:13.950+0000] {dag.py:3096} INFO - Sync 1 DAGs
[2026-05-14T17:37:13.981+0000] {logging_mixin.py:188} INFO - [2026-05-14T17:37:13.981+0000] {dag.py:3954} INFO - Setting next_dagrun for produce_json to 2026-05-14 13:00:00+00:00, run_after=2026-05-15 13:00:00+00:00
[2026-05-14T17:37:14.019+0000] {processor.py:183} INFO - Processing /opt/airflow/dags/main.py took 0.184 seconds
[2026-05-14T17:37:44.161+0000] {processor.py:161} INFO - Started process (PID=2983) to work on /opt/airflow/dags/main.py
[2026-05-14T17:37:44.163+0000] {processor.py:830} INFO - Processing file /opt/airflow/dags/main.py for tasks to queue
[2026-05-14T17:37:44.166+0000] {logging_mixin.py:188} INFO - [2026-05-14T17:37:44.165+0000] {dagbag.py:545} INFO - Filling up the DagBag from /opt/airflow/dags/main.py
[2026-05-14T17:37:44.230+0000] {processor.py:840} INFO - DAG(s) 'produce_json' retrieved from /opt/airflow/dags/main.py
[2026-05-14T17:37:44.259+0000] {logging_mixin.py:188} INFO - [2026-05-14T17:37:44.259+0000] {dag.py:3096} INFO - Sync 1 DAGs
[2026-05-14T17:37:44.290+0000] {logging_mixin.py:188} INFO - [2026-05-14T17:37:44.290+0000] {dag.py:3954} INFO - Setting next_dagrun for produce_json to 2026-05-14 13:00:00+00:00, run_after=2026-05-15 13:00:00+00:00
[2026-05-14T17:37:44.318+0000] {processor.py:183} INFO - Processing /opt/airflow/dags/main.py took 0.165 seconds
[2026-05-14T17:38:14.584+0000] {processor.py:161} INFO - Started process (PID=2990) to work on /opt/airflow/dags/main.py
[2026-05-14T17:38:14.586+0000] {processor.py:830} INFO - Processing file /opt/airflow/dags/main.py for tasks to queue
[2026-05-14T17:38:14.590+0000] {logging_mixin.py:188} INFO - [2026-05-14T17:38:14.588+0000] {dagbag.py:545} INFO - Filling up the DagBag from /opt/airflow/dags/main.py
[2026-05-14T17:38:14.655+0000] {processor.py:840} INFO - DAG(s) 'produce_json' retrieved from /opt/airflow/dags/main.py
[2026-05-14T17:38:14.681+0000] {logging_mixin.py:188} INFO - [2026-05-14T17:38:14.681+0000] {dag.py:3096} INFO - Sync 1 DAGs
[2026-05-14T17:38:14.707+0000] {logging_mixin.py:188} INFO - [2026-05-14T17:38:14.707+0000] {dag.py:3954} INFO - Setting next_dagrun for produce_json to 2026-05-14 13:00:00+00:00, run_after=2026-05-15 13:00:00+00:00
[2026-05-14T17:38:14.738+0000] {processor.py:183} INFO - Processing /opt/airflow/dags/main.py took 0.160 seconds
[2026-05-14T17:38:44.845+0000] {processor.py:161} INFO - Started process (PID=2997) to work on /opt/airflow/dags/main.py
[2026-05-14T17:38:44.847+0000] {processor.py:830} INFO - Processing file /opt/airflow/dags/main.py for tasks to queue
[2026-05-14T17:38:44.851+0000] {logging_mixin.py:188} INFO - [2026-05-14T17:38:44.850+0000] {dagbag.py:545} INFO - Filling up the DagBag from /opt/airflow/dags/main.py
[2026-05-14T17:38:44.907+0000] {processor.py:840} INFO - DAG(s) 'produce_json' retrieved from /opt/airflow/dags/main.py
[2026-05-14T17:38:44.931+0000] {logging_mixin.py:188} INFO - [2026-05-14T17:38:44.931+0000] {dag.py:3096} INFO - Sync 1 DAGs
[2026-05-14T17:38:44.956+0000] {logging_mixin.py:188} INFO - [2026-05-14T17:38:44.956+0000] {dag.py:3954} INFO - Setting next_dagrun for produce_json to 2026-05-14 13:00:00+00:00, run_after=2026-05-15 13:00:00+00:00
[2026-05-14T17:38:44.984+0000] {processor.py:183} INFO - Processing /opt/airflow/dags/main.py took 0.145 seconds
[2026-05-14T17:39:15.318+0000] {processor.py:161} INFO - Started process (PID=3005) to work on /opt/airflow/dags/main.py
[2026-05-14T17:39:15.320+0000] {processor.py:830} INFO - Processing file /opt/airflow/dags/main.py for tasks to queue
[2026-05-14T17:39:15.322+0000] {logging_mixin.py:188} INFO - [2026-05-14T17:39:15.322+0000] {dagbag.py:545} INFO - Filling up the DagBag from /opt/airflow/dags/main.py
[2026-05-14T17:39:15.390+0000] {processor.py:840} INFO - DAG(s) 'produce_json' retrieved from /opt/airflow/dags/main.py
[2026-05-14T17:39:15.417+0000] {logging_mixin.py:188} INFO - [2026-05-14T17:39:15.416+0000] {dag.py:3096} INFO - Sync 1 DAGs
[2026-05-14T17:39:15.444+0000] {logging_mixin.py:188} INFO - [2026-05-14T17:39:15.444+0000] {dag.py:3954} INFO - Setting next_dagrun for produce_json to 2026-05-14 13:00:00+00:00, run_after=2026-05-15 13:00:00+00:00
[2026-05-14T17:39:15.479+0000] {processor.py:183} INFO - Processing /opt/airflow/dags/main.py took 0.168 seconds
[2026-05-14T17:39:45.593+0000] {processor.py:161} INFO - Started process (PID=3012) to work on /opt/airflow/dags/main.py
[2026-05-14T17:39:45.594+0000] {processor.py:830} INFO - Processing file /opt/airflow/dags/main.py for tasks to queue
[2026-05-14T17:39:45.598+0000] {logging_mixin.py:188} INFO - [2026-05-14T17:39:45.597+0000] {dagbag.py:545} INFO - Filling up the DagBag from /opt/airflow/dags/main.py
[2026-05-14T17:39:45.662+0000] {processor.py:840} INFO - DAG(s) 'produce_json' retrieved from /opt/airflow/dags/main.py
[2026-05-14T17:39:45.687+0000] {logging_mixin.py:188} INFO - [2026-05-14T17:39:45.687+0000] {dag.py:3096} INFO - Sync 1 DAGs
[2026-05-14T17:39:45.710+0000] {logging_mixin.py:188} INFO - [2026-05-14T17:39:45.710+0000] {dag.py:3954} INFO - Setting next_dagrun for produce_json to 2026-05-14 13:00:00+00:00, run_after=2026-05-15 13:00:00+00:00
[2026-05-14T17:39:45.744+0000] {processor.py:183} INFO - Processing /opt/airflow/dags/main.py took 0.160 seconds
[2026-05-14T17:40:16.173+0000] {processor.py:161} INFO - Started process (PID=3019) to work on /opt/airflow/dags/main.py
[2026-05-14T17:40:16.175+0000] {processor.py:830} INFO - Processing file /opt/airflow/dags/main.py for tasks to queue
[2026-05-14T17:40:16.177+0000] {logging_mixin.py:188} INFO - [2026-05-14T17:40:16.177+0000] {dagbag.py:545} INFO - Filling up the DagBag from /opt/airflow/dags/main.py
[2026-05-14T17:40:16.253+0000] {processor.py:840} INFO - DAG(s) 'produce_json' retrieved from /opt/airflow/dags/main.py
[2026-05-14T17:40:16.283+0000] {logging_mixin.py:188} INFO - [2026-05-14T17:40:16.282+0000] {dag.py:3096} INFO - Sync 1 DAGs
[2026-05-14T17:40:16.308+0000] {logging_mixin.py:188} INFO - [2026-05-14T17:40:16.308+0000] {dag.py:3954} INFO - Setting next_dagrun for produce_json to 2026-05-14 13:00:00+00:00, run_after=2026-05-15 13:00:00+00:00
[2026-05-14T17:40:16.346+0000] {processor.py:183} INFO - Processing /opt/airflow/dags/main.py took 0.179 seconds
[2026-05-14T17:40:46.464+0000] {processor.py:161} INFO - Started process (PID=3026) to work on /opt/airflow/dags/main.py
[2026-05-14T17:40:46.466+0000] {processor.py:830} INFO - Processing file /opt/airflow/dags/main.py for tasks to queue
[2026-05-14T17:40:46.469+0000] {logging_mixin.py:188} INFO - [2026-05-14T17:40:46.469+0000] {dagbag.py:545} INFO - Filling up the DagBag from /opt/airflow/dags/main.py
[2026-05-14T17:40:46.533+0000] {processor.py:840} INFO - DAG(s) 'produce_json' retrieved from /opt/airflow/dags/main.py
[2026-05-14T17:40:46.558+0000] {logging_mixin.py:188} INFO - [2026-05-14T17:40:46.558+0000] {dag.py:3096} INFO - Sync 1 DAGs
[2026-05-14T17:40:46.581+0000] {logging_mixin.py:188} INFO - [2026-05-14T17:40:46.580+0000] {dag.py:3954} INFO - Setting next_dagrun for produce_json to 2026-05-14 13:00:00+00:00, run_after=2026-05-15 13:00:00+00:00
[2026-05-14T17:40:46.616+0000] {processor.py:183} INFO - Processing /opt/airflow/dags/main.py took 0.161 seconds
[2026-05-14T17:41:16.896+0000] {processor.py:161} INFO - Started process (PID=3033) to work on /opt/airflow/dags/main.py
[2026-05-14T17:41:16.898+0000] {processor.py:830} INFO - Processing file /opt/airflow/dags/main.py for tasks to queue
[2026-05-14T17:41:16.902+0000] {logging_mixin.py:188} INFO - [2026-05-14T17:41:16.901+0000] {dagbag.py:545} INFO - Filling up the DagBag from /opt/airflow/dags/main.py
[2026-05-14T17:41:16.980+0000] {processor.py:840} INFO - DAG(s) 'produce_json' retrieved from /opt/airflow/dags/main.py
[2026-05-14T17:41:17.006+0000] {logging_mixin.py:188} INFO - [2026-05-14T17:41:17.006+0000] {dag.py:3096} INFO - Sync 1 DAGs
[2026-05-14T17:41:17.033+0000] {logging_mixin.py:188} INFO - [2026-05-14T17:41:17.033+0000] {dag.py:3954} INFO - Setting next_dagrun for produce_json to 2026-05-14 13:00:00+00:00, run_after=2026-05-15 13:00:00+00:00
[2026-05-14T17:41:17.057+0000] {processor.py:183} INFO - Processing /opt/airflow/dags/main.py took 0.170 seconds
[2026-05-14T17:41:47.202+0000] {processor.py:161} INFO - Started process (PID=3040) to work on /opt/airflow/dags/main.py
[2026-05-14T17:41:47.204+0000] {processor.py:830} INFO - Processing file /opt/airflow/dags/main.py for tasks to queue
[2026-05-14T17:41:47.207+0000] {logging_mixin.py:188} INFO - [2026-05-14T17:41:47.206+0000] {dagbag.py:545} INFO - Filling up the DagBag from /opt/airflow/dags/main.py
[2026-05-14T17:41:47.280+0000] {processor.py:840} INFO - DAG(s) 'produce_json' retrieved from /opt/airflow/dags/main.py
[2026-05-14T17:41:47.308+0000] {logging_mixin.py:188} INFO - [2026-05-14T17:41:47.308+0000] {dag.py:3096} INFO - Sync 1 DAGs
[2026-05-14T17:41:47.331+0000] {logging_mixin.py:188} INFO - [2026-05-14T17:41:47.331+0000] {dag.py:3954} INFO - Setting next_dagrun for produce_json to 2026-05-14 13:00:00+00:00, run_after=2026-05-15 13:00:00+00:00
[2026-05-14T17:41:47.356+0000] {processor.py:183} INFO - Processing /opt/airflow/dags/main.py took 0.161 seconds
[2026-05-14T17:42:17.605+0000] {processor.py:161} INFO - Started process (PID=3047) to work on /opt/airflow/dags/main.py
[2026-05-14T17:42:17.607+0000] {processor.py:830} INFO - Processing file /opt/airflow/dags/main.py for tasks to queue
[2026-05-14T17:42:17.610+0000] {logging_mixin.py:188} INFO - [2026-05-14T17:42:17.610+0000] {dagbag.py:545} INFO - Filling up the DagBag from /opt/airflow/dags/main.py
[2026-05-14T17:42:17.678+0000] {processor.py:840} INFO - DAG(s) 'produce_json' retrieved from /opt/airflow/dags/main.py
[2026-05-14T17:42:17.702+0000] {logging_mixin.py:188} INFO - [2026-05-14T17:42:17.702+0000] {dag.py:3096} INFO - Sync 1 DAGs
[2026-05-14T17:42:17.727+0000] {logging_mixin.py:188} INFO - [2026-05-14T17:42:17.727+0000] {dag.py:3954} INFO - Setting next_dagrun for produce_json to 2026-05-14 13:00:00+00:00, run_after=2026-05-15 13:00:00+00:00
[2026-05-14T17:42:17.752+0000] {processor.py:183} INFO - Processing /opt/airflow/dags/main.py took 0.154 seconds
[2026-05-14T17:42:47.893+0000] {processor.py:161} INFO - Started process (PID=3054) to work on /opt/airflow/dags/main.py
[2026-05-14T17:42:47.896+0000] {processor.py:830} INFO - Processing file /opt/airflow/dags/main.py for tasks to queue
[2026-05-14T17:42:47.898+0000] {logging_mixin.py:188} INFO - [2026-05-14T17:42:47.898+0000] {dagbag.py:545} INFO - Filling up the DagBag from /opt/airflow/dags/main.py
[2026-05-14T17:42:47.966+0000] {processor.py:840} INFO - DAG(s) 'produce_json' retrieved from /opt/airflow/dags/main.py
[2026-05-14T17:42:47.993+0000] {logging_mixin.py:188} INFO - [2026-05-14T17:42:47.993+0000] {dag.py:3096} INFO - Sync 1 DAGs
[2026-05-14T17:42:48.019+0000] {logging_mixin.py:188} INFO - [2026-05-14T17:42:48.018+0000] {dag.py:3954} INFO - Setting next_dagrun for produce_json to 2026-05-14 13:00:00+00:00, run_after=2026-05-15 13:00:00+00:00
[2026-05-14T17:42:48.051+0000] {processor.py:183} INFO - Processing /opt/airflow/dags/main.py took 0.166 seconds
[2026-05-14T17:43:18.318+0000] {processor.py:161} INFO - Started process (PID=3061) to work on /opt/airflow/dags/main.py
[2026-05-14T17:43:18.320+0000] {processor.py:830} INFO - Processing file /opt/airflow/dags/main.py for tasks to queue
[2026-05-14T17:43:18.323+0000] {logging_mixin.py:188} INFO - [2026-05-14T17:43:18.323+0000] {dagbag.py:545} INFO - Filling up the DagBag from /opt/airflow/dags/main.py
[2026-05-14T17:43:18.391+0000] {processor.py:840} INFO - DAG(s) 'produce_json' retrieved from /opt/airflow/dags/main.py
[2026-05-14T17:43:18.418+0000] {logging_mixin.py:188} INFO - [2026-05-14T17:43:18.418+0000] {dag.py:3096} INFO - Sync 1 DAGs
[2026-05-14T17:43:18.443+0000] {logging_mixin.py:188} INFO - [2026-05-14T17:43:18.443+0000] {dag.py:3954} INFO - Setting next_dagrun for produce_json to 2026-05-14 13:00:00+00:00, run_after=2026-05-15 13:00:00+00:00
[2026-05-14T17:43:18.477+0000] {processor.py:183} INFO - Processing /opt/airflow/dags/main.py took 0.166 seconds
[2026-05-14T17:43:48.612+0000] {processor.py:161} INFO - Started process (PID=3068) to work on /opt/airflow/dags/main.py
[2026-05-14T17:43:48.614+0000] {processor.py:830} INFO - Processing file /opt/airflow/dags/main.py for tasks to queue
[2026-05-14T17:43:48.618+0000] {logging_mixin.py:188} INFO - [2026-05-14T17:43:48.618+0000] {dagbag.py:545} INFO - Filling up the DagBag from /opt/airflow/dags/main.py
[2026-05-14T17:43:48.680+0000] {processor.py:840} INFO - DAG(s) 'produce_json' retrieved from /opt/airflow/dags/main.py
[2026-05-14T17:43:48.706+0000] {logging_mixin.py:188} INFO - [2026-05-14T17:43:48.705+0000] {dag.py:3096} INFO - Sync 1 DAGs
[2026-05-14T17:43:48.730+0000] {logging_mixin.py:188} INFO - [2026-05-14T17:43:48.730+0000] {dag.py:3954} INFO - Setting next_dagrun for produce_json to 2026-05-14 13:00:00+00:00, run_after=2026-05-15 13:00:00+00:00
[2026-05-14T17:43:48.756+0000] {processor.py:183} INFO - Processing /opt/airflow/dags/main.py took 0.151 seconds
[2026-05-14T17:44:19.027+0000] {processor.py:161} INFO - Started process (PID=3075) to work on /opt/airflow/dags/main.py
[2026-05-14T17:44:19.029+0000] {processor.py:830} INFO - Processing file /opt/airflow/dags/main.py for tasks to queue
[2026-05-14T17:44:19.033+0000] {logging_mixin.py:188} INFO - [2026-05-14T17:44:19.032+0000] {dagbag.py:545} INFO - Filling up the DagBag from /opt/airflow/dags/main.py
[2026-05-14T17:44:19.113+0000] {processor.py:840} INFO - DAG(s) 'produce_json' retrieved from /opt/airflow/dags/main.py
[2026-05-14T17:44:19.144+0000] {logging_mixin.py:188} INFO - [2026-05-14T17:44:19.144+0000] {dag.py:3096} INFO - Sync 1 DAGs
[2026-05-14T17:44:19.174+0000] {logging_mixin.py:188} INFO - [2026-05-14T17:44:19.173+0000] {dag.py:3954} INFO - Setting next_dagrun for produce_json to 2026-05-14 13:00:00+00:00, run_after=2026-05-15 13:00:00+00:00
[2026-05-14T17:44:19.202+0000] {processor.py:183} INFO - Processing /opt/airflow/dags/main.py took 0.186 seconds
[2026-05-14T17:44:49.332+0000] {processor.py:161} INFO - Started process (PID=3083) to work on /opt/airflow/dags/main.py
[2026-05-14T17:44:49.335+0000] {processor.py:830} INFO - Processing file /opt/airflow/dags/main.py for tasks to queue
[2026-05-14T17:44:49.338+0000] {logging_mixin.py:188} INFO - [2026-05-14T17:44:49.338+0000] {dagbag.py:545} INFO - Filling up the DagBag from /opt/airflow/dags/main.py
[2026-05-14T17:44:49.409+0000] {processor.py:840} INFO - DAG(s) 'produce_json' retrieved from /opt/airflow/dags/main.py
[2026-05-14T17:44:49.437+0000] {logging_mixin.py:188} INFO - [2026-05-14T17:44:49.437+0000] {dag.py:3096} INFO - Sync 1 DAGs
[2026-05-14T17:44:49.465+0000] {logging_mixin.py:188} INFO - [2026-05-14T17:44:49.464+0000] {dag.py:3954} INFO - Setting next_dagrun for produce_json to 2026-05-14 13:00:00+00:00, run_after=2026-05-15 13:00:00+00:00
[2026-05-14T17:44:49.500+0000] {processor.py:183} INFO - Processing /opt/airflow/dags/main.py took 0.178 seconds
[2026-05-14T17:45:19.920+0000] {processor.py:161} INFO - Started process (PID=3090) to work on /opt/airflow/dags/main.py
[2026-05-14T17:45:19.922+0000] {processor.py:830} INFO - Processing file /opt/airflow/dags/main.py for tasks to queue
[2026-05-14T17:45:19.924+0000] {logging_mixin.py:188} INFO - [2026-05-14T17:45:19.924+0000] {dagbag.py:545} INFO - Filling up the DagBag from /opt/airflow/dags/main.py
[2026-05-14T17:45:19.984+0000] {processor.py:840} INFO - DAG(s) 'produce_json' retrieved from /opt/airflow/dags/main.py
[2026-05-14T17:45:20.008+0000] {logging_mixin.py:188} INFO - [2026-05-14T17:45:20.008+0000] {dag.py:3096} INFO - Sync 1 DAGs
[2026-05-14T17:45:20.031+0000] {logging_mixin.py:188} INFO - [2026-05-14T17:45:20.031+0000] {dag.py:3954} INFO - Setting next_dagrun for produce_json to 2026-05-14 13:00:00+00:00, run_after=2026-05-15 13:00:00+00:00
[2026-05-14T17:45:20.055+0000] {processor.py:183} INFO - Processing /opt/airflow/dags/main.py took 0.140 seconds
[2026-05-14T17:45:50.225+0000] {processor.py:161} INFO - Started process (PID=3097) to work on /opt/airflow/dags/main.py
[2026-05-14T17:45:50.226+0000] {processor.py:830} INFO - Processing file /opt/airflow/dags/main.py for tasks to queue
[2026-05-14T17:45:50.229+0000] {logging_mixin.py:188} INFO - [2026-05-14T17:45:50.228+0000] {dagbag.py:545} INFO - Filling up the DagBag from /opt/airflow/dags/main.py
[2026-05-14T17:45:50.292+0000] {processor.py:840} INFO - DAG(s) 'produce_json' retrieved from /opt/airflow/dags/main.py
[2026-05-14T17:45:50.316+0000] {logging_mixin.py:188} INFO - [2026-05-14T17:45:50.316+0000] {dag.py:3096} INFO - Sync 1 DAGs
[2026-05-14T17:45:50.341+0000] {logging_mixin.py:188} INFO - [2026-05-14T17:45:50.341+0000] {dag.py:3954} INFO - Setting next_dagrun for produce_json to 2026-05-14 13:00:00+00:00, run_after=2026-05-15 13:00:00+00:00
[2026-05-14T17:45:50.366+0000] {processor.py:183} INFO - Processing /opt/airflow/dags/main.py took 0.147 seconds
[2026-05-14T17:46:20.635+0000] {processor.py:161} INFO - Started process (PID=3104) to work on /opt/airflow/dags/main.py
[2026-05-14T17:46:20.637+0000] {processor.py:830} INFO - Processing file /opt/airflow/dags/main.py for tasks to queue
[2026-05-14T17:46:20.643+0000] {logging_mixin.py:188} INFO - [2026-05-14T17:46:20.642+0000] {dagbag.py:545} INFO - Filling up the DagBag from /opt/airflow/dags/main.py
[2026-05-14T17:46:20.740+0000] {processor.py:840} INFO - DAG(s) 'produce_json' retrieved from /opt/airflow/dags/main.py
[2026-05-14T17:46:20.769+0000] {logging_mixin.py:188} INFO - [2026-05-14T17:46:20.769+0000] {dag.py:3096} INFO - Sync 1 DAGs
[2026-05-14T17:46:20.797+0000] {logging_mixin.py:188} INFO - [2026-05-14T17:46:20.797+0000] {dag.py:3954} INFO - Setting next_dagrun for produce_json to 2026-05-14 13:00:00+00:00, run_after=2026-05-15 13:00:00+00:00
[2026-05-14T17:46:20.823+0000] {processor.py:183} INFO - Processing /opt/airflow/dags/main.py took 0.203 seconds
[2026-05-14T17:46:50.902+0000] {processor.py:161} INFO - Started process (PID=3111) to work on /opt/airflow/dags/main.py
[2026-05-14T17:46:50.903+0000] {processor.py:830} INFO - Processing file /opt/airflow/dags/main.py for tasks to queue
[2026-05-14T17:46:50.908+0000] {logging_mixin.py:188} INFO - [2026-05-14T17:46:50.907+0000] {dagbag.py:545} INFO - Filling up the DagBag from /opt/airflow/dags/main.py
[2026-05-14T17:46:50.971+0000] {processor.py:840} INFO - DAG(s) 'produce_json' retrieved from /opt/airflow/dags/main.py
[2026-05-14T17:46:50.997+0000] {logging_mixin.py:188} INFO - [2026-05-14T17:46:50.997+0000] {dag.py:3096} INFO - Sync 1 DAGs
[2026-05-14T17:46:51.023+0000] {logging_mixin.py:188} INFO - [2026-05-14T17:46:51.022+0000] {dag.py:3954} INFO - Setting next_dagrun for produce_json to 2026-05-14 13:00:00+00:00, run_after=2026-05-15 13:00:00+00:00
[2026-05-14T17:46:51.046+0000] {processor.py:183} INFO - Processing /opt/airflow/dags/main.py took 0.152 seconds
[2026-05-14T17:47:21.175+0000] {processor.py:161} INFO - Started process (PID=3118) to work on /opt/airflow/dags/main.py
[2026-05-14T17:47:21.177+0000] {processor.py:830} INFO - Processing file /opt/airflow/dags/main.py for tasks to queue
[2026-05-14T17:47:21.180+0000] {logging_mixin.py:188} INFO - [2026-05-14T17:47:21.179+0000] {dagbag.py:545} INFO - Filling up the DagBag from /opt/airflow/dags/main.py
[2026-05-14T17:47:21.237+0000] {processor.py:840} INFO - DAG(s) 'produce_json' retrieved from /opt/airflow/dags/main.py
[2026-05-14T17:47:21.263+0000] {logging_mixin.py:188} INFO - [2026-05-14T17:47:21.263+0000] {dag.py:3096} INFO - Sync 1 DAGs
[2026-05-14T17:47:21.287+0000] {logging_mixin.py:188} INFO - [2026-05-14T17:47:21.287+0000] {dag.py:3954} INFO - Setting next_dagrun for produce_json to 2026-05-14 13:00:00+00:00, run_after=2026-05-15 13:00:00+00:00
[2026-05-14T17:47:21.311+0000] {processor.py:183} INFO - Processing /opt/airflow/dags/main.py took 0.144 seconds
[2026-05-14T17:47:51.593+0000] {processor.py:161} INFO - Started process (PID=3125) to work on /opt/airflow/dags/main.py
[2026-05-14T17:47:51.594+0000] {processor.py:830} INFO - Processing file /opt/airflow/dags/main.py for tasks to queue
[2026-05-14T17:47:51.597+0000] {logging_mixin.py:188} INFO - [2026-05-14T17:47:51.596+0000] {dagbag.py:545} INFO - Filling up the DagBag from /opt/airflow/dags/main.py
[2026-05-14T17:47:51.659+0000] {processor.py:840} INFO - DAG(s) 'produce_json' retrieved from /opt/airflow/dags/main.py
[2026-05-14T17:47:51.685+0000] {logging_mixin.py:188} INFO - [2026-05-14T17:47:51.685+0000] {dag.py:3096} INFO - Sync 1 DAGs
[2026-05-14T17:47:51.716+0000] {logging_mixin.py:188} INFO - [2026-05-14T17:47:51.716+0000] {dag.py:3954} INFO - Setting next_dagrun for produce_json to 2026-05-14 13:00:00+00:00, run_after=2026-05-15 13:00:00+00:00
[2026-05-14T17:47:51.753+0000] {processor.py:183} INFO - Processing /opt/airflow/dags/main.py took 0.166 seconds
[2026-05-14T17:48:21.894+0000] {processor.py:161} INFO - Started process (PID=3132) to work on /opt/airflow/dags/main.py
[2026-05-14T17:48:21.896+0000] {processor.py:830} INFO - Processing file /opt/airflow/dags/main.py for tasks to queue
[2026-05-14T17:48:21.898+0000] {logging_mixin.py:188} INFO - [2026-05-14T17:48:21.898+0000] {dagbag.py:545} INFO - Filling up the DagBag from /opt/airflow/dags/main.py
[2026-05-14T17:48:21.960+0000] {processor.py:840} INFO - DAG(s) 'produce_json' retrieved from /opt/airflow/dags/main.py
[2026-05-14T17:48:21.986+0000] {logging_mixin.py:188} INFO - [2026-05-14T17:48:21.986+0000] {dag.py:3096} INFO - Sync 1 DAGs
[2026-05-14T17:48:22.012+0000] {logging_mixin.py:188} INFO - [2026-05-14T17:48:22.012+0000] {dag.py:3954} INFO - Setting next_dagrun for produce_json to 2026-05-14 13:00:00+00:00, run_after=2026-05-15 13:00:00+00:00
[2026-05-14T17:48:22.048+0000] {processor.py:183} INFO - Processing /opt/airflow/dags/main.py took 0.160 seconds
[2026-05-14T17:48:52.317+0000] {processor.py:161} INFO - Started process (PID=3139) to work on /opt/airflow/dags/main.py
[2026-05-14T17:48:52.319+0000] {processor.py:830} INFO - Processing file /opt/airflow/dags/main.py for tasks to queue
[2026-05-14T17:48:52.321+0000] {logging_mixin.py:188} INFO - [2026-05-14T17:48:52.320+0000] {dagbag.py:545} INFO - Filling up the DagBag from /opt/airflow/dags/main.py
[2026-05-14T17:48:52.381+0000] {processor.py:840} INFO - DAG(s) 'produce_json' retrieved from /opt/airflow/dags/main.py
[2026-05-14T17:48:52.406+0000] {logging_mixin.py:188} INFO - [2026-05-14T17:48:52.406+0000] {dag.py:3096} INFO - Sync 1 DAGs
[2026-05-14T17:48:52.430+0000] {logging_mixin.py:188} INFO - [2026-05-14T17:48:52.429+0000] {dag.py:3954} INFO - Setting next_dagrun for produce_json to 2026-05-14 13:00:00+00:00, run_after=2026-05-15 13:00:00+00:00
[2026-05-14T17:48:52.467+0000] {processor.py:183} INFO - Processing /opt/airflow/dags/main.py took 0.157 seconds
[2026-05-14T17:49:22.619+0000] {processor.py:161} INFO - Started process (PID=3146) to work on /opt/airflow/dags/main.py
[2026-05-14T17:49:22.621+0000] {processor.py:830} INFO - Processing file /opt/airflow/dags/main.py for tasks to queue
[2026-05-14T17:49:22.624+0000] {logging_mixin.py:188} INFO - [2026-05-14T17:49:22.624+0000] {dagbag.py:545} INFO - Filling up the DagBag from /opt/airflow/dags/main.py
[2026-05-14T17:49:22.704+0000] {processor.py:840} INFO - DAG(s) 'produce_json' retrieved from /opt/airflow/dags/main.py
[2026-05-14T17:49:22.730+0000] {logging_mixin.py:188} INFO - [2026-05-14T17:49:22.730+0000] {dag.py:3096} INFO - Sync 1 DAGs
[2026-05-14T17:49:22.757+0000] {logging_mixin.py:188} INFO - [2026-05-14T17:49:22.757+0000] {dag.py:3954} INFO - Setting next_dagrun for produce_json to 2026-05-14 13:00:00+00:00, run_after=2026-05-15 13:00:00+00:00
[2026-05-14T17:49:22.784+0000] {processor.py:183} INFO - Processing /opt/airflow/dags/main.py took 0.172 seconds
[2026-05-14T17:49:53.016+0000] {processor.py:161} INFO - Started process (PID=3153) to work on /opt/airflow/dags/main.py
[2026-05-14T17:49:53.017+0000] {processor.py:830} INFO - Processing file /opt/airflow/dags/main.py for tasks to queue
[2026-05-14T17:49:53.020+0000] {logging_mixin.py:188} INFO - [2026-05-14T17:49:53.020+0000] {dagbag.py:545} INFO - Filling up the DagBag from /opt/airflow/dags/main.py
[2026-05-14T17:49:53.090+0000] {processor.py:840} INFO - DAG(s) 'produce_json' retrieved from /opt/airflow/dags/main.py
[2026-05-14T17:49:53.117+0000] {logging_mixin.py:188} INFO - [2026-05-14T17:49:53.117+0000] {dag.py:3096} INFO - Sync 1 DAGs
[2026-05-14T17:49:53.141+0000] {logging_mixin.py:188} INFO - [2026-05-14T17:49:53.141+0000] {dag.py:3954} INFO - Setting next_dagrun for produce_json to 2026-05-14 13:00:00+00:00, run_after=2026-05-15 13:00:00+00:00
[2026-05-14T17:49:53.167+0000] {processor.py:183} INFO - Processing /opt/airflow/dags/main.py took 0.159 seconds
[2026-05-14T17:50:23.478+0000] {processor.py:161} INFO - Started process (PID=3160) to work on /opt/airflow/dags/main.py
[2026-05-14T17:50:23.480+0000] {processor.py:830} INFO - Processing file /opt/airflow/dags/main.py for tasks to queue
[2026-05-14T17:50:23.483+0000] {logging_mixin.py:188} INFO - [2026-05-14T17:50:23.482+0000] {dagbag.py:545} INFO - Filling up the DagBag from /opt/airflow/dags/main.py
[2026-05-14T17:50:23.541+0000] {processor.py:840} INFO - DAG(s) 'produce_json' retrieved from /opt/airflow/dags/main.py
[2026-05-14T17:50:23.565+0000] {logging_mixin.py:188} INFO - [2026-05-14T17:50:23.565+0000] {dag.py:3096} INFO - Sync 1 DAGs
[2026-05-14T17:50:23.589+0000] {logging_mixin.py:188} INFO - [2026-05-14T17:50:23.588+0000] {dag.py:3954} INFO - Setting next_dagrun for produce_json to 2026-05-14 13:00:00+00:00, run_after=2026-05-15 13:00:00+00:00
[2026-05-14T17:50:23.622+0000] {processor.py:183} INFO - Processing /opt/airflow/dags/main.py took 0.150 seconds
[2026-05-14T17:50:53.767+0000] {processor.py:161} INFO - Started process (PID=3167) to work on /opt/airflow/dags/main.py
[2026-05-14T17:50:53.769+0000] {processor.py:830} INFO - Processing file /opt/airflow/dags/main.py for tasks to queue
[2026-05-14T17:50:53.771+0000] {logging_mixin.py:188} INFO - [2026-05-14T17:50:53.771+0000] {dagbag.py:545} INFO - Filling up the DagBag from /opt/airflow/dags/main.py
[2026-05-14T17:50:53.829+0000] {processor.py:840} INFO - DAG(s) 'produce_json' retrieved from /opt/airflow/dags/main.py
[2026-05-14T17:50:53.853+0000] {logging_mixin.py:188} INFO - [2026-05-14T17:50:53.853+0000] {dag.py:3096} INFO - Sync 1 DAGs
[2026-05-14T17:50:53.880+0000] {logging_mixin.py:188} INFO - [2026-05-14T17:50:53.880+0000] {dag.py:3954} INFO - Setting next_dagrun for produce_json to 2026-05-14 13:00:00+00:00, run_after=2026-05-15 13:00:00+00:00
[2026-05-14T17:50:53.902+0000] {processor.py:183} INFO - Processing /opt/airflow/dags/main.py took 0.141 seconds
[2026-05-14T17:51:24.183+0000] {processor.py:161} INFO - Started process (PID=3174) to work on /opt/airflow/dags/main.py
[2026-05-14T17:51:24.185+0000] {processor.py:830} INFO - Processing file /opt/airflow/dags/main.py for tasks to queue
[2026-05-14T17:51:24.188+0000] {logging_mixin.py:188} INFO - [2026-05-14T17:51:24.188+0000] {dagbag.py:545} INFO - Filling up the DagBag from /opt/airflow/dags/main.py
[2026-05-14T17:51:24.245+0000] {processor.py:840} INFO - DAG(s) 'produce_json' retrieved from /opt/airflow/dags/main.py
[2026-05-14T17:51:24.269+0000] {logging_mixin.py:188} INFO - [2026-05-14T17:51:24.269+0000] {dag.py:3096} INFO - Sync 1 DAGs
[2026-05-14T17:51:24.298+0000] {logging_mixin.py:188} INFO - [2026-05-14T17:51:24.297+0000] {dag.py:3954} INFO - Setting next_dagrun for produce_json to 2026-05-14 13:00:00+00:00, run_after=2026-05-15 13:00:00+00:00
[2026-05-14T17:51:24.333+0000] {processor.py:183} INFO - Processing /opt/airflow/dags/main.py took 0.156 seconds
[2026-05-14T17:51:54.450+0000] {processor.py:161} INFO - Started process (PID=3181) to work on /opt/airflow/dags/main.py
[2026-05-14T17:51:54.451+0000] {processor.py:830} INFO - Processing file /opt/airflow/dags/main.py for tasks to queue
[2026-05-14T17:51:54.453+0000] {logging_mixin.py:188} INFO - [2026-05-14T17:51:54.453+0000] {dagbag.py:545} INFO - Filling up the DagBag from /opt/airflow/dags/main.py
[2026-05-14T17:51:54.519+0000] {processor.py:840} INFO - DAG(s) 'produce_json' retrieved from /opt/airflow/dags/main.py
[2026-05-14T17:51:54.555+0000] {logging_mixin.py:188} INFO - [2026-05-14T17:51:54.555+0000] {dag.py:3096} INFO - Sync 1 DAGs
[2026-05-14T17:51:54.580+0000] {logging_mixin.py:188} INFO - [2026-05-14T17:51:54.580+0000] {dag.py:3954} INFO - Setting next_dagrun for produce_json to 2026-05-14 13:00:00+00:00, run_after=2026-05-15 13:00:00+00:00
[2026-05-14T17:51:54.607+0000] {processor.py:183} INFO - Processing /opt/airflow/dags/main.py took 0.163 seconds
[2026-05-14T17:52:24.878+0000] {processor.py:161} INFO - Started process (PID=3194) to work on /opt/airflow/dags/main.py
[2026-05-14T17:52:24.880+0000] {processor.py:830} INFO - Processing file /opt/airflow/dags/main.py for tasks to queue
[2026-05-14T17:52:24.882+0000] {logging_mixin.py:188} INFO - [2026-05-14T17:52:24.882+0000] {dagbag.py:545} INFO - Filling up the DagBag from /opt/airflow/dags/main.py
[2026-05-14T17:52:24.945+0000] {processor.py:840} INFO - DAG(s) 'produce_json' retrieved from /opt/airflow/dags/main.py
[2026-05-14T17:52:24.972+0000] {logging_mixin.py:188} INFO - [2026-05-14T17:52:24.972+0000] {dag.py:3096} INFO - Sync 1 DAGs
[2026-05-14T17:52:24.998+0000] {logging_mixin.py:188} INFO - [2026-05-14T17:52:24.998+0000] {dag.py:3954} INFO - Setting next_dagrun for produce_json to 2026-05-14 13:00:00+00:00, run_after=2026-05-15 13:00:00+00:00
[2026-05-14T17:52:25.035+0000] {processor.py:183} INFO - Processing /opt/airflow/dags/main.py took 0.164 seconds
[2026-05-14T17:52:55.170+0000] {processor.py:161} INFO - Started process (PID=3201) to work on /opt/airflow/dags/main.py
[2026-05-14T17:52:55.172+0000] {processor.py:830} INFO - Processing file /opt/airflow/dags/main.py for tasks to queue
[2026-05-14T17:52:55.175+0000] {logging_mixin.py:188} INFO - [2026-05-14T17:52:55.174+0000] {dagbag.py:545} INFO - Filling up the DagBag from /opt/airflow/dags/main.py
[2026-05-14T17:52:55.247+0000] {processor.py:840} INFO - DAG(s) 'produce_json' retrieved from /opt/airflow/dags/main.py
[2026-05-14T17:52:55.278+0000] {logging_mixin.py:188} INFO - [2026-05-14T17:52:55.277+0000] {dag.py:3096} INFO - Sync 1 DAGs
[2026-05-14T17:52:55.311+0000] {logging_mixin.py:188} INFO - [2026-05-14T17:52:55.310+0000] {dag.py:3954} INFO - Setting next_dagrun for produce_json to 2026-05-14 13:00:00+00:00, run_after=2026-05-15 13:00:00+00:00
[2026-05-14T17:52:55.340+0000] {processor.py:183} INFO - Processing /opt/airflow/dags/main.py took 0.179 seconds
[2026-05-14T17:53:25.621+0000] {processor.py:161} INFO - Started process (PID=3208) to work on /opt/airflow/dags/main.py
[2026-05-14T17:53:25.623+0000] {processor.py:830} INFO - Processing file /opt/airflow/dags/main.py for tasks to queue
[2026-05-14T17:53:25.626+0000] {logging_mixin.py:188} INFO - [2026-05-14T17:53:25.626+0000] {dagbag.py:545} INFO - Filling up the DagBag from /opt/airflow/dags/main.py
[2026-05-14T17:53:25.690+0000] {processor.py:840} INFO - DAG(s) 'produce_json' retrieved from /opt/airflow/dags/main.py
[2026-05-14T17:53:25.715+0000] {logging_mixin.py:188} INFO - [2026-05-14T17:53:25.715+0000] {dag.py:3096} INFO - Sync 1 DAGs
[2026-05-14T17:53:25.740+0000] {logging_mixin.py:188} INFO - [2026-05-14T17:53:25.740+0000] {dag.py:3954} INFO - Setting next_dagrun for produce_json to 2026-05-14 13:00:00+00:00, run_after=2026-05-15 13:00:00+00:00
[2026-05-14T17:53:25.775+0000] {processor.py:183} INFO - Processing /opt/airflow/dags/main.py took 0.161 seconds
[2026-05-14T17:53:55.893+0000] {processor.py:161} INFO - Started process (PID=3215) to work on /opt/airflow/dags/main.py
[2026-05-14T17:53:55.894+0000] {processor.py:830} INFO - Processing file /opt/airflow/dags/main.py for tasks to queue
[2026-05-14T17:53:55.897+0000] {logging_mixin.py:188} INFO - [2026-05-14T17:53:55.896+0000] {dagbag.py:545} INFO - Filling up the DagBag from /opt/airflow/dags/main.py
[2026-05-14T17:53:55.953+0000] {processor.py:840} INFO - DAG(s) 'produce_json' retrieved from /opt/airflow/dags/main.py
[2026-05-14T17:53:55.977+0000] {logging_mixin.py:188} INFO - [2026-05-14T17:53:55.976+0000] {dag.py:3096} INFO - Sync 1 DAGs
[2026-05-14T17:53:56.004+0000] {logging_mixin.py:188} INFO - [2026-05-14T17:53:56.003+0000] {dag.py:3954} INFO - Setting next_dagrun for produce_json to 2026-05-14 13:00:00+00:00, run_after=2026-05-15 13:00:00+00:00
[2026-05-14T17:53:56.026+0000] {processor.py:183} INFO - Processing /opt/airflow/dags/main.py took 0.140 seconds
[2026-05-14T17:54:26.326+0000] {processor.py:161} INFO - Started process (PID=3222) to work on /opt/airflow/dags/main.py
[2026-05-14T17:54:26.328+0000] {processor.py:830} INFO - Processing file /opt/airflow/dags/main.py for tasks to queue
[2026-05-14T17:54:26.330+0000] {logging_mixin.py:188} INFO - [2026-05-14T17:54:26.330+0000] {dagbag.py:545} INFO - Filling up the DagBag from /opt/airflow/dags/main.py
[2026-05-14T17:54:26.388+0000] {processor.py:840} INFO - DAG(s) 'produce_json' retrieved from /opt/airflow/dags/main.py
[2026-05-14T17:54:26.415+0000] {logging_mixin.py:188} INFO - [2026-05-14T17:54:26.415+0000] {dag.py:3096} INFO - Sync 1 DAGs
[2026-05-14T17:54:26.439+0000] {logging_mixin.py:188} INFO - [2026-05-14T17:54:26.438+0000] {dag.py:3954} INFO - Setting next_dagrun for produce_json to 2026-05-14 13:00:00+00:00, run_after=2026-05-15 13:00:00+00:00
[2026-05-14T17:54:26.472+0000] {processor.py:183} INFO - Processing /opt/airflow/dags/main.py took 0.152 seconds
[2026-05-14T17:54:56.742+0000] {processor.py:161} INFO - Started process (PID=3229) to work on /opt/airflow/dags/main.py
[2026-05-14T17:54:56.743+0000] {processor.py:830} INFO - Processing file /opt/airflow/dags/main.py for tasks to queue
[2026-05-14T17:54:56.747+0000] {logging_mixin.py:188} INFO - [2026-05-14T17:54:56.746+0000] {dagbag.py:545} INFO - Filling up the DagBag from /opt/airflow/dags/main.py
[2026-05-14T17:54:56.806+0000] {processor.py:840} INFO - DAG(s) 'produce_json' retrieved from /opt/airflow/dags/main.py
[2026-05-14T17:54:56.831+0000] {logging_mixin.py:188} INFO - [2026-05-14T17:54:56.831+0000] {dag.py:3096} INFO - Sync 1 DAGs
[2026-05-14T17:54:56.854+0000] {logging_mixin.py:188} INFO - [2026-05-14T17:54:56.854+0000] {dag.py:3954} INFO - Setting next_dagrun for produce_json to 2026-05-14 13:00:00+00:00, run_after=2026-05-15 13:00:00+00:00
[2026-05-14T17:54:56.886+0000] {processor.py:183} INFO - Processing /opt/airflow/dags/main.py took 0.150 seconds
[2026-05-14T17:55:27.053+0000] {processor.py:161} INFO - Started process (PID=3236) to work on /opt/airflow/dags/main.py
[2026-05-14T17:55:27.055+0000] {processor.py:830} INFO - Processing file /opt/airflow/dags/main.py for tasks to queue
[2026-05-14T17:55:27.058+0000] {logging_mixin.py:188} INFO - [2026-05-14T17:55:27.057+0000] {dagbag.py:545} INFO - Filling up the DagBag from /opt/airflow/dags/main.py
[2026-05-14T17:55:27.125+0000] {processor.py:840} INFO - DAG(s) 'produce_json' retrieved from /opt/airflow/dags/main.py
[2026-05-14T17:55:27.154+0000] {logging_mixin.py:188} INFO - [2026-05-14T17:55:27.154+0000] {dag.py:3096} INFO - Sync 1 DAGs
[2026-05-14T17:55:27.184+0000] {logging_mixin.py:188} INFO - [2026-05-14T17:55:27.184+0000] {dag.py:3954} INFO - Setting next_dagrun for produce_json to 2026-05-14 13:00:00+00:00, run_after=2026-05-15 13:00:00+00:00
[2026-05-14T17:55:27.223+0000] {processor.py:183} INFO - Processing /opt/airflow/dags/main.py took 0.178 seconds
[2026-05-14T17:55:57.431+0000] {processor.py:161} INFO - Started process (PID=3244) to work on /opt/airflow/dags/main.py
[2026-05-14T17:55:57.433+0000] {processor.py:830} INFO - Processing file /opt/airflow/dags/main.py for tasks to queue
[2026-05-14T17:55:57.435+0000] {logging_mixin.py:188} INFO - [2026-05-14T17:55:57.435+0000] {dagbag.py:545} INFO - Filling up the DagBag from /opt/airflow/dags/main.py
[2026-05-14T17:55:57.499+0000] {processor.py:840} INFO - DAG(s) 'produce_json' retrieved from /opt/airflow/dags/main.py
[2026-05-14T17:55:57.532+0000] {logging_mixin.py:188} INFO - [2026-05-14T17:55:57.532+0000] {dag.py:3096} INFO - Sync 1 DAGs
[2026-05-14T17:55:57.566+0000] {logging_mixin.py:188} INFO - [2026-05-14T17:55:57.565+0000] {dag.py:3954} INFO - Setting next_dagrun for produce_json to 2026-05-14 13:00:00+00:00, run_after=2026-05-15 13:00:00+00:00
[2026-05-14T17:55:57.607+0000] {processor.py:183} INFO - Processing /opt/airflow/dags/main.py took 0.183 seconds
[2026-05-14T17:56:27.778+0000] {processor.py:161} INFO - Started process (PID=3252) to work on /opt/airflow/dags/main.py
[2026-05-14T17:56:27.781+0000] {processor.py:830} INFO - Processing file /opt/airflow/dags/main.py for tasks to queue
[2026-05-14T17:56:27.784+0000] {logging_mixin.py:188} INFO - [2026-05-14T17:56:27.783+0000] {dagbag.py:545} INFO - Filling up the DagBag from /opt/airflow/dags/main.py
[2026-05-14T17:56:27.846+0000] {processor.py:840} INFO - DAG(s) 'produce_json' retrieved from /opt/airflow/dags/main.py
[2026-05-14T17:56:27.876+0000] {logging_mixin.py:188} INFO - [2026-05-14T17:56:27.875+0000] {dag.py:3096} INFO - Sync 1 DAGs
[2026-05-14T17:56:27.903+0000] {logging_mixin.py:188} INFO - [2026-05-14T17:56:27.903+0000] {dag.py:3954} INFO - Setting next_dagrun for produce_json to 2026-05-14 13:00:00+00:00, run_after=2026-05-15 13:00:00+00:00
[2026-05-14T17:56:27.928+0000] {processor.py:183} INFO - Processing /opt/airflow/dags/main.py took 0.158 seconds
[2026-05-14T17:56:58.163+0000] {processor.py:161} INFO - Started process (PID=3259) to work on /opt/airflow/dags/main.py
[2026-05-14T17:56:58.164+0000] {processor.py:830} INFO - Processing file /opt/airflow/dags/main.py for tasks to queue
[2026-05-14T17:56:58.167+0000] {logging_mixin.py:188} INFO - [2026-05-14T17:56:58.167+0000] {dagbag.py:545} INFO - Filling up the DagBag from /opt/airflow/dags/main.py
[2026-05-14T17:56:58.231+0000] {processor.py:840} INFO - DAG(s) 'produce_json' retrieved from /opt/airflow/dags/main.py
[2026-05-14T17:56:58.258+0000] {logging_mixin.py:188} INFO - [2026-05-14T17:56:58.258+0000] {dag.py:3096} INFO - Sync 1 DAGs
[2026-05-14T17:56:58.288+0000] {logging_mixin.py:188} INFO - [2026-05-14T17:56:58.287+0000] {dag.py:3954} INFO - Setting next_dagrun for produce_json to 2026-05-14 13:00:00+00:00, run_after=2026-05-15 13:00:00+00:00
[2026-05-14T17:56:58.323+0000] {processor.py:183} INFO - Processing /opt/airflow/dags/main.py took 0.167 seconds
[2026-05-14T17:57:28.486+0000] {processor.py:161} INFO - Started process (PID=3266) to work on /opt/airflow/dags/main.py
[2026-05-14T17:57:28.487+0000] {processor.py:830} INFO - Processing file /opt/airflow/dags/main.py for tasks to queue
[2026-05-14T17:57:28.490+0000] {logging_mixin.py:188} INFO - [2026-05-14T17:57:28.489+0000] {dagbag.py:545} INFO - Filling up the DagBag from /opt/airflow/dags/main.py
[2026-05-14T17:57:28.557+0000] {processor.py:840} INFO - DAG(s) 'produce_json' retrieved from /opt/airflow/dags/main.py
[2026-05-14T17:57:28.587+0000] {logging_mixin.py:188} INFO - [2026-05-14T17:57:28.587+0000] {dag.py:3096} INFO - Sync 1 DAGs
[2026-05-14T17:57:28.613+0000] {logging_mixin.py:188} INFO - [2026-05-14T17:57:28.613+0000] {dag.py:3954} INFO - Setting next_dagrun for produce_json to 2026-05-14 13:00:00+00:00, run_after=2026-05-15 13:00:00+00:00
[2026-05-14T17:57:28.647+0000] {processor.py:183} INFO - Processing /opt/airflow/dags/main.py took 0.167 seconds
[2026-05-14T17:57:58.877+0000] {processor.py:161} INFO - Started process (PID=3273) to work on /opt/airflow/dags/main.py
[2026-05-14T17:57:58.879+0000] {processor.py:830} INFO - Processing file /opt/airflow/dags/main.py for tasks to queue
[2026-05-14T17:57:58.881+0000] {logging_mixin.py:188} INFO - [2026-05-14T17:57:58.881+0000] {dagbag.py:545} INFO - Filling up the DagBag from /opt/airflow/dags/main.py
[2026-05-14T17:57:58.948+0000] {processor.py:840} INFO - DAG(s) 'produce_json' retrieved from /opt/airflow/dags/main.py
[2026-05-14T17:57:58.977+0000] {logging_mixin.py:188} INFO - [2026-05-14T17:57:58.976+0000] {dag.py:3096} INFO - Sync 1 DAGs
[2026-05-14T17:57:59.004+0000] {logging_mixin.py:188} INFO - [2026-05-14T17:57:59.004+0000] {dag.py:3954} INFO - Setting next_dagrun for produce_json to 2026-05-14 13:00:00+00:00, run_after=2026-05-15 13:00:00+00:00
[2026-05-14T17:57:59.040+0000] {processor.py:183} INFO - Processing /opt/airflow/dags/main.py took 0.170 seconds
[2026-05-14T17:58:29.210+0000] {processor.py:161} INFO - Started process (PID=3280) to work on /opt/airflow/dags/main.py
[2026-05-14T17:58:29.211+0000] {processor.py:830} INFO - Processing file /opt/airflow/dags/main.py for tasks to queue
[2026-05-14T17:58:29.214+0000] {logging_mixin.py:188} INFO - [2026-05-14T17:58:29.213+0000] {dagbag.py:545} INFO - Filling up the DagBag from /opt/airflow/dags/main.py
[2026-05-14T17:58:29.275+0000] {processor.py:840} INFO - DAG(s) 'produce_json' retrieved from /opt/airflow/dags/main.py
[2026-05-14T17:58:29.306+0000] {logging_mixin.py:188} INFO - [2026-05-14T17:58:29.305+0000] {dag.py:3096} INFO - Sync 1 DAGs
[2026-05-14T17:58:29.333+0000] {logging_mixin.py:188} INFO - [2026-05-14T17:58:29.333+0000] {dag.py:3954} INFO - Setting next_dagrun for produce_json to 2026-05-14 13:00:00+00:00, run_after=2026-05-15 13:00:00+00:00
[2026-05-14T17:58:29.360+0000] {processor.py:183} INFO - Processing /opt/airflow/dags/main.py took 0.157 seconds
[2026-05-14T17:58:59.576+0000] {processor.py:161} INFO - Started process (PID=3287) to work on /opt/airflow/dags/main.py
[2026-05-14T17:58:59.578+0000] {processor.py:830} INFO - Processing file /opt/airflow/dags/main.py for tasks to queue
[2026-05-14T17:58:59.581+0000] {logging_mixin.py:188} INFO - [2026-05-14T17:58:59.580+0000] {dagbag.py:545} INFO - Filling up the DagBag from /opt/airflow/dags/main.py
[2026-05-14T17:58:59.641+0000] {processor.py:840} INFO - DAG(s) 'produce_json' retrieved from /opt/airflow/dags/main.py
[2026-05-14T17:58:59.669+0000] {logging_mixin.py:188} INFO - [2026-05-14T17:58:59.669+0000] {dag.py:3096} INFO - Sync 1 DAGs
[2026-05-14T17:58:59.695+0000] {logging_mixin.py:188} INFO - [2026-05-14T17:58:59.695+0000] {dag.py:3954} INFO - Setting next_dagrun for produce_json to 2026-05-14 13:00:00+00:00, run_after=2026-05-15 13:00:00+00:00
[2026-05-14T17:58:59.719+0000] {processor.py:183} INFO - Processing /opt/airflow/dags/main.py took 0.151 seconds
[2026-05-14T17:59:29.897+0000] {processor.py:161} INFO - Started process (PID=3294) to work on /opt/airflow/dags/main.py
[2026-05-14T17:59:29.898+0000] {processor.py:830} INFO - Processing file /opt/airflow/dags/main.py for tasks to queue
[2026-05-14T17:59:29.902+0000] {logging_mixin.py:188} INFO - [2026-05-14T17:59:29.901+0000] {dagbag.py:545} INFO - Filling up the DagBag from /opt/airflow/dags/main.py
[2026-05-14T17:59:29.961+0000] {processor.py:840} INFO - DAG(s) 'produce_json' retrieved from /opt/airflow/dags/main.py
[2026-05-14T17:59:29.988+0000] {logging_mixin.py:188} INFO - [2026-05-14T17:59:29.988+0000] {dag.py:3096} INFO - Sync 1 DAGs
[2026-05-14T17:59:30.015+0000] {logging_mixin.py:188} INFO - [2026-05-14T17:59:30.015+0000] {dag.py:3954} INFO - Setting next_dagrun for produce_json to 2026-05-14 13:00:00+00:00, run_after=2026-05-15 13:00:00+00:00
[2026-05-14T17:59:30.050+0000] {processor.py:183} INFO - Processing /opt/airflow/dags/main.py took 0.161 seconds
[2026-05-14T18:00:00.426+0000] {processor.py:161} INFO - Started process (PID=3301) to work on /opt/airflow/dags/main.py
[2026-05-14T18:00:00.427+0000] {processor.py:830} INFO - Processing file /opt/airflow/dags/main.py for tasks to queue
[2026-05-14T18:00:00.429+0000] {logging_mixin.py:188} INFO - [2026-05-14T18:00:00.429+0000] {dagbag.py:545} INFO - Filling up the DagBag from /opt/airflow/dags/main.py
[2026-05-14T18:00:00.488+0000] {processor.py:840} INFO - DAG(s) 'produce_json' retrieved from /opt/airflow/dags/main.py
[2026-05-14T18:00:00.512+0000] {logging_mixin.py:188} INFO - [2026-05-14T18:00:00.511+0000] {dag.py:3096} INFO - Sync 1 DAGs
[2026-05-14T18:00:00.536+0000] {logging_mixin.py:188} INFO - [2026-05-14T18:00:00.536+0000] {dag.py:3954} INFO - Setting next_dagrun for produce_json to 2026-05-14 13:00:00+00:00, run_after=2026-05-15 13:00:00+00:00
[2026-05-14T18:00:00.561+0000] {processor.py:183} INFO - Processing /opt/airflow/dags/main.py took 0.142 seconds
[2026-05-14T18:00:30.708+0000] {processor.py:161} INFO - Started process (PID=3307) to work on /opt/airflow/dags/main.py
[2026-05-14T18:00:30.710+0000] {processor.py:830} INFO - Processing file /opt/airflow/dags/main.py for tasks to queue
[2026-05-14T18:00:30.713+0000] {logging_mixin.py:188} INFO - [2026-05-14T18:00:30.713+0000] {dagbag.py:545} INFO - Filling up the DagBag from /opt/airflow/dags/main.py
[2026-05-14T18:00:30.779+0000] {processor.py:840} INFO - DAG(s) 'produce_json' retrieved from /opt/airflow/dags/main.py
[2026-05-14T18:00:30.807+0000] {logging_mixin.py:188} INFO - [2026-05-14T18:00:30.807+0000] {dag.py:3096} INFO - Sync 1 DAGs
[2026-05-14T18:00:30.831+0000] {logging_mixin.py:188} INFO - [2026-05-14T18:00:30.830+0000] {dag.py:3954} INFO - Setting next_dagrun for produce_json to 2026-05-14 13:00:00+00:00, run_after=2026-05-15 13:00:00+00:00
[2026-05-14T18:00:30.867+0000] {processor.py:183} INFO - Processing /opt/airflow/dags/main.py took 0.166 seconds
[2026-05-14T18:01:01.120+0000] {processor.py:161} INFO - Started process (PID=3314) to work on /opt/airflow/dags/main.py
[2026-05-14T18:01:01.122+0000] {processor.py:830} INFO - Processing file /opt/airflow/dags/main.py for tasks to queue
[2026-05-14T18:01:01.126+0000] {logging_mixin.py:188} INFO - [2026-05-14T18:01:01.125+0000] {dagbag.py:545} INFO - Filling up the DagBag from /opt/airflow/dags/main.py
[2026-05-14T18:01:01.231+0000] {processor.py:840} INFO - DAG(s) 'produce_json' retrieved from /opt/airflow/dags/main.py
[2026-05-14T18:01:01.287+0000] {logging_mixin.py:188} INFO - [2026-05-14T18:01:01.287+0000] {dag.py:3096} INFO - Sync 1 DAGs
[2026-05-14T18:01:01.338+0000] {logging_mixin.py:188} INFO - [2026-05-14T18:01:01.338+0000] {dag.py:3954} INFO - Setting next_dagrun for produce_json to 2026-05-14 13:00:00+00:00, run_after=2026-05-15 13:00:00+00:00
[2026-05-14T18:01:01.397+0000] {processor.py:183} INFO - Processing /opt/airflow/dags/main.py took 0.287 seconds
[2026-05-14T18:01:31.723+0000] {processor.py:161} INFO - Started process (PID=3321) to work on /opt/airflow/dags/main.py
[2026-05-14T18:01:31.725+0000] {processor.py:830} INFO - Processing file /opt/airflow/dags/main.py for tasks to queue
[2026-05-14T18:01:31.727+0000] {logging_mixin.py:188} INFO - [2026-05-14T18:01:31.727+0000] {dagbag.py:545} INFO - Filling up the DagBag from /opt/airflow/dags/main.py
[2026-05-14T18:01:31.792+0000] {processor.py:840} INFO - DAG(s) 'produce_json' retrieved from /opt/airflow/dags/main.py
[2026-05-14T18:01:31.821+0000] {logging_mixin.py:188} INFO - [2026-05-14T18:01:31.821+0000] {dag.py:3096} INFO - Sync 1 DAGs
[2026-05-14T18:01:31.850+0000] {logging_mixin.py:188} INFO - [2026-05-14T18:01:31.849+0000] {dag.py:3954} INFO - Setting next_dagrun for produce_json to 2026-05-14 13:00:00+00:00, run_after=2026-05-15 13:00:00+00:00
[2026-05-14T18:01:31.877+0000] {processor.py:183} INFO - Processing /opt/airflow/dags/main.py took 0.162 seconds
[2026-05-14T18:02:01.999+0000] {processor.py:161} INFO - Started process (PID=3328) to work on /opt/airflow/dags/main.py
[2026-05-14T18:02:02.001+0000] {processor.py:830} INFO - Processing file /opt/airflow/dags/main.py for tasks to queue
[2026-05-14T18:02:02.003+0000] {logging_mixin.py:188} INFO - [2026-05-14T18:02:02.003+0000] {dagbag.py:545} INFO - Filling up the DagBag from /opt/airflow/dags/main.py
[2026-05-14T18:02:02.061+0000] {processor.py:840} INFO - DAG(s) 'produce_json' retrieved from /opt/airflow/dags/main.py
[2026-05-14T18:02:02.087+0000] {logging_mixin.py:188} INFO - [2026-05-14T18:02:02.087+0000] {dag.py:3096} INFO - Sync 1 DAGs
[2026-05-14T18:02:02.115+0000] {logging_mixin.py:188} INFO - [2026-05-14T18:02:02.114+0000] {dag.py:3954} INFO - Setting next_dagrun for produce_json to 2026-05-14 13:00:00+00:00, run_after=2026-05-15 13:00:00+00:00
[2026-05-14T18:02:02.142+0000] {processor.py:183} INFO - Processing /opt/airflow/dags/main.py took 0.150 seconds
[2026-05-14T18:02:32.412+0000] {processor.py:161} INFO - Started process (PID=3335) to work on /opt/airflow/dags/main.py
[2026-05-14T18:02:32.413+0000] {processor.py:830} INFO - Processing file /opt/airflow/dags/main.py for tasks to queue
[2026-05-14T18:02:32.415+0000] {logging_mixin.py:188} INFO - [2026-05-14T18:02:32.415+0000] {dagbag.py:545} INFO - Filling up the DagBag from /opt/airflow/dags/main.py
[2026-05-14T18:02:32.473+0000] {processor.py:840} INFO - DAG(s) 'produce_json' retrieved from /opt/airflow/dags/main.py
[2026-05-14T18:02:32.506+0000] {logging_mixin.py:188} INFO - [2026-05-14T18:02:32.506+0000] {dag.py:3096} INFO - Sync 1 DAGs
[2026-05-14T18:02:32.532+0000] {logging_mixin.py:188} INFO - [2026-05-14T18:02:32.532+0000] {dag.py:3954} INFO - Setting next_dagrun for produce_json to 2026-05-14 13:00:00+00:00, run_after=2026-05-15 13:00:00+00:00
[2026-05-14T18:02:32.570+0000] {processor.py:183} INFO - Processing /opt/airflow/dags/main.py took 0.164 seconds
[2026-05-14T18:03:02.708+0000] {processor.py:161} INFO - Started process (PID=3343) to work on /opt/airflow/dags/main.py
[2026-05-14T18:03:02.710+0000] {processor.py:830} INFO - Processing file /opt/airflow/dags/main.py for tasks to queue
[2026-05-14T18:03:02.713+0000] {logging_mixin.py:188} INFO - [2026-05-14T18:03:02.712+0000] {dagbag.py:545} INFO - Filling up the DagBag from /opt/airflow/dags/main.py
[2026-05-14T18:03:02.773+0000] {processor.py:840} INFO - DAG(s) 'produce_json' retrieved from /opt/airflow/dags/main.py
[2026-05-14T18:03:02.803+0000] {logging_mixin.py:188} INFO - [2026-05-14T18:03:02.803+0000] {dag.py:3096} INFO - Sync 1 DAGs
[2026-05-14T18:03:02.831+0000] {logging_mixin.py:188} INFO - [2026-05-14T18:03:02.831+0000] {dag.py:3954} INFO - Setting next_dagrun for produce_json to 2026-05-14 13:00:00+00:00, run_after=2026-05-15 13:00:00+00:00
[2026-05-14T18:03:02.869+0000] {processor.py:183} INFO - Processing /opt/airflow/dags/main.py took 0.168 seconds
[2026-05-14T18:03:33.136+0000] {processor.py:161} INFO - Started process (PID=3350) to work on /opt/airflow/dags/main.py
[2026-05-14T18:03:33.138+0000] {processor.py:830} INFO - Processing file /opt/airflow/dags/main.py for tasks to queue
[2026-05-14T18:03:33.141+0000] {logging_mixin.py:188} INFO - [2026-05-14T18:03:33.140+0000] {dagbag.py:545} INFO - Filling up the DagBag from /opt/airflow/dags/main.py
[2026-05-14T18:03:33.207+0000] {processor.py:840} INFO - DAG(s) 'produce_json' retrieved from /opt/airflow/dags/main.py
[2026-05-14T18:03:33.239+0000] {logging_mixin.py:188} INFO - [2026-05-14T18:03:33.238+0000] {dag.py:3096} INFO - Sync 1 DAGs
[2026-05-14T18:03:33.266+0000] {logging_mixin.py:188} INFO - [2026-05-14T18:03:33.266+0000] {dag.py:3954} INFO - Setting next_dagrun for produce_json to 2026-05-14 13:00:00+00:00, run_after=2026-05-15 13:00:00+00:00
[2026-05-14T18:03:33.293+0000] {processor.py:183} INFO - Processing /opt/airflow/dags/main.py took 0.163 seconds
[2026-05-14T18:04:03.400+0000] {processor.py:161} INFO - Started process (PID=3357) to work on /opt/airflow/dags/main.py
[2026-05-14T18:04:03.402+0000] {processor.py:830} INFO - Processing file /opt/airflow/dags/main.py for tasks to queue
[2026-05-14T18:04:03.405+0000] {logging_mixin.py:188} INFO - [2026-05-14T18:04:03.404+0000] {dagbag.py:545} INFO - Filling up the DagBag from /opt/airflow/dags/main.py
[2026-05-14T18:04:03.468+0000] {processor.py:840} INFO - DAG(s) 'produce_json' retrieved from /opt/airflow/dags/main.py
[2026-05-14T18:04:03.496+0000] {logging_mixin.py:188} INFO - [2026-05-14T18:04:03.496+0000] {dag.py:3096} INFO - Sync 1 DAGs
[2026-05-14T18:04:03.523+0000] {logging_mixin.py:188} INFO - [2026-05-14T18:04:03.523+0000] {dag.py:3954} INFO - Setting next_dagrun for produce_json to 2026-05-14 13:00:00+00:00, run_after=2026-05-15 13:00:00+00:00
[2026-05-14T18:04:03.563+0000] {processor.py:183} INFO - Processing /opt/airflow/dags/main.py took 0.169 seconds
[2026-05-14T18:04:33.844+0000] {processor.py:161} INFO - Started process (PID=3364) to work on /opt/airflow/dags/main.py
[2026-05-14T18:04:33.846+0000] {processor.py:830} INFO - Processing file /opt/airflow/dags/main.py for tasks to queue
[2026-05-14T18:04:33.849+0000] {logging_mixin.py:188} INFO - [2026-05-14T18:04:33.849+0000] {dagbag.py:545} INFO - Filling up the DagBag from /opt/airflow/dags/main.py
[2026-05-14T18:04:33.923+0000] {processor.py:840} INFO - DAG(s) 'produce_json' retrieved from /opt/airflow/dags/main.py
[2026-05-14T18:04:33.953+0000] {logging_mixin.py:188} INFO - [2026-05-14T18:04:33.953+0000] {dag.py:3096} INFO - Sync 1 DAGs
[2026-05-14T18:04:33.981+0000] {logging_mixin.py:188} INFO - [2026-05-14T18:04:33.981+0000] {dag.py:3954} INFO - Setting next_dagrun for produce_json to 2026-05-14 13:00:00+00:00, run_after=2026-05-15 13:00:00+00:00
[2026-05-14T18:04:34.011+0000] {processor.py:183} INFO - Processing /opt/airflow/dags/main.py took 0.173 seconds
[2026-05-14T18:05:04.257+0000] {processor.py:161} INFO - Started process (PID=3371) to work on /opt/airflow/dags/main.py
[2026-05-14T18:05:04.258+0000] {processor.py:830} INFO - Processing file /opt/airflow/dags/main.py for tasks to queue
[2026-05-14T18:05:04.261+0000] {logging_mixin.py:188} INFO - [2026-05-14T18:05:04.260+0000] {dagbag.py:545} INFO - Filling up the DagBag from /opt/airflow/dags/main.py
[2026-05-14T18:05:04.326+0000] {processor.py:840} INFO - DAG(s) 'produce_json' retrieved from /opt/airflow/dags/main.py
[2026-05-14T18:05:04.354+0000] {logging_mixin.py:188} INFO - [2026-05-14T18:05:04.354+0000] {dag.py:3096} INFO - Sync 1 DAGs
[2026-05-14T18:05:04.381+0000] {logging_mixin.py:188} INFO - [2026-05-14T18:05:04.380+0000] {dag.py:3954} INFO - Setting next_dagrun for produce_json to 2026-05-14 13:00:00+00:00, run_after=2026-05-15 13:00:00+00:00
[2026-05-14T18:05:04.406+0000] {processor.py:183} INFO - Processing /opt/airflow/dags/main.py took 0.156 seconds
[2026-05-14T18:05:34.549+0000] {processor.py:161} INFO - Started process (PID=3378) to work on /opt/airflow/dags/main.py
[2026-05-14T18:05:34.551+0000] {processor.py:830} INFO - Processing file /opt/airflow/dags/main.py for tasks to queue
[2026-05-14T18:05:34.553+0000] {logging_mixin.py:188} INFO - [2026-05-14T18:05:34.553+0000] {dagbag.py:545} INFO - Filling up the DagBag from /opt/airflow/dags/main.py
[2026-05-14T18:05:34.613+0000] {processor.py:840} INFO - DAG(s) 'produce_json' retrieved from /opt/airflow/dags/main.py
[2026-05-14T18:05:34.642+0000] {logging_mixin.py:188} INFO - [2026-05-14T18:05:34.642+0000] {dag.py:3096} INFO - Sync 1 DAGs
[2026-05-14T18:05:34.671+0000] {logging_mixin.py:188} INFO - [2026-05-14T18:05:34.670+0000] {dag.py:3954} INFO - Setting next_dagrun for produce_json to 2026-05-14 13:00:00+00:00, run_after=2026-05-15 13:00:00+00:00
[2026-05-14T18:05:34.697+0000] {processor.py:183} INFO - Processing /opt/airflow/dags/main.py took 0.155 seconds
[2026-05-14T18:06:04.963+0000] {processor.py:161} INFO - Started process (PID=3385) to work on /opt/airflow/dags/main.py
[2026-05-14T18:06:04.965+0000] {processor.py:830} INFO - Processing file /opt/airflow/dags/main.py for tasks to queue
[2026-05-14T18:06:04.969+0000] {logging_mixin.py:188} INFO - [2026-05-14T18:06:04.968+0000] {dagbag.py:545} INFO - Filling up the DagBag from /opt/airflow/dags/main.py
[2026-05-14T18:06:05.031+0000] {processor.py:840} INFO - DAG(s) 'produce_json' retrieved from /opt/airflow/dags/main.py
[2026-05-14T18:06:05.059+0000] {logging_mixin.py:188} INFO - [2026-05-14T18:06:05.059+0000] {dag.py:3096} INFO - Sync 1 DAGs
[2026-05-14T18:06:05.087+0000] {logging_mixin.py:188} INFO - [2026-05-14T18:06:05.087+0000] {dag.py:3954} INFO - Setting next_dagrun for produce_json to 2026-05-14 13:00:00+00:00, run_after=2026-05-15 13:00:00+00:00
[2026-05-14T18:06:05.126+0000] {processor.py:183} INFO - Processing /opt/airflow/dags/main.py took 0.168 seconds
[2026-05-14T18:06:35.253+0000] {processor.py:161} INFO - Started process (PID=3392) to work on /opt/airflow/dags/main.py
[2026-05-14T18:06:35.255+0000] {processor.py:830} INFO - Processing file /opt/airflow/dags/main.py for tasks to queue
[2026-05-14T18:06:35.258+0000] {logging_mixin.py:188} INFO - [2026-05-14T18:06:35.257+0000] {dagbag.py:545} INFO - Filling up the DagBag from /opt/airflow/dags/main.py
[2026-05-14T18:06:35.321+0000] {processor.py:840} INFO - DAG(s) 'produce_json' retrieved from /opt/airflow/dags/main.py
[2026-05-14T18:06:35.351+0000] {logging_mixin.py:188} INFO - [2026-05-14T18:06:35.351+0000] {dag.py:3096} INFO - Sync 1 DAGs
[2026-05-14T18:06:35.379+0000] {logging_mixin.py:188} INFO - [2026-05-14T18:06:35.378+0000] {dag.py:3954} INFO - Setting next_dagrun for produce_json to 2026-05-14 13:00:00+00:00, run_after=2026-05-15 13:00:00+00:00
[2026-05-14T18:06:35.403+0000] {processor.py:183} INFO - Processing /opt/airflow/dags/main.py took 0.158 seconds
[2026-05-14T18:07:05.682+0000] {processor.py:161} INFO - Started process (PID=3399) to work on /opt/airflow/dags/main.py
[2026-05-14T18:07:05.684+0000] {processor.py:830} INFO - Processing file /opt/airflow/dags/main.py for tasks to queue
[2026-05-14T18:07:05.687+0000] {logging_mixin.py:188} INFO - [2026-05-14T18:07:05.687+0000] {dagbag.py:545} INFO - Filling up the DagBag from /opt/airflow/dags/main.py
[2026-05-14T18:07:05.766+0000] {processor.py:840} INFO - DAG(s) 'produce_json' retrieved from /opt/airflow/dags/main.py
[2026-05-14T18:07:05.798+0000] {logging_mixin.py:188} INFO - [2026-05-14T18:07:05.798+0000] {dag.py:3096} INFO - Sync 1 DAGs
[2026-05-14T18:07:05.828+0000] {logging_mixin.py:188} INFO - [2026-05-14T18:07:05.828+0000] {dag.py:3954} INFO - Setting next_dagrun for produce_json to 2026-05-14 13:00:00+00:00, run_after=2026-05-15 13:00:00+00:00
[2026-05-14T18:07:05.857+0000] {processor.py:183} INFO - Processing /opt/airflow/dags/main.py took 0.182 seconds
[2026-05-14T18:07:35.983+0000] {processor.py:161} INFO - Started process (PID=3406) to work on /opt/airflow/dags/main.py
[2026-05-14T18:07:35.985+0000] {processor.py:830} INFO - Processing file /opt/airflow/dags/main.py for tasks to queue
[2026-05-14T18:07:35.989+0000] {logging_mixin.py:188} INFO - [2026-05-14T18:07:35.988+0000] {dagbag.py:545} INFO - Filling up the DagBag from /opt/airflow/dags/main.py
[2026-05-14T18:07:36.099+0000] {processor.py:840} INFO - DAG(s) 'produce_json' retrieved from /opt/airflow/dags/main.py
[2026-05-14T18:07:36.146+0000] {logging_mixin.py:188} INFO - [2026-05-14T18:07:36.145+0000] {dag.py:3096} INFO - Sync 1 DAGs
[2026-05-14T18:07:36.201+0000] {logging_mixin.py:188} INFO - [2026-05-14T18:07:36.201+0000] {dag.py:3954} INFO - Setting next_dagrun for produce_json to 2026-05-14 13:00:00+00:00, run_after=2026-05-15 13:00:00+00:00
[2026-05-14T18:07:36.256+0000] {processor.py:183} INFO - Processing /opt/airflow/dags/main.py took 0.289 seconds
[2026-05-14T18:08:06.403+0000] {processor.py:161} INFO - Started process (PID=3413) to work on /opt/airflow/dags/main.py
[2026-05-14T18:08:06.405+0000] {processor.py:830} INFO - Processing file /opt/airflow/dags/main.py for tasks to queue
[2026-05-14T18:08:06.407+0000] {logging_mixin.py:188} INFO - [2026-05-14T18:08:06.407+0000] {dagbag.py:545} INFO - Filling up the DagBag from /opt/airflow/dags/main.py
[2026-05-14T18:08:06.464+0000] {processor.py:840} INFO - DAG(s) 'produce_json' retrieved from /opt/airflow/dags/main.py
[2026-05-14T18:08:06.489+0000] {logging_mixin.py:188} INFO - [2026-05-14T18:08:06.489+0000] {dag.py:3096} INFO - Sync 1 DAGs
[2026-05-14T18:08:06.516+0000] {logging_mixin.py:188} INFO - [2026-05-14T18:08:06.516+0000] {dag.py:3954} INFO - Setting next_dagrun for produce_json to 2026-05-14 13:00:00+00:00, run_after=2026-05-15 13:00:00+00:00
[2026-05-14T18:08:06.553+0000] {processor.py:183} INFO - Processing /opt/airflow/dags/main.py took 0.157 seconds
[2026-05-14T18:08:36.819+0000] {processor.py:161} INFO - Started process (PID=3420) to work on /opt/airflow/dags/main.py
[2026-05-14T18:08:36.821+0000] {processor.py:830} INFO - Processing file /opt/airflow/dags/main.py for tasks to queue
[2026-05-14T18:08:36.825+0000] {logging_mixin.py:188} INFO - [2026-05-14T18:08:36.824+0000] {dagbag.py:545} INFO - Filling up the DagBag from /opt/airflow/dags/main.py
[2026-05-14T18:08:36.926+0000] {processor.py:840} INFO - DAG(s) 'produce_json' retrieved from /opt/airflow/dags/main.py
[2026-05-14T18:08:36.960+0000] {logging_mixin.py:188} INFO - [2026-05-14T18:08:36.959+0000] {dag.py:3096} INFO - Sync 1 DAGs
[2026-05-14T18:08:36.997+0000] {logging_mixin.py:188} INFO - [2026-05-14T18:08:36.997+0000] {dag.py:3954} INFO - Setting next_dagrun for produce_json to 2026-05-14 13:00:00+00:00, run_after=2026-05-15 13:00:00+00:00
[2026-05-14T18:08:37.031+0000] {processor.py:183} INFO - Processing /opt/airflow/dags/main.py took 0.224 seconds
[2026-05-14T18:09:07.106+0000] {processor.py:161} INFO - Started process (PID=3427) to work on /opt/airflow/dags/main.py
[2026-05-14T18:09:07.108+0000] {processor.py:830} INFO - Processing file /opt/airflow/dags/main.py for tasks to queue
[2026-05-14T18:09:07.113+0000] {logging_mixin.py:188} INFO - [2026-05-14T18:09:07.112+0000] {dagbag.py:545} INFO - Filling up the DagBag from /opt/airflow/dags/main.py
[2026-05-14T18:09:07.196+0000] {processor.py:840} INFO - DAG(s) 'produce_json' retrieved from /opt/airflow/dags/main.py
[2026-05-14T18:09:07.237+0000] {logging_mixin.py:188} INFO - [2026-05-14T18:09:07.237+0000] {dag.py:3096} INFO - Sync 1 DAGs
[2026-05-14T18:09:07.278+0000] {logging_mixin.py:188} INFO - [2026-05-14T18:09:07.278+0000] {dag.py:3954} INFO - Setting next_dagrun for produce_json to 2026-05-14 13:00:00+00:00, run_after=2026-05-15 13:00:00+00:00
[2026-05-14T18:09:07.316+0000] {processor.py:183} INFO - Processing /opt/airflow/dags/main.py took 0.225 seconds
[2026-05-14T18:09:37.595+0000] {processor.py:161} INFO - Started process (PID=3434) to work on /opt/airflow/dags/main.py
[2026-05-14T18:09:37.597+0000] {processor.py:830} INFO - Processing file /opt/airflow/dags/main.py for tasks to queue
[2026-05-14T18:09:37.599+0000] {logging_mixin.py:188} INFO - [2026-05-14T18:09:37.599+0000] {dagbag.py:545} INFO - Filling up the DagBag from /opt/airflow/dags/main.py
[2026-05-14T18:09:37.660+0000] {processor.py:840} INFO - DAG(s) 'produce_json' retrieved from /opt/airflow/dags/main.py
[2026-05-14T18:09:37.686+0000] {logging_mixin.py:188} INFO - [2026-05-14T18:09:37.685+0000] {dag.py:3096} INFO - Sync 1 DAGs
[2026-05-14T18:09:37.729+0000] {logging_mixin.py:188} INFO - [2026-05-14T18:09:37.729+0000] {dag.py:3954} INFO - Setting next_dagrun for produce_json to 2026-05-14 13:00:00+00:00, run_after=2026-05-15 13:00:00+00:00
[2026-05-14T18:09:37.753+0000] {processor.py:183} INFO - Processing /opt/airflow/dags/main.py took 0.164 seconds
[2026-05-14T18:10:08.025+0000] {processor.py:161} INFO - Started process (PID=3441) to work on /opt/airflow/dags/main.py
[2026-05-14T18:10:08.027+0000] {processor.py:830} INFO - Processing file /opt/airflow/dags/main.py for tasks to queue
[2026-05-14T18:10:08.030+0000] {logging_mixin.py:188} INFO - [2026-05-14T18:10:08.029+0000] {dagbag.py:545} INFO - Filling up the DagBag from /opt/airflow/dags/main.py
[2026-05-14T18:10:08.091+0000] {processor.py:840} INFO - DAG(s) 'produce_json' retrieved from /opt/airflow/dags/main.py
[2026-05-14T18:10:08.115+0000] {logging_mixin.py:188} INFO - [2026-05-14T18:10:08.114+0000] {dag.py:3096} INFO - Sync 1 DAGs
[2026-05-14T18:10:08.141+0000] {logging_mixin.py:188} INFO - [2026-05-14T18:10:08.140+0000] {dag.py:3954} INFO - Setting next_dagrun for produce_json to 2026-05-14 13:00:00+00:00, run_after=2026-05-15 13:00:00+00:00
[2026-05-14T18:10:08.176+0000] {processor.py:183} INFO - Processing /opt/airflow/dags/main.py took 0.157 seconds
[2026-05-14T18:10:38.328+0000] {processor.py:161} INFO - Started process (PID=3448) to work on /opt/airflow/dags/main.py
[2026-05-14T18:10:38.330+0000] {processor.py:830} INFO - Processing file /opt/airflow/dags/main.py for tasks to queue
[2026-05-14T18:10:38.333+0000] {logging_mixin.py:188} INFO - [2026-05-14T18:10:38.333+0000] {dagbag.py:545} INFO - Filling up the DagBag from /opt/airflow/dags/main.py
[2026-05-14T18:10:38.392+0000] {processor.py:840} INFO - DAG(s) 'produce_json' retrieved from /opt/airflow/dags/main.py
[2026-05-14T18:10:38.416+0000] {logging_mixin.py:188} INFO - [2026-05-14T18:10:38.416+0000] {dag.py:3096} INFO - Sync 1 DAGs
[2026-05-14T18:10:38.444+0000] {logging_mixin.py:188} INFO - [2026-05-14T18:10:38.443+0000] {dag.py:3954} INFO - Setting next_dagrun for produce_json to 2026-05-14 13:00:00+00:00, run_after=2026-05-15 13:00:00+00:00
[2026-05-14T18:10:38.467+0000] {processor.py:183} INFO - Processing /opt/airflow/dags/main.py took 0.145 seconds
[2026-05-14T18:11:08.748+0000] {processor.py:161} INFO - Started process (PID=3455) to work on /opt/airflow/dags/main.py
[2026-05-14T18:11:08.750+0000] {processor.py:830} INFO - Processing file /opt/airflow/dags/main.py for tasks to queue
[2026-05-14T18:11:08.753+0000] {logging_mixin.py:188} INFO - [2026-05-14T18:11:08.752+0000] {dagbag.py:545} INFO - Filling up the DagBag from /opt/airflow/dags/main.py
[2026-05-14T18:11:08.809+0000] {processor.py:840} INFO - DAG(s) 'produce_json' retrieved from /opt/airflow/dags/main.py
[2026-05-14T18:11:08.834+0000] {logging_mixin.py:188} INFO - [2026-05-14T18:11:08.833+0000] {dag.py:3096} INFO - Sync 1 DAGs
[2026-05-14T18:11:08.858+0000] {logging_mixin.py:188} INFO - [2026-05-14T18:11:08.858+0000] {dag.py:3954} INFO - Setting next_dagrun for produce_json to 2026-05-14 13:00:00+00:00, run_after=2026-05-15 13:00:00+00:00
[2026-05-14T18:11:08.883+0000] {processor.py:183} INFO - Processing /opt/airflow/dags/main.py took 0.141 seconds
[2026-05-14T18:11:39.069+0000] {processor.py:161} INFO - Started process (PID=3463) to work on /opt/airflow/dags/main.py
[2026-05-14T18:11:39.071+0000] {processor.py:830} INFO - Processing file /opt/airflow/dags/main.py for tasks to queue
[2026-05-14T18:11:39.074+0000] {logging_mixin.py:188} INFO - [2026-05-14T18:11:39.073+0000] {dagbag.py:545} INFO - Filling up the DagBag from /opt/airflow/dags/main.py
[2026-05-14T18:11:39.141+0000] {processor.py:840} INFO - DAG(s) 'produce_json' retrieved from /opt/airflow/dags/main.py
[2026-05-14T18:11:39.166+0000] {logging_mixin.py:188} INFO - [2026-05-14T18:11:39.166+0000] {dag.py:3096} INFO - Sync 1 DAGs
[2026-05-14T18:11:39.190+0000] {logging_mixin.py:188} INFO - [2026-05-14T18:11:39.190+0000] {dag.py:3954} INFO - Setting next_dagrun for produce_json to 2026-05-14 13:00:00+00:00, run_after=2026-05-15 13:00:00+00:00
[2026-05-14T18:11:39.213+0000] {processor.py:183} INFO - Processing /opt/airflow/dags/main.py took 0.150 seconds
[2026-05-14T18:12:09.450+0000] {processor.py:161} INFO - Started process (PID=3470) to work on /opt/airflow/dags/main.py
[2026-05-14T18:12:09.452+0000] {processor.py:830} INFO - Processing file /opt/airflow/dags/main.py for tasks to queue
[2026-05-14T18:12:09.455+0000] {logging_mixin.py:188} INFO - [2026-05-14T18:12:09.454+0000] {dagbag.py:545} INFO - Filling up the DagBag from /opt/airflow/dags/main.py
[2026-05-14T18:12:09.513+0000] {processor.py:840} INFO - DAG(s) 'produce_json' retrieved from /opt/airflow/dags/main.py
[2026-05-14T18:12:09.538+0000] {logging_mixin.py:188} INFO - [2026-05-14T18:12:09.538+0000] {dag.py:3096} INFO - Sync 1 DAGs
[2026-05-14T18:12:09.562+0000] {logging_mixin.py:188} INFO - [2026-05-14T18:12:09.562+0000] {dag.py:3954} INFO - Setting next_dagrun for produce_json to 2026-05-14 13:00:00+00:00, run_after=2026-05-15 13:00:00+00:00
[2026-05-14T18:12:09.599+0000] {processor.py:183} INFO - Processing /opt/airflow/dags/main.py took 0.156 seconds
[2026-05-14T18:12:39.790+0000] {processor.py:161} INFO - Started process (PID=3477) to work on /opt/airflow/dags/main.py
[2026-05-14T18:12:39.792+0000] {processor.py:830} INFO - Processing file /opt/airflow/dags/main.py for tasks to queue
[2026-05-14T18:12:39.794+0000] {logging_mixin.py:188} INFO - [2026-05-14T18:12:39.794+0000] {dagbag.py:545} INFO - Filling up the DagBag from /opt/airflow/dags/main.py
[2026-05-14T18:12:39.856+0000] {processor.py:840} INFO - DAG(s) 'produce_json' retrieved from /opt/airflow/dags/main.py
[2026-05-14T18:12:39.880+0000] {logging_mixin.py:188} INFO - [2026-05-14T18:12:39.880+0000] {dag.py:3096} INFO - Sync 1 DAGs
[2026-05-14T18:12:39.904+0000] {logging_mixin.py:188} INFO - [2026-05-14T18:12:39.904+0000] {dag.py:3954} INFO - Setting next_dagrun for produce_json to 2026-05-14 13:00:00+00:00, run_after=2026-05-15 13:00:00+00:00
[2026-05-14T18:12:39.928+0000] {processor.py:183} INFO - Processing /opt/airflow/dags/main.py took 0.145 seconds
[2026-05-14T18:13:10.170+0000] {processor.py:161} INFO - Started process (PID=3484) to work on /opt/airflow/dags/main.py
[2026-05-14T18:13:10.172+0000] {processor.py:830} INFO - Processing file /opt/airflow/dags/main.py for tasks to queue
[2026-05-14T18:13:10.175+0000] {logging_mixin.py:188} INFO - [2026-05-14T18:13:10.174+0000] {dagbag.py:545} INFO - Filling up the DagBag from /opt/airflow/dags/main.py
[2026-05-14T18:13:10.243+0000] {processor.py:840} INFO - DAG(s) 'produce_json' retrieved from /opt/airflow/dags/main.py
[2026-05-14T18:13:10.267+0000] {logging_mixin.py:188} INFO - [2026-05-14T18:13:10.267+0000] {dag.py:3096} INFO - Sync 1 DAGs
[2026-05-14T18:13:10.289+0000] {logging_mixin.py:188} INFO - [2026-05-14T18:13:10.289+0000] {dag.py:3954} INFO - Setting next_dagrun for produce_json to 2026-05-14 13:00:00+00:00, run_after=2026-05-15 13:00:00+00:00
[2026-05-14T18:13:10.314+0000] {processor.py:183} INFO - Processing /opt/airflow/dags/main.py took 0.150 seconds
[2026-05-14T18:13:40.516+0000] {processor.py:161} INFO - Started process (PID=3491) to work on /opt/airflow/dags/main.py
[2026-05-14T18:13:40.517+0000] {processor.py:830} INFO - Processing file /opt/airflow/dags/main.py for tasks to queue
[2026-05-14T18:13:40.520+0000] {logging_mixin.py:188} INFO - [2026-05-14T18:13:40.520+0000] {dagbag.py:545} INFO - Filling up the DagBag from /opt/airflow/dags/main.py
[2026-05-14T18:13:40.594+0000] {processor.py:840} INFO - DAG(s) 'produce_json' retrieved from /opt/airflow/dags/main.py
[2026-05-14T18:13:40.622+0000] {logging_mixin.py:188} INFO - [2026-05-14T18:13:40.621+0000] {dag.py:3096} INFO - Sync 1 DAGs
[2026-05-14T18:13:40.646+0000] {logging_mixin.py:188} INFO - [2026-05-14T18:13:40.646+0000] {dag.py:3954} INFO - Setting next_dagrun for produce_json to 2026-05-14 13:00:00+00:00, run_after=2026-05-15 13:00:00+00:00
[2026-05-14T18:13:40.671+0000] {processor.py:183} INFO - Processing /opt/airflow/dags/main.py took 0.162 seconds
[2026-05-14T18:14:10.873+0000] {processor.py:161} INFO - Started process (PID=3498) to work on /opt/airflow/dags/main.py
[2026-05-14T18:14:10.875+0000] {processor.py:830} INFO - Processing file /opt/airflow/dags/main.py for tasks to queue
[2026-05-14T18:14:10.878+0000] {logging_mixin.py:188} INFO - [2026-05-14T18:14:10.877+0000] {dagbag.py:545} INFO - Filling up the DagBag from /opt/airflow/dags/main.py
[2026-05-14T18:14:10.941+0000] {processor.py:840} INFO - DAG(s) 'produce_json' retrieved from /opt/airflow/dags/main.py
[2026-05-14T18:14:10.966+0000] {logging_mixin.py:188} INFO - [2026-05-14T18:14:10.966+0000] {dag.py:3096} INFO - Sync 1 DAGs
[2026-05-14T18:14:10.990+0000] {logging_mixin.py:188} INFO - [2026-05-14T18:14:10.990+0000] {dag.py:3954} INFO - Setting next_dagrun for produce_json to 2026-05-14 13:00:00+00:00, run_after=2026-05-15 13:00:00+00:00
[2026-05-14T18:14:11.038+0000] {processor.py:183} INFO - Processing /opt/airflow/dags/main.py took 0.172 seconds
[2026-05-14T18:14:41.216+0000] {processor.py:161} INFO - Started process (PID=3505) to work on /opt/airflow/dags/main.py
[2026-05-14T18:14:41.218+0000] {processor.py:830} INFO - Processing file /opt/airflow/dags/main.py for tasks to queue
[2026-05-14T18:14:41.220+0000] {logging_mixin.py:188} INFO - [2026-05-14T18:14:41.220+0000] {dagbag.py:545} INFO - Filling up the DagBag from /opt/airflow/dags/main.py
[2026-05-14T18:14:41.282+0000] {processor.py:840} INFO - DAG(s) 'produce_json' retrieved from /opt/airflow/dags/main.py
[2026-05-14T18:14:41.305+0000] {logging_mixin.py:188} INFO - [2026-05-14T18:14:41.305+0000] {dag.py:3096} INFO - Sync 1 DAGs
[2026-05-14T18:14:41.328+0000] {logging_mixin.py:188} INFO - [2026-05-14T18:14:41.328+0000] {dag.py:3954} INFO - Setting next_dagrun for produce_json to 2026-05-14 13:00:00+00:00, run_after=2026-05-15 13:00:00+00:00
[2026-05-14T18:14:41.365+0000] {processor.py:183} INFO - Processing /opt/airflow/dags/main.py took 0.157 seconds
[2026-05-14T18:15:11.725+0000] {processor.py:161} INFO - Started process (PID=3512) to work on /opt/airflow/dags/main.py
[2026-05-14T18:15:11.727+0000] {processor.py:830} INFO - Processing file /opt/airflow/dags/main.py for tasks to queue
[2026-05-14T18:15:11.729+0000] {logging_mixin.py:188} INFO - [2026-05-14T18:15:11.729+0000] {dagbag.py:545} INFO - Filling up the DagBag from /opt/airflow/dags/main.py
[2026-05-14T18:15:11.795+0000] {processor.py:840} INFO - DAG(s) 'produce_json' retrieved from /opt/airflow/dags/main.py
[2026-05-14T18:15:11.823+0000] {logging_mixin.py:188} INFO - [2026-05-14T18:15:11.823+0000] {dag.py:3096} INFO - Sync 1 DAGs
[2026-05-14T18:15:11.846+0000] {logging_mixin.py:188} INFO - [2026-05-14T18:15:11.846+0000] {dag.py:3954} INFO - Setting next_dagrun for produce_json to 2026-05-14 13:00:00+00:00, run_after=2026-05-15 13:00:00+00:00
[2026-05-14T18:15:11.870+0000] {processor.py:183} INFO - Processing /opt/airflow/dags/main.py took 0.153 seconds
[2026-05-14T18:15:42.008+0000] {processor.py:161} INFO - Started process (PID=3519) to work on /opt/airflow/dags/main.py
[2026-05-14T18:15:42.010+0000] {processor.py:830} INFO - Processing file /opt/airflow/dags/main.py for tasks to queue
[2026-05-14T18:15:42.012+0000] {logging_mixin.py:188} INFO - [2026-05-14T18:15:42.012+0000] {dagbag.py:545} INFO - Filling up the DagBag from /opt/airflow/dags/main.py
[2026-05-14T18:15:42.078+0000] {processor.py:840} INFO - DAG(s) 'produce_json' retrieved from /opt/airflow/dags/main.py
[2026-05-14T18:15:42.109+0000] {logging_mixin.py:188} INFO - [2026-05-14T18:15:42.109+0000] {dag.py:3096} INFO - Sync 1 DAGs
[2026-05-14T18:15:42.135+0000] {logging_mixin.py:188} INFO - [2026-05-14T18:15:42.135+0000] {dag.py:3954} INFO - Setting next_dagrun for produce_json to 2026-05-14 13:00:00+00:00, run_after=2026-05-15 13:00:00+00:00
[2026-05-14T18:15:42.157+0000] {processor.py:183} INFO - Processing /opt/airflow/dags/main.py took 0.158 seconds
[2026-05-14T18:16:12.452+0000] {processor.py:161} INFO - Started process (PID=3526) to work on /opt/airflow/dags/main.py
[2026-05-14T18:16:12.453+0000] {processor.py:830} INFO - Processing file /opt/airflow/dags/main.py for tasks to queue
[2026-05-14T18:16:12.456+0000] {logging_mixin.py:188} INFO - [2026-05-14T18:16:12.456+0000] {dagbag.py:545} INFO - Filling up the DagBag from /opt/airflow/dags/main.py
[2026-05-14T18:16:12.515+0000] {processor.py:840} INFO - DAG(s) 'produce_json' retrieved from /opt/airflow/dags/main.py
[2026-05-14T18:16:12.542+0000] {logging_mixin.py:188} INFO - [2026-05-14T18:16:12.541+0000] {dag.py:3096} INFO - Sync 1 DAGs
[2026-05-14T18:16:12.565+0000] {logging_mixin.py:188} INFO - [2026-05-14T18:16:12.565+0000] {dag.py:3954} INFO - Setting next_dagrun for produce_json to 2026-05-14 13:00:00+00:00, run_after=2026-05-15 13:00:00+00:00
[2026-05-14T18:16:12.590+0000] {processor.py:183} INFO - Processing /opt/airflow/dags/main.py took 0.145 seconds
[2026-05-14T18:16:42.738+0000] {processor.py:161} INFO - Started process (PID=3533) to work on /opt/airflow/dags/main.py
[2026-05-14T18:16:42.741+0000] {processor.py:830} INFO - Processing file /opt/airflow/dags/main.py for tasks to queue
[2026-05-14T18:16:42.743+0000] {logging_mixin.py:188} INFO - [2026-05-14T18:16:42.743+0000] {dagbag.py:545} INFO - Filling up the DagBag from /opt/airflow/dags/main.py
[2026-05-14T18:16:42.812+0000] {processor.py:840} INFO - DAG(s) 'produce_json' retrieved from /opt/airflow/dags/main.py
[2026-05-14T18:16:42.840+0000] {logging_mixin.py:188} INFO - [2026-05-14T18:16:42.840+0000] {dag.py:3096} INFO - Sync 1 DAGs
[2026-05-14T18:16:42.866+0000] {logging_mixin.py:188} INFO - [2026-05-14T18:16:42.866+0000] {dag.py:3954} INFO - Setting next_dagrun for produce_json to 2026-05-14 13:00:00+00:00, run_after=2026-05-15 13:00:00+00:00
[2026-05-14T18:16:42.889+0000] {processor.py:183} INFO - Processing /opt/airflow/dags/main.py took 0.160 seconds
[2026-05-14T18:17:13.160+0000] {processor.py:161} INFO - Started process (PID=3540) to work on /opt/airflow/dags/main.py
[2026-05-14T18:17:13.162+0000] {processor.py:830} INFO - Processing file /opt/airflow/dags/main.py for tasks to queue
[2026-05-14T18:17:13.165+0000] {logging_mixin.py:188} INFO - [2026-05-14T18:17:13.164+0000] {dagbag.py:545} INFO - Filling up the DagBag from /opt/airflow/dags/main.py
[2026-05-14T18:17:13.222+0000] {processor.py:840} INFO - DAG(s) 'produce_json' retrieved from /opt/airflow/dags/main.py
[2026-05-14T18:17:13.249+0000] {logging_mixin.py:188} INFO - [2026-05-14T18:17:13.248+0000] {dag.py:3096} INFO - Sync 1 DAGs
[2026-05-14T18:17:13.274+0000] {logging_mixin.py:188} INFO - [2026-05-14T18:17:13.273+0000] {dag.py:3954} INFO - Setting next_dagrun for produce_json to 2026-05-14 13:00:00+00:00, run_after=2026-05-15 13:00:00+00:00
[2026-05-14T18:17:13.309+0000] {processor.py:183} INFO - Processing /opt/airflow/dags/main.py took 0.155 seconds
[2026-05-14T18:17:43.456+0000] {processor.py:161} INFO - Started process (PID=3547) to work on /opt/airflow/dags/main.py
[2026-05-14T18:17:43.458+0000] {processor.py:830} INFO - Processing file /opt/airflow/dags/main.py for tasks to queue
[2026-05-14T18:17:43.462+0000] {logging_mixin.py:188} INFO - [2026-05-14T18:17:43.462+0000] {dagbag.py:545} INFO - Filling up the DagBag from /opt/airflow/dags/main.py
[2026-05-14T18:17:43.540+0000] {processor.py:840} INFO - DAG(s) 'produce_json' retrieved from /opt/airflow/dags/main.py
[2026-05-14T18:17:43.580+0000] {logging_mixin.py:188} INFO - [2026-05-14T18:17:43.579+0000] {dag.py:3096} INFO - Sync 1 DAGs
[2026-05-14T18:17:43.616+0000] {logging_mixin.py:188} INFO - [2026-05-14T18:17:43.615+0000] {dag.py:3954} INFO - Setting next_dagrun for produce_json to 2026-05-14 13:00:00+00:00, run_after=2026-05-15 13:00:00+00:00
[2026-05-14T18:17:43.662+0000] {processor.py:183} INFO - Processing /opt/airflow/dags/main.py took 0.216 seconds
[2026-05-14T18:18:13.879+0000] {processor.py:161} INFO - Started process (PID=3554) to work on /opt/airflow/dags/main.py
[2026-05-14T18:18:13.883+0000] {processor.py:830} INFO - Processing file /opt/airflow/dags/main.py for tasks to queue
[2026-05-14T18:18:13.890+0000] {logging_mixin.py:188} INFO - [2026-05-14T18:18:13.890+0000] {dagbag.py:545} INFO - Filling up the DagBag from /opt/airflow/dags/main.py
[2026-05-14T18:18:13.957+0000] {processor.py:840} INFO - DAG(s) 'produce_json' retrieved from /opt/airflow/dags/main.py
[2026-05-14T18:18:13.983+0000] {logging_mixin.py:188} INFO - [2026-05-14T18:18:13.982+0000] {dag.py:3096} INFO - Sync 1 DAGs
[2026-05-14T18:18:14.005+0000] {logging_mixin.py:188} INFO - [2026-05-14T18:18:14.005+0000] {dag.py:3954} INFO - Setting next_dagrun for produce_json to 2026-05-14 13:00:00+00:00, run_after=2026-05-15 13:00:00+00:00
[2026-05-14T18:18:14.039+0000] {processor.py:183} INFO - Processing /opt/airflow/dags/main.py took 0.169 seconds
[2026-05-14T18:18:44.239+0000] {processor.py:161} INFO - Started process (PID=3561) to work on /opt/airflow/dags/main.py
[2026-05-14T18:18:44.241+0000] {processor.py:830} INFO - Processing file /opt/airflow/dags/main.py for tasks to queue
[2026-05-14T18:18:44.243+0000] {logging_mixin.py:188} INFO - [2026-05-14T18:18:44.243+0000] {dagbag.py:545} INFO - Filling up the DagBag from /opt/airflow/dags/main.py
[2026-05-14T18:18:44.312+0000] {processor.py:840} INFO - DAG(s) 'produce_json' retrieved from /opt/airflow/dags/main.py
[2026-05-14T18:18:44.336+0000] {logging_mixin.py:188} INFO - [2026-05-14T18:18:44.336+0000] {dag.py:3096} INFO - Sync 1 DAGs
[2026-05-14T18:18:44.360+0000] {logging_mixin.py:188} INFO - [2026-05-14T18:18:44.360+0000] {dag.py:3954} INFO - Setting next_dagrun for produce_json to 2026-05-14 13:00:00+00:00, run_after=2026-05-15 13:00:00+00:00
[2026-05-14T18:18:44.384+0000] {processor.py:183} INFO - Processing /opt/airflow/dags/main.py took 0.152 seconds
[2026-05-14T18:19:14.591+0000] {processor.py:161} INFO - Started process (PID=3568) to work on /opt/airflow/dags/main.py
[2026-05-14T18:19:14.593+0000] {processor.py:830} INFO - Processing file /opt/airflow/dags/main.py for tasks to queue
[2026-05-14T18:19:14.597+0000] {logging_mixin.py:188} INFO - [2026-05-14T18:19:14.597+0000] {dagbag.py:545} INFO - Filling up the DagBag from /opt/airflow/dags/main.py
[2026-05-14T18:19:14.667+0000] {processor.py:840} INFO - DAG(s) 'produce_json' retrieved from /opt/airflow/dags/main.py
[2026-05-14T18:19:14.696+0000] {logging_mixin.py:188} INFO - [2026-05-14T18:19:14.696+0000] {dag.py:3096} INFO - Sync 1 DAGs
[2026-05-14T18:19:14.722+0000] {logging_mixin.py:188} INFO - [2026-05-14T18:19:14.722+0000] {dag.py:3954} INFO - Setting next_dagrun for produce_json to 2026-05-14 13:00:00+00:00, run_after=2026-05-15 13:00:00+00:00
[2026-05-14T18:19:14.759+0000] {processor.py:183} INFO - Processing /opt/airflow/dags/main.py took 0.175 seconds
[2026-05-14T18:19:44.927+0000] {processor.py:161} INFO - Started process (PID=3575) to work on /opt/airflow/dags/main.py
[2026-05-14T18:19:44.929+0000] {processor.py:830} INFO - Processing file /opt/airflow/dags/main.py for tasks to queue
[2026-05-14T18:19:44.931+0000] {logging_mixin.py:188} INFO - [2026-05-14T18:19:44.931+0000] {dagbag.py:545} INFO - Filling up the DagBag from /opt/airflow/dags/main.py
[2026-05-14T18:19:44.996+0000] {processor.py:840} INFO - DAG(s) 'produce_json' retrieved from /opt/airflow/dags/main.py
[2026-05-14T18:19:45.023+0000] {logging_mixin.py:188} INFO - [2026-05-14T18:19:45.023+0000] {dag.py:3096} INFO - Sync 1 DAGs
[2026-05-14T18:19:45.047+0000] {logging_mixin.py:188} INFO - [2026-05-14T18:19:45.047+0000] {dag.py:3954} INFO - Setting next_dagrun for produce_json to 2026-05-14 13:00:00+00:00, run_after=2026-05-15 13:00:00+00:00
[2026-05-14T18:19:45.071+0000] {processor.py:183} INFO - Processing /opt/airflow/dags/main.py took 0.150 seconds
[2026-05-14T18:20:15.480+0000] {processor.py:161} INFO - Started process (PID=3582) to work on /opt/airflow/dags/main.py
[2026-05-14T18:20:15.482+0000] {processor.py:830} INFO - Processing file /opt/airflow/dags/main.py for tasks to queue
[2026-05-14T18:20:15.485+0000] {logging_mixin.py:188} INFO - [2026-05-14T18:20:15.485+0000] {dagbag.py:545} INFO - Filling up the DagBag from /opt/airflow/dags/main.py
[2026-05-14T18:20:15.550+0000] {processor.py:840} INFO - DAG(s) 'produce_json' retrieved from /opt/airflow/dags/main.py
[2026-05-14T18:20:15.575+0000] {logging_mixin.py:188} INFO - [2026-05-14T18:20:15.575+0000] {dag.py:3096} INFO - Sync 1 DAGs
[2026-05-14T18:20:15.599+0000] {logging_mixin.py:188} INFO - [2026-05-14T18:20:15.599+0000] {dag.py:3954} INFO - Setting next_dagrun for produce_json to 2026-05-14 13:00:00+00:00, run_after=2026-05-15 13:00:00+00:00
[2026-05-14T18:20:15.633+0000] {processor.py:183} INFO - Processing /opt/airflow/dags/main.py took 0.160 seconds
[2026-05-14T18:20:45.798+0000] {processor.py:161} INFO - Started process (PID=3590) to work on /opt/airflow/dags/main.py
[2026-05-14T18:20:45.800+0000] {processor.py:830} INFO - Processing file /opt/airflow/dags/main.py for tasks to queue
[2026-05-14T18:20:45.802+0000] {logging_mixin.py:188} INFO - [2026-05-14T18:20:45.802+0000] {dagbag.py:545} INFO - Filling up the DagBag from /opt/airflow/dags/main.py
[2026-05-14T18:20:45.873+0000] {processor.py:840} INFO - DAG(s) 'produce_json' retrieved from /opt/airflow/dags/main.py
[2026-05-14T18:20:45.901+0000] {logging_mixin.py:188} INFO - [2026-05-14T18:20:45.900+0000] {dag.py:3096} INFO - Sync 1 DAGs
[2026-05-14T18:20:45.924+0000] {logging_mixin.py:188} INFO - [2026-05-14T18:20:45.924+0000] {dag.py:3954} INFO - Setting next_dagrun for produce_json to 2026-05-14 13:00:00+00:00, run_after=2026-05-15 13:00:00+00:00
[2026-05-14T18:20:45.960+0000] {processor.py:183} INFO - Processing /opt/airflow/dags/main.py took 0.169 seconds
[2026-05-14T18:21:16.214+0000] {processor.py:161} INFO - Started process (PID=3597) to work on /opt/airflow/dags/main.py
[2026-05-14T18:21:16.216+0000] {processor.py:830} INFO - Processing file /opt/airflow/dags/main.py for tasks to queue
[2026-05-14T18:21:16.219+0000] {logging_mixin.py:188} INFO - [2026-05-14T18:21:16.218+0000] {dagbag.py:545} INFO - Filling up the DagBag from /opt/airflow/dags/main.py
[2026-05-14T18:21:16.281+0000] {processor.py:840} INFO - DAG(s) 'produce_json' retrieved from /opt/airflow/dags/main.py
[2026-05-14T18:21:16.305+0000] {logging_mixin.py:188} INFO - [2026-05-14T18:21:16.305+0000] {dag.py:3096} INFO - Sync 1 DAGs
[2026-05-14T18:21:16.328+0000] {logging_mixin.py:188} INFO - [2026-05-14T18:21:16.328+0000] {dag.py:3954} INFO - Setting next_dagrun for produce_json to 2026-05-14 13:00:00+00:00, run_after=2026-05-15 13:00:00+00:00
[2026-05-14T18:21:16.352+0000] {processor.py:183} INFO - Processing /opt/airflow/dags/main.py took 0.145 seconds
[2026-05-14T18:21:46.534+0000] {processor.py:161} INFO - Started process (PID=3604) to work on /opt/airflow/dags/main.py
[2026-05-14T18:21:46.536+0000] {processor.py:830} INFO - Processing file /opt/airflow/dags/main.py for tasks to queue
[2026-05-14T18:21:46.539+0000] {logging_mixin.py:188} INFO - [2026-05-14T18:21:46.539+0000] {dagbag.py:545} INFO - Filling up the DagBag from /opt/airflow/dags/main.py
[2026-05-14T18:21:46.604+0000] {processor.py:840} INFO - DAG(s) 'produce_json' retrieved from /opt/airflow/dags/main.py
[2026-05-14T18:21:46.628+0000] {logging_mixin.py:188} INFO - [2026-05-14T18:21:46.628+0000] {dag.py:3096} INFO - Sync 1 DAGs
[2026-05-14T18:21:46.652+0000] {logging_mixin.py:188} INFO - [2026-05-14T18:21:46.651+0000] {dag.py:3954} INFO - Setting next_dagrun for produce_json to 2026-05-14 13:00:00+00:00, run_after=2026-05-15 13:00:00+00:00
[2026-05-14T18:21:46.678+0000] {processor.py:183} INFO - Processing /opt/airflow/dags/main.py took 0.152 seconds
[2026-05-14T18:22:16.915+0000] {processor.py:161} INFO - Started process (PID=3611) to work on /opt/airflow/dags/main.py
[2026-05-14T18:22:16.917+0000] {processor.py:830} INFO - Processing file /opt/airflow/dags/main.py for tasks to queue
[2026-05-14T18:22:16.919+0000] {logging_mixin.py:188} INFO - [2026-05-14T18:22:16.919+0000] {dagbag.py:545} INFO - Filling up the DagBag from /opt/airflow/dags/main.py
[2026-05-14T18:22:16.981+0000] {processor.py:840} INFO - DAG(s) 'produce_json' retrieved from /opt/airflow/dags/main.py
[2026-05-14T18:22:17.006+0000] {logging_mixin.py:188} INFO - [2026-05-14T18:22:17.005+0000] {dag.py:3096} INFO - Sync 1 DAGs
[2026-05-14T18:22:17.030+0000] {logging_mixin.py:188} INFO - [2026-05-14T18:22:17.030+0000] {dag.py:3954} INFO - Setting next_dagrun for produce_json to 2026-05-14 13:00:00+00:00, run_after=2026-05-15 13:00:00+00:00
[2026-05-14T18:22:17.064+0000] {processor.py:183} INFO - Processing /opt/airflow/dags/main.py took 0.155 seconds
[2026-05-14T18:22:47.250+0000] {processor.py:161} INFO - Started process (PID=3618) to work on /opt/airflow/dags/main.py
[2026-05-14T18:22:47.252+0000] {processor.py:830} INFO - Processing file /opt/airflow/dags/main.py for tasks to queue
[2026-05-14T18:22:47.254+0000] {logging_mixin.py:188} INFO - [2026-05-14T18:22:47.254+0000] {dagbag.py:545} INFO - Filling up the DagBag from /opt/airflow/dags/main.py
[2026-05-14T18:22:47.319+0000] {processor.py:840} INFO - DAG(s) 'produce_json' retrieved from /opt/airflow/dags/main.py
[2026-05-14T18:22:47.345+0000] {logging_mixin.py:188} INFO - [2026-05-14T18:22:47.345+0000] {dag.py:3096} INFO - Sync 1 DAGs
[2026-05-14T18:22:47.371+0000] {logging_mixin.py:188} INFO - [2026-05-14T18:22:47.371+0000] {dag.py:3954} INFO - Setting next_dagrun for produce_json to 2026-05-14 13:00:00+00:00, run_after=2026-05-15 13:00:00+00:00
[2026-05-14T18:22:47.397+0000] {processor.py:183} INFO - Processing /opt/airflow/dags/main.py took 0.155 seconds
[2026-05-14T18:23:17.619+0000] {processor.py:161} INFO - Started process (PID=3625) to work on /opt/airflow/dags/main.py
[2026-05-14T18:23:17.621+0000] {processor.py:830} INFO - Processing file /opt/airflow/dags/main.py for tasks to queue
[2026-05-14T18:23:17.625+0000] {logging_mixin.py:188} INFO - [2026-05-14T18:23:17.624+0000] {dagbag.py:545} INFO - Filling up the DagBag from /opt/airflow/dags/main.py
[2026-05-14T18:23:17.688+0000] {processor.py:840} INFO - DAG(s) 'produce_json' retrieved from /opt/airflow/dags/main.py
[2026-05-14T18:23:17.715+0000] {logging_mixin.py:188} INFO - [2026-05-14T18:23:17.714+0000] {dag.py:3096} INFO - Sync 1 DAGs
[2026-05-14T18:23:17.738+0000] {logging_mixin.py:188} INFO - [2026-05-14T18:23:17.738+0000] {dag.py:3954} INFO - Setting next_dagrun for produce_json to 2026-05-14 13:00:00+00:00, run_after=2026-05-15 13:00:00+00:00
[2026-05-14T18:23:17.761+0000] {processor.py:183} INFO - Processing /opt/airflow/dags/main.py took 0.150 seconds
[2026-05-14T18:23:47.931+0000] {processor.py:161} INFO - Started process (PID=3632) to work on /opt/airflow/dags/main.py
[2026-05-14T18:23:47.933+0000] {processor.py:830} INFO - Processing file /opt/airflow/dags/main.py for tasks to queue
[2026-05-14T18:23:47.936+0000] {logging_mixin.py:188} INFO - [2026-05-14T18:23:47.936+0000] {dagbag.py:545} INFO - Filling up the DagBag from /opt/airflow/dags/main.py
[2026-05-14T18:23:48.006+0000] {processor.py:840} INFO - DAG(s) 'produce_json' retrieved from /opt/airflow/dags/main.py
[2026-05-14T18:23:48.031+0000] {logging_mixin.py:188} INFO - [2026-05-14T18:23:48.030+0000] {dag.py:3096} INFO - Sync 1 DAGs
[2026-05-14T18:23:48.054+0000] {logging_mixin.py:188} INFO - [2026-05-14T18:23:48.054+0000] {dag.py:3954} INFO - Setting next_dagrun for produce_json to 2026-05-14 13:00:00+00:00, run_after=2026-05-15 13:00:00+00:00
[2026-05-14T18:23:48.077+0000] {processor.py:183} INFO - Processing /opt/airflow/dags/main.py took 0.154 seconds
[2026-05-14T18:24:18.270+0000] {processor.py:161} INFO - Started process (PID=3639) to work on /opt/airflow/dags/main.py
[2026-05-14T18:24:18.272+0000] {processor.py:830} INFO - Processing file /opt/airflow/dags/main.py for tasks to queue
[2026-05-14T18:24:18.275+0000] {logging_mixin.py:188} INFO - [2026-05-14T18:24:18.275+0000] {dagbag.py:545} INFO - Filling up the DagBag from /opt/airflow/dags/main.py
[2026-05-14T18:24:18.339+0000] {processor.py:840} INFO - DAG(s) 'produce_json' retrieved from /opt/airflow/dags/main.py
[2026-05-14T18:24:18.364+0000] {logging_mixin.py:188} INFO - [2026-05-14T18:24:18.363+0000] {dag.py:3096} INFO - Sync 1 DAGs
[2026-05-14T18:24:18.386+0000] {logging_mixin.py:188} INFO - [2026-05-14T18:24:18.386+0000] {dag.py:3954} INFO - Setting next_dagrun for produce_json to 2026-05-14 13:00:00+00:00, run_after=2026-05-15 13:00:00+00:00
[2026-05-14T18:24:18.410+0000] {processor.py:183} INFO - Processing /opt/airflow/dags/main.py took 0.146 seconds
[2026-05-14T18:24:48.620+0000] {processor.py:161} INFO - Started process (PID=3647) to work on /opt/airflow/dags/main.py
[2026-05-14T18:24:48.622+0000] {processor.py:830} INFO - Processing file /opt/airflow/dags/main.py for tasks to queue
[2026-05-14T18:24:48.625+0000] {logging_mixin.py:188} INFO - [2026-05-14T18:24:48.625+0000] {dagbag.py:545} INFO - Filling up the DagBag from /opt/airflow/dags/main.py
[2026-05-14T18:24:48.681+0000] {processor.py:840} INFO - DAG(s) 'produce_json' retrieved from /opt/airflow/dags/main.py
[2026-05-14T18:24:48.706+0000] {logging_mixin.py:188} INFO - [2026-05-14T18:24:48.706+0000] {dag.py:3096} INFO - Sync 1 DAGs
[2026-05-14T18:24:48.728+0000] {logging_mixin.py:188} INFO - [2026-05-14T18:24:48.728+0000] {dag.py:3954} INFO - Setting next_dagrun for produce_json to 2026-05-14 13:00:00+00:00, run_after=2026-05-15 13:00:00+00:00
[2026-05-14T18:24:48.753+0000] {processor.py:183} INFO - Processing /opt/airflow/dags/main.py took 0.140 seconds
[2026-05-14T18:25:19.086+0000] {processor.py:161} INFO - Started process (PID=3654) to work on /opt/airflow/dags/main.py
[2026-05-14T18:25:19.088+0000] {processor.py:830} INFO - Processing file /opt/airflow/dags/main.py for tasks to queue
[2026-05-14T18:25:19.093+0000] {logging_mixin.py:188} INFO - [2026-05-14T18:25:19.092+0000] {dagbag.py:545} INFO - Filling up the DagBag from /opt/airflow/dags/main.py
[2026-05-14T18:25:19.185+0000] {processor.py:840} INFO - DAG(s) 'produce_json' retrieved from /opt/airflow/dags/main.py
[2026-05-14T18:25:19.216+0000] {logging_mixin.py:188} INFO - [2026-05-14T18:25:19.215+0000] {dag.py:3096} INFO - Sync 1 DAGs
[2026-05-14T18:25:19.247+0000] {logging_mixin.py:188} INFO - [2026-05-14T18:25:19.246+0000] {dag.py:3954} INFO - Setting next_dagrun for produce_json to 2026-05-14 13:00:00+00:00, run_after=2026-05-15 13:00:00+00:00
[2026-05-14T18:25:19.279+0000] {processor.py:183} INFO - Processing /opt/airflow/dags/main.py took 0.206 seconds
[2026-05-14T18:25:49.350+0000] {processor.py:161} INFO - Started process (PID=3661) to work on /opt/airflow/dags/main.py
[2026-05-14T18:25:49.351+0000] {processor.py:830} INFO - Processing file /opt/airflow/dags/main.py for tasks to queue
[2026-05-14T18:25:49.354+0000] {logging_mixin.py:188} INFO - [2026-05-14T18:25:49.354+0000] {dagbag.py:545} INFO - Filling up the DagBag from /opt/airflow/dags/main.py
[2026-05-14T18:25:49.411+0000] {processor.py:840} INFO - DAG(s) 'produce_json' retrieved from /opt/airflow/dags/main.py
[2026-05-14T18:25:49.449+0000] {logging_mixin.py:188} INFO - [2026-05-14T18:25:49.448+0000] {dag.py:3096} INFO - Sync 1 DAGs
[2026-05-14T18:25:49.474+0000] {logging_mixin.py:188} INFO - [2026-05-14T18:25:49.473+0000] {dag.py:3954} INFO - Setting next_dagrun for produce_json to 2026-05-14 13:00:00+00:00, run_after=2026-05-15 13:00:00+00:00
[2026-05-14T18:25:49.502+0000] {processor.py:183} INFO - Processing /opt/airflow/dags/main.py took 0.161 seconds
[2026-05-14T18:26:19.606+0000] {processor.py:161} INFO - Started process (PID=3668) to work on /opt/airflow/dags/main.py
[2026-05-14T18:26:19.608+0000] {processor.py:830} INFO - Processing file /opt/airflow/dags/main.py for tasks to queue
[2026-05-14T18:26:19.611+0000] {logging_mixin.py:188} INFO - [2026-05-14T18:26:19.611+0000] {dagbag.py:545} INFO - Filling up the DagBag from /opt/airflow/dags/main.py
[2026-05-14T18:26:19.693+0000] {processor.py:840} INFO - DAG(s) 'produce_json' retrieved from /opt/airflow/dags/main.py
[2026-05-14T18:26:19.729+0000] {logging_mixin.py:188} INFO - [2026-05-14T18:26:19.729+0000] {dag.py:3096} INFO - Sync 1 DAGs
[2026-05-14T18:26:19.760+0000] {logging_mixin.py:188} INFO - [2026-05-14T18:26:19.760+0000] {dag.py:3954} INFO - Setting next_dagrun for produce_json to 2026-05-14 13:00:00+00:00, run_after=2026-05-15 13:00:00+00:00
[2026-05-14T18:26:19.790+0000] {processor.py:183} INFO - Processing /opt/airflow/dags/main.py took 0.196 seconds
[2026-05-14T18:26:50.043+0000] {processor.py:161} INFO - Started process (PID=3675) to work on /opt/airflow/dags/main.py
[2026-05-14T18:26:50.044+0000] {processor.py:830} INFO - Processing file /opt/airflow/dags/main.py for tasks to queue
[2026-05-14T18:26:50.046+0000] {logging_mixin.py:188} INFO - [2026-05-14T18:26:50.046+0000] {dagbag.py:545} INFO - Filling up the DagBag from /opt/airflow/dags/main.py
[2026-05-14T18:26:50.109+0000] {processor.py:840} INFO - DAG(s) 'produce_json' retrieved from /opt/airflow/dags/main.py
[2026-05-14T18:26:50.133+0000] {logging_mixin.py:188} INFO - [2026-05-14T18:26:50.133+0000] {dag.py:3096} INFO - Sync 1 DAGs
[2026-05-14T18:26:50.157+0000] {logging_mixin.py:188} INFO - [2026-05-14T18:26:50.156+0000] {dag.py:3954} INFO - Setting next_dagrun for produce_json to 2026-05-14 13:00:00+00:00, run_after=2026-05-15 13:00:00+00:00
[2026-05-14T18:26:50.192+0000] {processor.py:183} INFO - Processing /opt/airflow/dags/main.py took 0.156 seconds
[2026-05-14T18:27:20.327+0000] {processor.py:161} INFO - Started process (PID=3683) to work on /opt/airflow/dags/main.py
[2026-05-14T18:27:20.329+0000] {processor.py:830} INFO - Processing file /opt/airflow/dags/main.py for tasks to queue
[2026-05-14T18:27:20.331+0000] {logging_mixin.py:188} INFO - [2026-05-14T18:27:20.331+0000] {dagbag.py:545} INFO - Filling up the DagBag from /opt/airflow/dags/main.py
[2026-05-14T18:27:20.394+0000] {processor.py:840} INFO - DAG(s) 'produce_json' retrieved from /opt/airflow/dags/main.py
[2026-05-14T18:27:20.420+0000] {logging_mixin.py:188} INFO - [2026-05-14T18:27:20.420+0000] {dag.py:3096} INFO - Sync 1 DAGs
[2026-05-14T18:27:20.445+0000] {logging_mixin.py:188} INFO - [2026-05-14T18:27:20.445+0000] {dag.py:3954} INFO - Setting next_dagrun for produce_json to 2026-05-14 13:00:00+00:00, run_after=2026-05-15 13:00:00+00:00
[2026-05-14T18:27:20.469+0000] {processor.py:183} INFO - Processing /opt/airflow/dags/main.py took 0.149 seconds
[2026-05-14T18:27:50.769+0000] {processor.py:161} INFO - Started process (PID=3690) to work on /opt/airflow/dags/main.py
[2026-05-14T18:27:50.771+0000] {processor.py:830} INFO - Processing file /opt/airflow/dags/main.py for tasks to queue
[2026-05-14T18:27:50.774+0000] {logging_mixin.py:188} INFO - [2026-05-14T18:27:50.774+0000] {dagbag.py:545} INFO - Filling up the DagBag from /opt/airflow/dags/main.py
[2026-05-14T18:27:50.854+0000] {processor.py:840} INFO - DAG(s) 'produce_json' retrieved from /opt/airflow/dags/main.py
[2026-05-14T18:27:50.882+0000] {logging_mixin.py:188} INFO - [2026-05-14T18:27:50.882+0000] {dag.py:3096} INFO - Sync 1 DAGs
[2026-05-14T18:27:50.914+0000] {logging_mixin.py:188} INFO - [2026-05-14T18:27:50.913+0000] {dag.py:3954} INFO - Setting next_dagrun for produce_json to 2026-05-14 13:00:00+00:00, run_after=2026-05-15 13:00:00+00:00
[2026-05-14T18:27:50.939+0000] {processor.py:183} INFO - Processing /opt/airflow/dags/main.py took 0.176 seconds
[2026-05-14T18:28:21.052+0000] {processor.py:161} INFO - Started process (PID=3697) to work on /opt/airflow/dags/main.py
[2026-05-14T18:28:21.054+0000] {processor.py:830} INFO - Processing file /opt/airflow/dags/main.py for tasks to queue
[2026-05-14T18:28:21.057+0000] {logging_mixin.py:188} INFO - [2026-05-14T18:28:21.056+0000] {dagbag.py:545} INFO - Filling up the DagBag from /opt/airflow/dags/main.py
[2026-05-14T18:28:21.115+0000] {processor.py:840} INFO - DAG(s) 'produce_json' retrieved from /opt/airflow/dags/main.py
[2026-05-14T18:28:21.140+0000] {logging_mixin.py:188} INFO - [2026-05-14T18:28:21.139+0000] {dag.py:3096} INFO - Sync 1 DAGs
[2026-05-14T18:28:21.163+0000] {logging_mixin.py:188} INFO - [2026-05-14T18:28:21.163+0000] {dag.py:3954} INFO - Setting next_dagrun for produce_json to 2026-05-14 13:00:00+00:00, run_after=2026-05-15 13:00:00+00:00
[2026-05-14T18:28:21.199+0000] {processor.py:183} INFO - Processing /opt/airflow/dags/main.py took 0.154 seconds
[2026-05-14T18:28:51.537+0000] {processor.py:161} INFO - Started process (PID=3704) to work on /opt/airflow/dags/main.py
[2026-05-14T18:28:51.539+0000] {processor.py:830} INFO - Processing file /opt/airflow/dags/main.py for tasks to queue
[2026-05-14T18:28:51.542+0000] {logging_mixin.py:188} INFO - [2026-05-14T18:28:51.541+0000] {dagbag.py:545} INFO - Filling up the DagBag from /opt/airflow/dags/main.py
[2026-05-14T18:28:51.604+0000] {processor.py:840} INFO - DAG(s) 'produce_json' retrieved from /opt/airflow/dags/main.py
[2026-05-14T18:28:51.628+0000] {logging_mixin.py:188} INFO - [2026-05-14T18:28:51.628+0000] {dag.py:3096} INFO - Sync 1 DAGs
[2026-05-14T18:28:51.652+0000] {logging_mixin.py:188} INFO - [2026-05-14T18:28:51.652+0000] {dag.py:3954} INFO - Setting next_dagrun for produce_json to 2026-05-14 13:00:00+00:00, run_after=2026-05-15 13:00:00+00:00
[2026-05-14T18:28:51.685+0000] {processor.py:183} INFO - Processing /opt/airflow/dags/main.py took 0.155 seconds
[2026-05-14T18:29:21.824+0000] {processor.py:161} INFO - Started process (PID=3711) to work on /opt/airflow/dags/main.py
[2026-05-14T18:29:21.826+0000] {processor.py:830} INFO - Processing file /opt/airflow/dags/main.py for tasks to queue
[2026-05-14T18:29:21.829+0000] {logging_mixin.py:188} INFO - [2026-05-14T18:29:21.829+0000] {dagbag.py:545} INFO - Filling up the DagBag from /opt/airflow/dags/main.py
[2026-05-14T18:29:21.886+0000] {processor.py:840} INFO - DAG(s) 'produce_json' retrieved from /opt/airflow/dags/main.py
[2026-05-14T18:29:21.912+0000] {logging_mixin.py:188} INFO - [2026-05-14T18:29:21.912+0000] {dag.py:3096} INFO - Sync 1 DAGs
[2026-05-14T18:29:21.939+0000] {logging_mixin.py:188} INFO - [2026-05-14T18:29:21.938+0000] {dag.py:3954} INFO - Setting next_dagrun for produce_json to 2026-05-14 13:00:00+00:00, run_after=2026-05-15 13:00:00+00:00
[2026-05-14T18:29:21.975+0000] {processor.py:183} INFO - Processing /opt/airflow/dags/main.py took 0.158 seconds
[2026-05-14T18:29:52.259+0000] {processor.py:161} INFO - Started process (PID=3718) to work on /opt/airflow/dags/main.py
[2026-05-14T18:29:52.261+0000] {processor.py:830} INFO - Processing file /opt/airflow/dags/main.py for tasks to queue
[2026-05-14T18:29:52.263+0000] {logging_mixin.py:188} INFO - [2026-05-14T18:29:52.263+0000] {dagbag.py:545} INFO - Filling up the DagBag from /opt/airflow/dags/main.py
[2026-05-14T18:29:52.325+0000] {processor.py:840} INFO - DAG(s) 'produce_json' retrieved from /opt/airflow/dags/main.py
[2026-05-14T18:29:52.350+0000] {logging_mixin.py:188} INFO - [2026-05-14T18:29:52.350+0000] {dag.py:3096} INFO - Sync 1 DAGs
[2026-05-14T18:29:52.375+0000] {logging_mixin.py:188} INFO - [2026-05-14T18:29:52.374+0000] {dag.py:3954} INFO - Setting next_dagrun for produce_json to 2026-05-14 13:00:00+00:00, run_after=2026-05-15 13:00:00+00:00
[2026-05-14T18:29:52.412+0000] {processor.py:183} INFO - Processing /opt/airflow/dags/main.py took 0.161 seconds
[2026-05-14T18:30:22.671+0000] {processor.py:161} INFO - Started process (PID=3725) to work on /opt/airflow/dags/main.py
[2026-05-14T18:30:22.673+0000] {processor.py:830} INFO - Processing file /opt/airflow/dags/main.py for tasks to queue
[2026-05-14T18:30:22.675+0000] {logging_mixin.py:188} INFO - [2026-05-14T18:30:22.675+0000] {dagbag.py:545} INFO - Filling up the DagBag from /opt/airflow/dags/main.py
[2026-05-14T18:30:22.734+0000] {processor.py:840} INFO - DAG(s) 'produce_json' retrieved from /opt/airflow/dags/main.py
[2026-05-14T18:30:22.761+0000] {logging_mixin.py:188} INFO - [2026-05-14T18:30:22.761+0000] {dag.py:3096} INFO - Sync 1 DAGs
[2026-05-14T18:30:22.787+0000] {logging_mixin.py:188} INFO - [2026-05-14T18:30:22.787+0000] {dag.py:3954} INFO - Setting next_dagrun for produce_json to 2026-05-14 13:00:00+00:00, run_after=2026-05-15 13:00:00+00:00
[2026-05-14T18:30:22.826+0000] {processor.py:183} INFO - Processing /opt/airflow/dags/main.py took 0.161 seconds
[2026-05-14T18:30:52.969+0000] {processor.py:161} INFO - Started process (PID=3733) to work on /opt/airflow/dags/main.py
[2026-05-14T18:30:52.971+0000] {processor.py:830} INFO - Processing file /opt/airflow/dags/main.py for tasks to queue
[2026-05-14T18:30:52.973+0000] {logging_mixin.py:188} INFO - [2026-05-14T18:30:52.973+0000] {dagbag.py:545} INFO - Filling up the DagBag from /opt/airflow/dags/main.py
[2026-05-14T18:30:53.031+0000] {processor.py:840} INFO - DAG(s) 'produce_json' retrieved from /opt/airflow/dags/main.py
[2026-05-14T18:30:53.057+0000] {logging_mixin.py:188} INFO - [2026-05-14T18:30:53.057+0000] {dag.py:3096} INFO - Sync 1 DAGs
[2026-05-14T18:30:53.085+0000] {logging_mixin.py:188} INFO - [2026-05-14T18:30:53.084+0000] {dag.py:3954} INFO - Setting next_dagrun for produce_json to 2026-05-14 13:00:00+00:00, run_after=2026-05-15 13:00:00+00:00
[2026-05-14T18:30:53.109+0000] {processor.py:183} INFO - Processing /opt/airflow/dags/main.py took 0.147 seconds
[2026-05-14T18:31:23.388+0000] {processor.py:161} INFO - Started process (PID=3740) to work on /opt/airflow/dags/main.py
[2026-05-14T18:31:23.390+0000] {processor.py:830} INFO - Processing file /opt/airflow/dags/main.py for tasks to queue
[2026-05-14T18:31:23.392+0000] {logging_mixin.py:188} INFO - [2026-05-14T18:31:23.392+0000] {dagbag.py:545} INFO - Filling up the DagBag from /opt/airflow/dags/main.py
[2026-05-14T18:31:23.450+0000] {processor.py:840} INFO - DAG(s) 'produce_json' retrieved from /opt/airflow/dags/main.py
[2026-05-14T18:31:23.474+0000] {logging_mixin.py:188} INFO - [2026-05-14T18:31:23.473+0000] {dag.py:3096} INFO - Sync 1 DAGs
[2026-05-14T18:31:23.499+0000] {logging_mixin.py:188} INFO - [2026-05-14T18:31:23.499+0000] {dag.py:3954} INFO - Setting next_dagrun for produce_json to 2026-05-14 13:00:00+00:00, run_after=2026-05-15 13:00:00+00:00
[2026-05-14T18:31:23.533+0000] {processor.py:183} INFO - Processing /opt/airflow/dags/main.py took 0.152 seconds
[2026-05-14T18:31:53.703+0000] {processor.py:161} INFO - Started process (PID=3747) to work on /opt/airflow/dags/main.py
[2026-05-14T18:31:53.705+0000] {processor.py:830} INFO - Processing file /opt/airflow/dags/main.py for tasks to queue
[2026-05-14T18:31:53.707+0000] {logging_mixin.py:188} INFO - [2026-05-14T18:31:53.707+0000] {dagbag.py:545} INFO - Filling up the DagBag from /opt/airflow/dags/main.py
[2026-05-14T18:31:53.766+0000] {processor.py:840} INFO - DAG(s) 'produce_json' retrieved from /opt/airflow/dags/main.py
[2026-05-14T18:31:53.796+0000] {logging_mixin.py:188} INFO - [2026-05-14T18:31:53.796+0000] {dag.py:3096} INFO - Sync 1 DAGs
[2026-05-14T18:31:53.822+0000] {logging_mixin.py:188} INFO - [2026-05-14T18:31:53.822+0000] {dag.py:3954} INFO - Setting next_dagrun for produce_json to 2026-05-14 13:00:00+00:00, run_after=2026-05-15 13:00:00+00:00
[2026-05-14T18:31:53.857+0000] {processor.py:183} INFO - Processing /opt/airflow/dags/main.py took 0.161 seconds
[2026-05-14T18:32:24.099+0000] {processor.py:161} INFO - Started process (PID=3753) to work on /opt/airflow/dags/main.py
[2026-05-14T18:32:24.101+0000] {processor.py:830} INFO - Processing file /opt/airflow/dags/main.py for tasks to queue
[2026-05-14T18:32:24.104+0000] {logging_mixin.py:188} INFO - [2026-05-14T18:32:24.103+0000] {dagbag.py:545} INFO - Filling up the DagBag from /opt/airflow/dags/main.py
[2026-05-14T18:32:24.162+0000] {processor.py:840} INFO - DAG(s) 'produce_json' retrieved from /opt/airflow/dags/main.py
[2026-05-14T18:32:24.189+0000] {logging_mixin.py:188} INFO - [2026-05-14T18:32:24.189+0000] {dag.py:3096} INFO - Sync 1 DAGs
[2026-05-14T18:32:24.220+0000] {logging_mixin.py:188} INFO - [2026-05-14T18:32:24.220+0000] {dag.py:3954} INFO - Setting next_dagrun for produce_json to 2026-05-14 13:00:00+00:00, run_after=2026-05-15 13:00:00+00:00
[2026-05-14T18:32:24.250+0000] {processor.py:183} INFO - Processing /opt/airflow/dags/main.py took 0.158 seconds
[2026-05-14T18:32:54.415+0000] {processor.py:161} INFO - Started process (PID=3760) to work on /opt/airflow/dags/main.py
[2026-05-14T18:32:54.417+0000] {processor.py:830} INFO - Processing file /opt/airflow/dags/main.py for tasks to queue
[2026-05-14T18:32:54.421+0000] {logging_mixin.py:188} INFO - [2026-05-14T18:32:54.420+0000] {dagbag.py:545} INFO - Filling up the DagBag from /opt/airflow/dags/main.py
[2026-05-14T18:32:54.478+0000] {processor.py:840} INFO - DAG(s) 'produce_json' retrieved from /opt/airflow/dags/main.py
[2026-05-14T18:32:54.503+0000] {logging_mixin.py:188} INFO - [2026-05-14T18:32:54.503+0000] {dag.py:3096} INFO - Sync 1 DAGs
[2026-05-14T18:32:54.529+0000] {logging_mixin.py:188} INFO - [2026-05-14T18:32:54.529+0000] {dag.py:3954} INFO - Setting next_dagrun for produce_json to 2026-05-14 13:00:00+00:00, run_after=2026-05-15 13:00:00+00:00
[2026-05-14T18:32:54.555+0000] {processor.py:183} INFO - Processing /opt/airflow/dags/main.py took 0.148 seconds
[2026-05-14T18:33:24.812+0000] {processor.py:161} INFO - Started process (PID=3767) to work on /opt/airflow/dags/main.py
[2026-05-14T18:33:24.813+0000] {processor.py:830} INFO - Processing file /opt/airflow/dags/main.py for tasks to queue
[2026-05-14T18:33:24.816+0000] {logging_mixin.py:188} INFO - [2026-05-14T18:33:24.816+0000] {dagbag.py:545} INFO - Filling up the DagBag from /opt/airflow/dags/main.py
[2026-05-14T18:33:24.873+0000] {processor.py:840} INFO - DAG(s) 'produce_json' retrieved from /opt/airflow/dags/main.py
[2026-05-14T18:33:24.896+0000] {logging_mixin.py:188} INFO - [2026-05-14T18:33:24.896+0000] {dag.py:3096} INFO - Sync 1 DAGs
[2026-05-14T18:33:24.919+0000] {logging_mixin.py:188} INFO - [2026-05-14T18:33:24.919+0000] {dag.py:3954} INFO - Setting next_dagrun for produce_json to 2026-05-14 13:00:00+00:00, run_after=2026-05-15 13:00:00+00:00
[2026-05-14T18:33:24.947+0000] {processor.py:183} INFO - Processing /opt/airflow/dags/main.py took 0.142 seconds
[2026-05-14T18:33:55.082+0000] {processor.py:161} INFO - Started process (PID=3774) to work on /opt/airflow/dags/main.py
[2026-05-14T18:33:55.084+0000] {processor.py:830} INFO - Processing file /opt/airflow/dags/main.py for tasks to queue
[2026-05-14T18:33:55.087+0000] {logging_mixin.py:188} INFO - [2026-05-14T18:33:55.087+0000] {dagbag.py:545} INFO - Filling up the DagBag from /opt/airflow/dags/main.py
[2026-05-14T18:33:55.154+0000] {processor.py:840} INFO - DAG(s) 'produce_json' retrieved from /opt/airflow/dags/main.py
[2026-05-14T18:33:55.181+0000] {logging_mixin.py:188} INFO - [2026-05-14T18:33:55.180+0000] {dag.py:3096} INFO - Sync 1 DAGs
[2026-05-14T18:33:55.208+0000] {logging_mixin.py:188} INFO - [2026-05-14T18:33:55.207+0000] {dag.py:3954} INFO - Setting next_dagrun for produce_json to 2026-05-14 13:00:00+00:00, run_after=2026-05-15 13:00:00+00:00
[2026-05-14T18:33:55.231+0000] {processor.py:183} INFO - Processing /opt/airflow/dags/main.py took 0.156 seconds
[2026-05-14T18:34:25.482+0000] {processor.py:161} INFO - Started process (PID=3781) to work on /opt/airflow/dags/main.py
[2026-05-14T18:34:25.484+0000] {processor.py:830} INFO - Processing file /opt/airflow/dags/main.py for tasks to queue
[2026-05-14T18:34:25.486+0000] {logging_mixin.py:188} INFO - [2026-05-14T18:34:25.486+0000] {dagbag.py:545} INFO - Filling up the DagBag from /opt/airflow/dags/main.py
[2026-05-14T18:34:25.541+0000] {processor.py:840} INFO - DAG(s) 'produce_json' retrieved from /opt/airflow/dags/main.py
[2026-05-14T18:34:25.565+0000] {logging_mixin.py:188} INFO - [2026-05-14T18:34:25.565+0000] {dag.py:3096} INFO - Sync 1 DAGs
[2026-05-14T18:34:25.589+0000] {logging_mixin.py:188} INFO - [2026-05-14T18:34:25.588+0000] {dag.py:3954} INFO - Setting next_dagrun for produce_json to 2026-05-14 13:00:00+00:00, run_after=2026-05-15 13:00:00+00:00
[2026-05-14T18:34:25.612+0000] {processor.py:183} INFO - Processing /opt/airflow/dags/main.py took 0.137 seconds
[2026-05-14T18:34:55.771+0000] {processor.py:161} INFO - Started process (PID=3788) to work on /opt/airflow/dags/main.py
[2026-05-14T18:34:55.774+0000] {processor.py:830} INFO - Processing file /opt/airflow/dags/main.py for tasks to queue
[2026-05-14T18:34:55.779+0000] {logging_mixin.py:188} INFO - [2026-05-14T18:34:55.778+0000] {dagbag.py:545} INFO - Filling up the DagBag from /opt/airflow/dags/main.py
[2026-05-14T18:34:55.862+0000] {processor.py:840} INFO - DAG(s) 'produce_json' retrieved from /opt/airflow/dags/main.py
[2026-05-14T18:34:55.895+0000] {logging_mixin.py:188} INFO - [2026-05-14T18:34:55.895+0000] {dag.py:3096} INFO - Sync 1 DAGs
[2026-05-14T18:34:55.935+0000] {logging_mixin.py:188} INFO - [2026-05-14T18:34:55.934+0000] {dag.py:3954} INFO - Setting next_dagrun for produce_json to 2026-05-14 13:00:00+00:00, run_after=2026-05-15 13:00:00+00:00
[2026-05-14T18:34:55.982+0000] {processor.py:183} INFO - Processing /opt/airflow/dags/main.py took 0.224 seconds
[2026-05-14T18:35:26.295+0000] {processor.py:161} INFO - Started process (PID=3795) to work on /opt/airflow/dags/main.py
[2026-05-14T18:35:26.297+0000] {processor.py:830} INFO - Processing file /opt/airflow/dags/main.py for tasks to queue
[2026-05-14T18:35:26.299+0000] {logging_mixin.py:188} INFO - [2026-05-14T18:35:26.299+0000] {dagbag.py:545} INFO - Filling up the DagBag from /opt/airflow/dags/main.py
[2026-05-14T18:35:26.362+0000] {processor.py:840} INFO - DAG(s) 'produce_json' retrieved from /opt/airflow/dags/main.py
[2026-05-14T18:35:26.387+0000] {logging_mixin.py:188} INFO - [2026-05-14T18:35:26.387+0000] {dag.py:3096} INFO - Sync 1 DAGs
[2026-05-14T18:35:26.411+0000] {logging_mixin.py:188} INFO - [2026-05-14T18:35:26.411+0000] {dag.py:3954} INFO - Setting next_dagrun for produce_json to 2026-05-14 13:00:00+00:00, run_after=2026-05-15 13:00:00+00:00
[2026-05-14T18:35:26.446+0000] {processor.py:183} INFO - Processing /opt/airflow/dags/main.py took 0.156 seconds
[2026-05-14T18:35:56.605+0000] {processor.py:161} INFO - Started process (PID=3802) to work on /opt/airflow/dags/main.py
[2026-05-14T18:35:56.607+0000] {processor.py:830} INFO - Processing file /opt/airflow/dags/main.py for tasks to queue
[2026-05-14T18:35:56.609+0000] {logging_mixin.py:188} INFO - [2026-05-14T18:35:56.609+0000] {dagbag.py:545} INFO - Filling up the DagBag from /opt/airflow/dags/main.py
[2026-05-14T18:35:56.669+0000] {processor.py:840} INFO - DAG(s) 'produce_json' retrieved from /opt/airflow/dags/main.py
[2026-05-14T18:35:56.696+0000] {logging_mixin.py:188} INFO - [2026-05-14T18:35:56.696+0000] {dag.py:3096} INFO - Sync 1 DAGs
[2026-05-14T18:35:56.719+0000] {logging_mixin.py:188} INFO - [2026-05-14T18:35:56.719+0000] {dag.py:3954} INFO - Setting next_dagrun for produce_json to 2026-05-14 13:00:00+00:00, run_after=2026-05-15 13:00:00+00:00
[2026-05-14T18:35:56.753+0000] {processor.py:183} INFO - Processing /opt/airflow/dags/main.py took 0.154 seconds
[2026-05-14T18:36:26.997+0000] {processor.py:161} INFO - Started process (PID=3810) to work on /opt/airflow/dags/main.py
[2026-05-14T18:36:26.999+0000] {processor.py:830} INFO - Processing file /opt/airflow/dags/main.py for tasks to queue
[2026-05-14T18:36:27.003+0000] {logging_mixin.py:188} INFO - [2026-05-14T18:36:27.002+0000] {dagbag.py:545} INFO - Filling up the DagBag from /opt/airflow/dags/main.py
[2026-05-14T18:36:27.061+0000] {processor.py:840} INFO - DAG(s) 'produce_json' retrieved from /opt/airflow/dags/main.py
[2026-05-14T18:36:27.085+0000] {logging_mixin.py:188} INFO - [2026-05-14T18:36:27.084+0000] {dag.py:3096} INFO - Sync 1 DAGs
[2026-05-14T18:36:27.109+0000] {logging_mixin.py:188} INFO - [2026-05-14T18:36:27.109+0000] {dag.py:3954} INFO - Setting next_dagrun for produce_json to 2026-05-14 13:00:00+00:00, run_after=2026-05-15 13:00:00+00:00
[2026-05-14T18:36:27.133+0000] {processor.py:183} INFO - Processing /opt/airflow/dags/main.py took 0.144 seconds
[2026-05-14T18:36:57.339+0000] {processor.py:161} INFO - Started process (PID=3817) to work on /opt/airflow/dags/main.py
[2026-05-14T18:36:57.341+0000] {processor.py:830} INFO - Processing file /opt/airflow/dags/main.py for tasks to queue
[2026-05-14T18:36:57.343+0000] {logging_mixin.py:188} INFO - [2026-05-14T18:36:57.343+0000] {dagbag.py:545} INFO - Filling up the DagBag from /opt/airflow/dags/main.py
[2026-05-14T18:36:57.408+0000] {processor.py:840} INFO - DAG(s) 'produce_json' retrieved from /opt/airflow/dags/main.py
[2026-05-14T18:36:57.432+0000] {logging_mixin.py:188} INFO - [2026-05-14T18:36:57.431+0000] {dag.py:3096} INFO - Sync 1 DAGs
[2026-05-14T18:36:57.456+0000] {logging_mixin.py:188} INFO - [2026-05-14T18:36:57.455+0000] {dag.py:3954} INFO - Setting next_dagrun for produce_json to 2026-05-14 13:00:00+00:00, run_after=2026-05-15 13:00:00+00:00
[2026-05-14T18:36:57.488+0000] {processor.py:183} INFO - Processing /opt/airflow/dags/main.py took 0.155 seconds
[2026-05-14T18:37:27.691+0000] {processor.py:161} INFO - Started process (PID=3824) to work on /opt/airflow/dags/main.py
[2026-05-14T18:37:27.692+0000] {processor.py:830} INFO - Processing file /opt/airflow/dags/main.py for tasks to queue
[2026-05-14T18:37:27.695+0000] {logging_mixin.py:188} INFO - [2026-05-14T18:37:27.695+0000] {dagbag.py:545} INFO - Filling up the DagBag from /opt/airflow/dags/main.py
[2026-05-14T18:37:27.757+0000] {processor.py:840} INFO - DAG(s) 'produce_json' retrieved from /opt/airflow/dags/main.py
[2026-05-14T18:37:27.784+0000] {logging_mixin.py:188} INFO - [2026-05-14T18:37:27.783+0000] {dag.py:3096} INFO - Sync 1 DAGs
[2026-05-14T18:37:27.806+0000] {logging_mixin.py:188} INFO - [2026-05-14T18:37:27.806+0000] {dag.py:3954} INFO - Setting next_dagrun for produce_json to 2026-05-14 13:00:00+00:00, run_after=2026-05-15 13:00:00+00:00
[2026-05-14T18:37:27.842+0000] {processor.py:183} INFO - Processing /opt/airflow/dags/main.py took 0.158 seconds
[2026-05-14T18:37:58.048+0000] {processor.py:161} INFO - Started process (PID=3831) to work on /opt/airflow/dags/main.py
[2026-05-14T18:37:58.050+0000] {processor.py:830} INFO - Processing file /opt/airflow/dags/main.py for tasks to queue
[2026-05-14T18:37:58.053+0000] {logging_mixin.py:188} INFO - [2026-05-14T18:37:58.052+0000] {dagbag.py:545} INFO - Filling up the DagBag from /opt/airflow/dags/main.py
[2026-05-14T18:37:58.115+0000] {processor.py:840} INFO - DAG(s) 'produce_json' retrieved from /opt/airflow/dags/main.py
[2026-05-14T18:37:58.139+0000] {logging_mixin.py:188} INFO - [2026-05-14T18:37:58.139+0000] {dag.py:3096} INFO - Sync 1 DAGs
[2026-05-14T18:37:58.164+0000] {logging_mixin.py:188} INFO - [2026-05-14T18:37:58.164+0000] {dag.py:3954} INFO - Setting next_dagrun for produce_json to 2026-05-14 13:00:00+00:00, run_after=2026-05-15 13:00:00+00:00
[2026-05-14T18:37:58.188+0000] {processor.py:183} INFO - Processing /opt/airflow/dags/main.py took 0.147 seconds
[2026-05-14T18:38:28.420+0000] {processor.py:161} INFO - Started process (PID=3838) to work on /opt/airflow/dags/main.py
[2026-05-14T18:38:28.422+0000] {processor.py:830} INFO - Processing file /opt/airflow/dags/main.py for tasks to queue
[2026-05-14T18:38:28.425+0000] {logging_mixin.py:188} INFO - [2026-05-14T18:38:28.424+0000] {dagbag.py:545} INFO - Filling up the DagBag from /opt/airflow/dags/main.py
[2026-05-14T18:38:28.484+0000] {processor.py:840} INFO - DAG(s) 'produce_json' retrieved from /opt/airflow/dags/main.py
[2026-05-14T18:38:28.508+0000] {logging_mixin.py:188} INFO - [2026-05-14T18:38:28.508+0000] {dag.py:3096} INFO - Sync 1 DAGs
[2026-05-14T18:38:28.535+0000] {logging_mixin.py:188} INFO - [2026-05-14T18:38:28.535+0000] {dag.py:3954} INFO - Setting next_dagrun for produce_json to 2026-05-14 13:00:00+00:00, run_after=2026-05-15 13:00:00+00:00
[2026-05-14T18:38:28.557+0000] {processor.py:183} INFO - Processing /opt/airflow/dags/main.py took 0.144 seconds
[2026-05-14T18:38:58.744+0000] {processor.py:161} INFO - Started process (PID=3845) to work on /opt/airflow/dags/main.py
[2026-05-14T18:38:58.745+0000] {processor.py:830} INFO - Processing file /opt/airflow/dags/main.py for tasks to queue
[2026-05-14T18:38:58.748+0000] {logging_mixin.py:188} INFO - [2026-05-14T18:38:58.748+0000] {dagbag.py:545} INFO - Filling up the DagBag from /opt/airflow/dags/main.py
[2026-05-14T18:38:58.809+0000] {processor.py:840} INFO - DAG(s) 'produce_json' retrieved from /opt/airflow/dags/main.py
[2026-05-14T18:38:58.834+0000] {logging_mixin.py:188} INFO - [2026-05-14T18:38:58.833+0000] {dag.py:3096} INFO - Sync 1 DAGs
[2026-05-14T18:38:58.856+0000] {logging_mixin.py:188} INFO - [2026-05-14T18:38:58.856+0000] {dag.py:3954} INFO - Setting next_dagrun for produce_json to 2026-05-14 13:00:00+00:00, run_after=2026-05-15 13:00:00+00:00
[2026-05-14T18:38:58.882+0000] {processor.py:183} INFO - Processing /opt/airflow/dags/main.py took 0.145 seconds
[2026-05-14T18:39:29.129+0000] {processor.py:161} INFO - Started process (PID=3852) to work on /opt/airflow/dags/main.py
[2026-05-14T18:39:29.131+0000] {processor.py:830} INFO - Processing file /opt/airflow/dags/main.py for tasks to queue
[2026-05-14T18:39:29.134+0000] {logging_mixin.py:188} INFO - [2026-05-14T18:39:29.134+0000] {dagbag.py:545} INFO - Filling up the DagBag from /opt/airflow/dags/main.py
[2026-05-14T18:39:29.190+0000] {processor.py:840} INFO - DAG(s) 'produce_json' retrieved from /opt/airflow/dags/main.py
[2026-05-14T18:39:29.214+0000] {logging_mixin.py:188} INFO - [2026-05-14T18:39:29.214+0000] {dag.py:3096} INFO - Sync 1 DAGs
[2026-05-14T18:39:29.238+0000] {logging_mixin.py:188} INFO - [2026-05-14T18:39:29.238+0000] {dag.py:3954} INFO - Setting next_dagrun for produce_json to 2026-05-14 13:00:00+00:00, run_after=2026-05-15 13:00:00+00:00
[2026-05-14T18:39:29.272+0000] {processor.py:183} INFO - Processing /opt/airflow/dags/main.py took 0.150 seconds
[2026-05-14T18:39:59.456+0000] {processor.py:161} INFO - Started process (PID=3859) to work on /opt/airflow/dags/main.py
[2026-05-14T18:39:59.458+0000] {processor.py:830} INFO - Processing file /opt/airflow/dags/main.py for tasks to queue
[2026-05-14T18:39:59.460+0000] {logging_mixin.py:188} INFO - [2026-05-14T18:39:59.460+0000] {dagbag.py:545} INFO - Filling up the DagBag from /opt/airflow/dags/main.py
[2026-05-14T18:39:59.525+0000] {processor.py:840} INFO - DAG(s) 'produce_json' retrieved from /opt/airflow/dags/main.py
[2026-05-14T18:39:59.549+0000] {logging_mixin.py:188} INFO - [2026-05-14T18:39:59.549+0000] {dag.py:3096} INFO - Sync 1 DAGs
[2026-05-14T18:39:59.573+0000] {logging_mixin.py:188} INFO - [2026-05-14T18:39:59.573+0000] {dag.py:3954} INFO - Setting next_dagrun for produce_json to 2026-05-14 13:00:00+00:00, run_after=2026-05-15 13:00:00+00:00
[2026-05-14T18:39:59.595+0000] {processor.py:183} INFO - Processing /opt/airflow/dags/main.py took 0.149 seconds
[2026-05-14T18:40:29.960+0000] {processor.py:161} INFO - Started process (PID=3866) to work on /opt/airflow/dags/main.py
[2026-05-14T18:40:29.962+0000] {processor.py:830} INFO - Processing file /opt/airflow/dags/main.py for tasks to queue
[2026-05-14T18:40:29.965+0000] {logging_mixin.py:188} INFO - [2026-05-14T18:40:29.964+0000] {dagbag.py:545} INFO - Filling up the DagBag from /opt/airflow/dags/main.py
[2026-05-14T18:40:30.022+0000] {processor.py:840} INFO - DAG(s) 'produce_json' retrieved from /opt/airflow/dags/main.py
[2026-05-14T18:40:30.046+0000] {logging_mixin.py:188} INFO - [2026-05-14T18:40:30.046+0000] {dag.py:3096} INFO - Sync 1 DAGs
[2026-05-14T18:40:30.070+0000] {logging_mixin.py:188} INFO - [2026-05-14T18:40:30.070+0000] {dag.py:3954} INFO - Setting next_dagrun for produce_json to 2026-05-14 13:00:00+00:00, run_after=2026-05-15 13:00:00+00:00
[2026-05-14T18:40:30.097+0000] {processor.py:183} INFO - Processing /opt/airflow/dags/main.py took 0.143 seconds
[2026-05-14T18:41:00.275+0000] {processor.py:161} INFO - Started process (PID=3873) to work on /opt/airflow/dags/main.py
[2026-05-14T18:41:00.277+0000] {processor.py:830} INFO - Processing file /opt/airflow/dags/main.py for tasks to queue
[2026-05-14T18:41:00.280+0000] {logging_mixin.py:188} INFO - [2026-05-14T18:41:00.280+0000] {dagbag.py:545} INFO - Filling up the DagBag from /opt/airflow/dags/main.py
[2026-05-14T18:41:00.351+0000] {processor.py:840} INFO - DAG(s) 'produce_json' retrieved from /opt/airflow/dags/main.py
[2026-05-14T18:41:00.383+0000] {logging_mixin.py:188} INFO - [2026-05-14T18:41:00.383+0000] {dag.py:3096} INFO - Sync 1 DAGs
[2026-05-14T18:41:00.414+0000] {logging_mixin.py:188} INFO - [2026-05-14T18:41:00.414+0000] {dag.py:3954} INFO - Setting next_dagrun for produce_json to 2026-05-14 13:00:00+00:00, run_after=2026-05-15 13:00:00+00:00
[2026-05-14T18:41:00.439+0000] {processor.py:183} INFO - Processing /opt/airflow/dags/main.py took 0.172 seconds
[2026-05-14T18:41:30.682+0000] {processor.py:161} INFO - Started process (PID=3880) to work on /opt/airflow/dags/main.py
[2026-05-14T18:41:30.684+0000] {processor.py:830} INFO - Processing file /opt/airflow/dags/main.py for tasks to queue
[2026-05-14T18:41:30.687+0000] {logging_mixin.py:188} INFO - [2026-05-14T18:41:30.687+0000] {dagbag.py:545} INFO - Filling up the DagBag from /opt/airflow/dags/main.py
[2026-05-14T18:41:30.748+0000] {processor.py:840} INFO - DAG(s) 'produce_json' retrieved from /opt/airflow/dags/main.py
[2026-05-14T18:41:30.775+0000] {logging_mixin.py:188} INFO - [2026-05-14T18:41:30.775+0000] {dag.py:3096} INFO - Sync 1 DAGs
[2026-05-14T18:41:30.803+0000] {logging_mixin.py:188} INFO - [2026-05-14T18:41:30.803+0000] {dag.py:3954} INFO - Setting next_dagrun for produce_json to 2026-05-14 13:00:00+00:00, run_after=2026-05-15 13:00:00+00:00
[2026-05-14T18:41:30.829+0000] {processor.py:183} INFO - Processing /opt/airflow/dags/main.py took 0.154 seconds
[2026-05-14T18:42:01.018+0000] {processor.py:161} INFO - Started process (PID=3887) to work on /opt/airflow/dags/main.py
[2026-05-14T18:42:01.020+0000] {processor.py:830} INFO - Processing file /opt/airflow/dags/main.py for tasks to queue
[2026-05-14T18:42:01.025+0000] {logging_mixin.py:188} INFO - [2026-05-14T18:42:01.025+0000] {dagbag.py:545} INFO - Filling up the DagBag from /opt/airflow/dags/main.py
[2026-05-14T18:42:01.098+0000] {processor.py:840} INFO - DAG(s) 'produce_json' retrieved from /opt/airflow/dags/main.py
[2026-05-14T18:42:01.124+0000] {logging_mixin.py:188} INFO - [2026-05-14T18:42:01.124+0000] {dag.py:3096} INFO - Sync 1 DAGs
[2026-05-14T18:42:01.147+0000] {logging_mixin.py:188} INFO - [2026-05-14T18:42:01.147+0000] {dag.py:3954} INFO - Setting next_dagrun for produce_json to 2026-05-14 13:00:00+00:00, run_after=2026-05-15 13:00:00+00:00
[2026-05-14T18:42:01.173+0000] {processor.py:183} INFO - Processing /opt/airflow/dags/main.py took 0.164 seconds
[2026-05-14T18:42:31.392+0000] {processor.py:161} INFO - Started process (PID=3894) to work on /opt/airflow/dags/main.py
[2026-05-14T18:42:31.394+0000] {processor.py:830} INFO - Processing file /opt/airflow/dags/main.py for tasks to queue
[2026-05-14T18:42:31.396+0000] {logging_mixin.py:188} INFO - [2026-05-14T18:42:31.396+0000] {dagbag.py:545} INFO - Filling up the DagBag from /opt/airflow/dags/main.py
[2026-05-14T18:42:31.456+0000] {processor.py:840} INFO - DAG(s) 'produce_json' retrieved from /opt/airflow/dags/main.py
[2026-05-14T18:42:31.481+0000] {logging_mixin.py:188} INFO - [2026-05-14T18:42:31.481+0000] {dag.py:3096} INFO - Sync 1 DAGs
[2026-05-14T18:42:31.504+0000] {logging_mixin.py:188} INFO - [2026-05-14T18:42:31.504+0000] {dag.py:3954} INFO - Setting next_dagrun for produce_json to 2026-05-14 13:00:00+00:00, run_after=2026-05-15 13:00:00+00:00
[2026-05-14T18:42:31.527+0000] {processor.py:183} INFO - Processing /opt/airflow/dags/main.py took 0.142 seconds
[2026-05-14T18:43:01.771+0000] {processor.py:161} INFO - Started process (PID=3901) to work on /opt/airflow/dags/main.py
[2026-05-14T18:43:01.772+0000] {processor.py:830} INFO - Processing file /opt/airflow/dags/main.py for tasks to queue
[2026-05-14T18:43:01.775+0000] {logging_mixin.py:188} INFO - [2026-05-14T18:43:01.775+0000] {dagbag.py:545} INFO - Filling up the DagBag from /opt/airflow/dags/main.py
[2026-05-14T18:43:01.837+0000] {processor.py:840} INFO - DAG(s) 'produce_json' retrieved from /opt/airflow/dags/main.py
[2026-05-14T18:43:01.861+0000] {logging_mixin.py:188} INFO - [2026-05-14T18:43:01.861+0000] {dag.py:3096} INFO - Sync 1 DAGs
[2026-05-14T18:43:01.885+0000] {logging_mixin.py:188} INFO - [2026-05-14T18:43:01.885+0000] {dag.py:3954} INFO - Setting next_dagrun for produce_json to 2026-05-14 13:00:00+00:00, run_after=2026-05-15 13:00:00+00:00
[2026-05-14T18:43:01.919+0000] {processor.py:183} INFO - Processing /opt/airflow/dags/main.py took 0.155 seconds
[2026-05-14T18:43:32.108+0000] {processor.py:161} INFO - Started process (PID=3908) to work on /opt/airflow/dags/main.py
[2026-05-14T18:43:32.110+0000] {processor.py:830} INFO - Processing file /opt/airflow/dags/main.py for tasks to queue
[2026-05-14T18:43:32.114+0000] {logging_mixin.py:188} INFO - [2026-05-14T18:43:32.113+0000] {dagbag.py:545} INFO - Filling up the DagBag from /opt/airflow/dags/main.py
[2026-05-14T18:43:32.195+0000] {processor.py:840} INFO - DAG(s) 'produce_json' retrieved from /opt/airflow/dags/main.py
[2026-05-14T18:43:32.227+0000] {logging_mixin.py:188} INFO - [2026-05-14T18:43:32.226+0000] {dag.py:3096} INFO - Sync 1 DAGs
[2026-05-14T18:43:32.257+0000] {logging_mixin.py:188} INFO - [2026-05-14T18:43:32.256+0000] {dag.py:3954} INFO - Setting next_dagrun for produce_json to 2026-05-14 13:00:00+00:00, run_after=2026-05-15 13:00:00+00:00
[2026-05-14T18:43:32.294+0000] {processor.py:183} INFO - Processing /opt/airflow/dags/main.py took 0.196 seconds
[2026-05-14T18:44:02.526+0000] {processor.py:161} INFO - Started process (PID=3915) to work on /opt/airflow/dags/main.py
[2026-05-14T18:44:02.528+0000] {processor.py:830} INFO - Processing file /opt/airflow/dags/main.py for tasks to queue
[2026-05-14T18:44:02.530+0000] {logging_mixin.py:188} INFO - [2026-05-14T18:44:02.530+0000] {dagbag.py:545} INFO - Filling up the DagBag from /opt/airflow/dags/main.py
[2026-05-14T18:44:02.590+0000] {processor.py:840} INFO - DAG(s) 'produce_json' retrieved from /opt/airflow/dags/main.py
[2026-05-14T18:44:02.614+0000] {logging_mixin.py:188} INFO - [2026-05-14T18:44:02.614+0000] {dag.py:3096} INFO - Sync 1 DAGs
[2026-05-14T18:44:02.637+0000] {logging_mixin.py:188} INFO - [2026-05-14T18:44:02.637+0000] {dag.py:3954} INFO - Setting next_dagrun for produce_json to 2026-05-14 13:00:00+00:00, run_after=2026-05-15 13:00:00+00:00
[2026-05-14T18:44:02.681+0000] {processor.py:183} INFO - Processing /opt/airflow/dags/main.py took 0.162 seconds
[2026-05-14T18:44:32.858+0000] {processor.py:161} INFO - Started process (PID=3922) to work on /opt/airflow/dags/main.py
[2026-05-14T18:44:32.860+0000] {processor.py:830} INFO - Processing file /opt/airflow/dags/main.py for tasks to queue
[2026-05-14T18:44:32.865+0000] {logging_mixin.py:188} INFO - [2026-05-14T18:44:32.865+0000] {dagbag.py:545} INFO - Filling up the DagBag from /opt/airflow/dags/main.py
[2026-05-14T18:44:32.931+0000] {processor.py:840} INFO - DAG(s) 'produce_json' retrieved from /opt/airflow/dags/main.py
[2026-05-14T18:44:32.956+0000] {logging_mixin.py:188} INFO - [2026-05-14T18:44:32.956+0000] {dag.py:3096} INFO - Sync 1 DAGs
[2026-05-14T18:44:32.988+0000] {logging_mixin.py:188} INFO - [2026-05-14T18:44:32.988+0000] {dag.py:3954} INFO - Setting next_dagrun for produce_json to 2026-05-14 13:00:00+00:00, run_after=2026-05-15 13:00:00+00:00
[2026-05-14T18:44:33.028+0000] {processor.py:183} INFO - Processing /opt/airflow/dags/main.py took 0.177 seconds
[2026-05-14T18:45:03.370+0000] {processor.py:161} INFO - Started process (PID=3929) to work on /opt/airflow/dags/main.py
[2026-05-14T18:45:03.372+0000] {processor.py:830} INFO - Processing file /opt/airflow/dags/main.py for tasks to queue
[2026-05-14T18:45:03.376+0000] {logging_mixin.py:188} INFO - [2026-05-14T18:45:03.375+0000] {dagbag.py:545} INFO - Filling up the DagBag from /opt/airflow/dags/main.py
[2026-05-14T18:45:03.436+0000] {processor.py:840} INFO - DAG(s) 'produce_json' retrieved from /opt/airflow/dags/main.py
[2026-05-14T18:45:03.461+0000] {logging_mixin.py:188} INFO - [2026-05-14T18:45:03.461+0000] {dag.py:3096} INFO - Sync 1 DAGs
[2026-05-14T18:45:03.485+0000] {logging_mixin.py:188} INFO - [2026-05-14T18:45:03.485+0000] {dag.py:3954} INFO - Setting next_dagrun for produce_json to 2026-05-14 13:00:00+00:00, run_after=2026-05-15 13:00:00+00:00
[2026-05-14T18:45:03.508+0000] {processor.py:183} INFO - Processing /opt/airflow/dags/main.py took 0.145 seconds
[2026-05-14T18:45:33.660+0000] {processor.py:161} INFO - Started process (PID=3936) to work on /opt/airflow/dags/main.py
[2026-05-14T18:45:33.662+0000] {processor.py:830} INFO - Processing file /opt/airflow/dags/main.py for tasks to queue
[2026-05-14T18:45:33.664+0000] {logging_mixin.py:188} INFO - [2026-05-14T18:45:33.664+0000] {dagbag.py:545} INFO - Filling up the DagBag from /opt/airflow/dags/main.py
[2026-05-14T18:45:33.741+0000] {processor.py:840} INFO - DAG(s) 'produce_json' retrieved from /opt/airflow/dags/main.py
[2026-05-14T18:45:33.766+0000] {logging_mixin.py:188} INFO - [2026-05-14T18:45:33.765+0000] {dag.py:3096} INFO - Sync 1 DAGs
[2026-05-14T18:45:33.792+0000] {logging_mixin.py:188} INFO - [2026-05-14T18:45:33.792+0000] {dag.py:3954} INFO - Setting next_dagrun for produce_json to 2026-05-14 13:00:00+00:00, run_after=2026-05-15 13:00:00+00:00
[2026-05-14T18:45:33.816+0000] {processor.py:183} INFO - Processing /opt/airflow/dags/main.py took 0.166 seconds
[2026-05-14T18:46:04.094+0000] {processor.py:161} INFO - Started process (PID=3943) to work on /opt/airflow/dags/main.py
[2026-05-14T18:46:04.097+0000] {processor.py:830} INFO - Processing file /opt/airflow/dags/main.py for tasks to queue
[2026-05-14T18:46:04.099+0000] {logging_mixin.py:188} INFO - [2026-05-14T18:46:04.099+0000] {dagbag.py:545} INFO - Filling up the DagBag from /opt/airflow/dags/main.py
[2026-05-14T18:46:04.160+0000] {processor.py:840} INFO - DAG(s) 'produce_json' retrieved from /opt/airflow/dags/main.py
[2026-05-14T18:46:04.186+0000] {logging_mixin.py:188} INFO - [2026-05-14T18:46:04.186+0000] {dag.py:3096} INFO - Sync 1 DAGs
[2026-05-14T18:46:04.209+0000] {logging_mixin.py:188} INFO - [2026-05-14T18:46:04.209+0000] {dag.py:3954} INFO - Setting next_dagrun for produce_json to 2026-05-14 13:00:00+00:00, run_after=2026-05-15 13:00:00+00:00
[2026-05-14T18:46:04.233+0000] {processor.py:183} INFO - Processing /opt/airflow/dags/main.py took 0.147 seconds
[2026-05-14T18:46:34.358+0000] {processor.py:161} INFO - Started process (PID=3950) to work on /opt/airflow/dags/main.py
[2026-05-14T18:46:34.360+0000] {processor.py:830} INFO - Processing file /opt/airflow/dags/main.py for tasks to queue
[2026-05-14T18:46:34.363+0000] {logging_mixin.py:188} INFO - [2026-05-14T18:46:34.363+0000] {dagbag.py:545} INFO - Filling up the DagBag from /opt/airflow/dags/main.py
[2026-05-14T18:46:34.449+0000] {processor.py:840} INFO - DAG(s) 'produce_json' retrieved from /opt/airflow/dags/main.py
[2026-05-14T18:46:34.475+0000] {logging_mixin.py:188} INFO - [2026-05-14T18:46:34.474+0000] {dag.py:3096} INFO - Sync 1 DAGs
[2026-05-14T18:46:34.500+0000] {logging_mixin.py:188} INFO - [2026-05-14T18:46:34.500+0000] {dag.py:3954} INFO - Setting next_dagrun for produce_json to 2026-05-14 13:00:00+00:00, run_after=2026-05-15 13:00:00+00:00
[2026-05-14T18:46:34.524+0000] {processor.py:183} INFO - Processing /opt/airflow/dags/main.py took 0.175 seconds
[2026-05-14T18:47:04.767+0000] {processor.py:161} INFO - Started process (PID=3963) to work on /opt/airflow/dags/main.py
[2026-05-14T18:47:04.768+0000] {processor.py:830} INFO - Processing file /opt/airflow/dags/main.py for tasks to queue
[2026-05-14T18:47:04.771+0000] {logging_mixin.py:188} INFO - [2026-05-14T18:47:04.771+0000] {dagbag.py:545} INFO - Filling up the DagBag from /opt/airflow/dags/main.py
[2026-05-14T18:47:04.832+0000] {processor.py:840} INFO - DAG(s) 'produce_json' retrieved from /opt/airflow/dags/main.py
[2026-05-14T18:47:04.858+0000] {logging_mixin.py:188} INFO - [2026-05-14T18:47:04.858+0000] {dag.py:3096} INFO - Sync 1 DAGs
[2026-05-14T18:47:04.881+0000] {logging_mixin.py:188} INFO - [2026-05-14T18:47:04.881+0000] {dag.py:3954} INFO - Setting next_dagrun for produce_json to 2026-05-14 13:00:00+00:00, run_after=2026-05-15 13:00:00+00:00
[2026-05-14T18:47:04.906+0000] {processor.py:183} INFO - Processing /opt/airflow/dags/main.py took 0.146 seconds
[2026-05-14T18:47:35.057+0000] {processor.py:161} INFO - Started process (PID=3970) to work on /opt/airflow/dags/main.py
[2026-05-14T18:47:35.059+0000] {processor.py:830} INFO - Processing file /opt/airflow/dags/main.py for tasks to queue
[2026-05-14T18:47:35.062+0000] {logging_mixin.py:188} INFO - [2026-05-14T18:47:35.061+0000] {dagbag.py:545} INFO - Filling up the DagBag from /opt/airflow/dags/main.py
[2026-05-14T18:47:35.124+0000] {processor.py:840} INFO - DAG(s) 'produce_json' retrieved from /opt/airflow/dags/main.py
[2026-05-14T18:47:35.154+0000] {logging_mixin.py:188} INFO - [2026-05-14T18:47:35.154+0000] {dag.py:3096} INFO - Sync 1 DAGs
[2026-05-14T18:47:35.180+0000] {logging_mixin.py:188} INFO - [2026-05-14T18:47:35.180+0000] {dag.py:3954} INFO - Setting next_dagrun for produce_json to 2026-05-14 13:00:00+00:00, run_after=2026-05-15 13:00:00+00:00
[2026-05-14T18:47:35.205+0000] {processor.py:183} INFO - Processing /opt/airflow/dags/main.py took 0.157 seconds
[2026-05-14T18:48:05.463+0000] {processor.py:161} INFO - Started process (PID=3977) to work on /opt/airflow/dags/main.py
[2026-05-14T18:48:05.465+0000] {processor.py:830} INFO - Processing file /opt/airflow/dags/main.py for tasks to queue
[2026-05-14T18:48:05.467+0000] {logging_mixin.py:188} INFO - [2026-05-14T18:48:05.467+0000] {dagbag.py:545} INFO - Filling up the DagBag from /opt/airflow/dags/main.py
[2026-05-14T18:48:05.531+0000] {processor.py:840} INFO - DAG(s) 'produce_json' retrieved from /opt/airflow/dags/main.py
[2026-05-14T18:48:05.559+0000] {logging_mixin.py:188} INFO - [2026-05-14T18:48:05.558+0000] {dag.py:3096} INFO - Sync 1 DAGs
[2026-05-14T18:48:05.585+0000] {logging_mixin.py:188} INFO - [2026-05-14T18:48:05.585+0000] {dag.py:3954} INFO - Setting next_dagrun for produce_json to 2026-05-14 13:00:00+00:00, run_after=2026-05-15 13:00:00+00:00
[2026-05-14T18:48:05.623+0000] {processor.py:183} INFO - Processing /opt/airflow/dags/main.py took 0.167 seconds
[2026-05-14T18:48:35.775+0000] {processor.py:161} INFO - Started process (PID=3984) to work on /opt/airflow/dags/main.py
[2026-05-14T18:48:35.776+0000] {processor.py:830} INFO - Processing file /opt/airflow/dags/main.py for tasks to queue
[2026-05-14T18:48:35.779+0000] {logging_mixin.py:188} INFO - [2026-05-14T18:48:35.778+0000] {dagbag.py:545} INFO - Filling up the DagBag from /opt/airflow/dags/main.py
[2026-05-14T18:48:35.870+0000] {processor.py:840} INFO - DAG(s) 'produce_json' retrieved from /opt/airflow/dags/main.py
[2026-05-14T18:48:35.908+0000] {logging_mixin.py:188} INFO - [2026-05-14T18:48:35.907+0000] {dag.py:3096} INFO - Sync 1 DAGs
[2026-05-14T18:48:35.938+0000] {logging_mixin.py:188} INFO - [2026-05-14T18:48:35.937+0000] {dag.py:3954} INFO - Setting next_dagrun for produce_json to 2026-05-14 13:00:00+00:00, run_after=2026-05-15 13:00:00+00:00
[2026-05-14T18:48:35.963+0000] {processor.py:183} INFO - Processing /opt/airflow/dags/main.py took 0.195 seconds
[2026-05-14T18:49:06.201+0000] {processor.py:161} INFO - Started process (PID=3991) to work on /opt/airflow/dags/main.py
[2026-05-14T18:49:06.202+0000] {processor.py:830} INFO - Processing file /opt/airflow/dags/main.py for tasks to queue
[2026-05-14T18:49:06.206+0000] {logging_mixin.py:188} INFO - [2026-05-14T18:49:06.206+0000] {dagbag.py:545} INFO - Filling up the DagBag from /opt/airflow/dags/main.py
[2026-05-14T18:49:06.269+0000] {processor.py:840} INFO - DAG(s) 'produce_json' retrieved from /opt/airflow/dags/main.py
[2026-05-14T18:49:06.298+0000] {logging_mixin.py:188} INFO - [2026-05-14T18:49:06.297+0000] {dag.py:3096} INFO - Sync 1 DAGs
[2026-05-14T18:49:06.323+0000] {logging_mixin.py:188} INFO - [2026-05-14T18:49:06.323+0000] {dag.py:3954} INFO - Setting next_dagrun for produce_json to 2026-05-14 13:00:00+00:00, run_after=2026-05-15 13:00:00+00:00
[2026-05-14T18:49:06.349+0000] {processor.py:183} INFO - Processing /opt/airflow/dags/main.py took 0.157 seconds
[2026-05-14T18:49:36.524+0000] {processor.py:161} INFO - Started process (PID=3998) to work on /opt/airflow/dags/main.py
[2026-05-14T18:49:36.526+0000] {processor.py:830} INFO - Processing file /opt/airflow/dags/main.py for tasks to queue
[2026-05-14T18:49:36.529+0000] {logging_mixin.py:188} INFO - [2026-05-14T18:49:36.528+0000] {dagbag.py:545} INFO - Filling up the DagBag from /opt/airflow/dags/main.py
[2026-05-14T18:49:36.589+0000] {processor.py:840} INFO - DAG(s) 'produce_json' retrieved from /opt/airflow/dags/main.py
[2026-05-14T18:49:36.616+0000] {logging_mixin.py:188} INFO - [2026-05-14T18:49:36.616+0000] {dag.py:3096} INFO - Sync 1 DAGs
[2026-05-14T18:49:36.639+0000] {logging_mixin.py:188} INFO - [2026-05-14T18:49:36.639+0000] {dag.py:3954} INFO - Setting next_dagrun for produce_json to 2026-05-14 13:00:00+00:00, run_after=2026-05-15 13:00:00+00:00
[2026-05-14T18:49:36.673+0000] {processor.py:183} INFO - Processing /opt/airflow/dags/main.py took 0.155 seconds
[2026-05-14T18:50:07.050+0000] {processor.py:161} INFO - Started process (PID=4005) to work on /opt/airflow/dags/main.py
[2026-05-14T18:50:07.051+0000] {processor.py:830} INFO - Processing file /opt/airflow/dags/main.py for tasks to queue
[2026-05-14T18:50:07.054+0000] {logging_mixin.py:188} INFO - [2026-05-14T18:50:07.054+0000] {dagbag.py:545} INFO - Filling up the DagBag from /opt/airflow/dags/main.py
[2026-05-14T18:50:07.113+0000] {processor.py:840} INFO - DAG(s) 'produce_json' retrieved from /opt/airflow/dags/main.py
[2026-05-14T18:50:07.141+0000] {logging_mixin.py:188} INFO - [2026-05-14T18:50:07.141+0000] {dag.py:3096} INFO - Sync 1 DAGs
[2026-05-14T18:50:07.167+0000] {logging_mixin.py:188} INFO - [2026-05-14T18:50:07.167+0000] {dag.py:3954} INFO - Setting next_dagrun for produce_json to 2026-05-14 13:00:00+00:00, run_after=2026-05-15 13:00:00+00:00
[2026-05-14T18:50:07.193+0000] {processor.py:183} INFO - Processing /opt/airflow/dags/main.py took 0.149 seconds
[2026-05-14T18:50:37.346+0000] {processor.py:161} INFO - Started process (PID=4012) to work on /opt/airflow/dags/main.py
[2026-05-14T18:50:37.348+0000] {processor.py:830} INFO - Processing file /opt/airflow/dags/main.py for tasks to queue
[2026-05-14T18:50:37.350+0000] {logging_mixin.py:188} INFO - [2026-05-14T18:50:37.350+0000] {dagbag.py:545} INFO - Filling up the DagBag from /opt/airflow/dags/main.py
[2026-05-14T18:50:37.409+0000] {processor.py:840} INFO - DAG(s) 'produce_json' retrieved from /opt/airflow/dags/main.py
[2026-05-14T18:50:37.434+0000] {logging_mixin.py:188} INFO - [2026-05-14T18:50:37.434+0000] {dag.py:3096} INFO - Sync 1 DAGs
[2026-05-14T18:50:37.460+0000] {logging_mixin.py:188} INFO - [2026-05-14T18:50:37.460+0000] {dag.py:3954} INFO - Setting next_dagrun for produce_json to 2026-05-14 13:00:00+00:00, run_after=2026-05-15 13:00:00+00:00
[2026-05-14T18:50:37.494+0000] {processor.py:183} INFO - Processing /opt/airflow/dags/main.py took 0.154 seconds
[2026-05-14T18:51:07.748+0000] {processor.py:161} INFO - Started process (PID=4019) to work on /opt/airflow/dags/main.py
[2026-05-14T18:51:07.750+0000] {processor.py:830} INFO - Processing file /opt/airflow/dags/main.py for tasks to queue
[2026-05-14T18:51:07.752+0000] {logging_mixin.py:188} INFO - [2026-05-14T18:51:07.752+0000] {dagbag.py:545} INFO - Filling up the DagBag from /opt/airflow/dags/main.py
[2026-05-14T18:51:07.809+0000] {processor.py:840} INFO - DAG(s) 'produce_json' retrieved from /opt/airflow/dags/main.py
[2026-05-14T18:51:07.836+0000] {logging_mixin.py:188} INFO - [2026-05-14T18:51:07.835+0000] {dag.py:3096} INFO - Sync 1 DAGs
[2026-05-14T18:51:07.859+0000] {logging_mixin.py:188} INFO - [2026-05-14T18:51:07.859+0000] {dag.py:3954} INFO - Setting next_dagrun for produce_json to 2026-05-14 13:00:00+00:00, run_after=2026-05-15 13:00:00+00:00
[2026-05-14T18:51:07.892+0000] {processor.py:183} INFO - Processing /opt/airflow/dags/main.py took 0.150 seconds
[2026-05-14T18:51:38.060+0000] {processor.py:161} INFO - Started process (PID=4026) to work on /opt/airflow/dags/main.py
[2026-05-14T18:51:38.061+0000] {processor.py:830} INFO - Processing file /opt/airflow/dags/main.py for tasks to queue
[2026-05-14T18:51:38.064+0000] {logging_mixin.py:188} INFO - [2026-05-14T18:51:38.063+0000] {dagbag.py:545} INFO - Filling up the DagBag from /opt/airflow/dags/main.py
[2026-05-14T18:51:38.122+0000] {processor.py:840} INFO - DAG(s) 'produce_json' retrieved from /opt/airflow/dags/main.py
[2026-05-14T18:51:38.148+0000] {logging_mixin.py:188} INFO - [2026-05-14T18:51:38.147+0000] {dag.py:3096} INFO - Sync 1 DAGs
[2026-05-14T18:51:38.177+0000] {logging_mixin.py:188} INFO - [2026-05-14T18:51:38.177+0000] {dag.py:3954} INFO - Setting next_dagrun for produce_json to 2026-05-14 13:00:00+00:00, run_after=2026-05-15 13:00:00+00:00
[2026-05-14T18:51:38.200+0000] {processor.py:183} INFO - Processing /opt/airflow/dags/main.py took 0.147 seconds
[2026-05-14T18:52:08.471+0000] {processor.py:161} INFO - Started process (PID=4033) to work on /opt/airflow/dags/main.py
[2026-05-14T18:52:08.473+0000] {processor.py:830} INFO - Processing file /opt/airflow/dags/main.py for tasks to queue
[2026-05-14T18:52:08.475+0000] {logging_mixin.py:188} INFO - [2026-05-14T18:52:08.475+0000] {dagbag.py:545} INFO - Filling up the DagBag from /opt/airflow/dags/main.py
[2026-05-14T18:52:08.527+0000] {processor.py:840} INFO - DAG(s) 'produce_json' retrieved from /opt/airflow/dags/main.py
[2026-05-14T18:52:08.552+0000] {logging_mixin.py:188} INFO - [2026-05-14T18:52:08.551+0000] {dag.py:3096} INFO - Sync 1 DAGs
[2026-05-14T18:52:08.575+0000] {logging_mixin.py:188} INFO - [2026-05-14T18:52:08.575+0000] {dag.py:3954} INFO - Setting next_dagrun for produce_json to 2026-05-14 13:00:00+00:00, run_after=2026-05-15 13:00:00+00:00
[2026-05-14T18:52:08.607+0000] {processor.py:183} INFO - Processing /opt/airflow/dags/main.py took 0.141 seconds
[2026-05-14T18:52:38.782+0000] {processor.py:161} INFO - Started process (PID=4040) to work on /opt/airflow/dags/main.py
[2026-05-14T18:52:38.784+0000] {processor.py:830} INFO - Processing file /opt/airflow/dags/main.py for tasks to queue
[2026-05-14T18:52:38.787+0000] {logging_mixin.py:188} INFO - [2026-05-14T18:52:38.786+0000] {dagbag.py:545} INFO - Filling up the DagBag from /opt/airflow/dags/main.py
[2026-05-14T18:52:38.858+0000] {processor.py:840} INFO - DAG(s) 'produce_json' retrieved from /opt/airflow/dags/main.py
[2026-05-14T18:52:38.891+0000] {logging_mixin.py:188} INFO - [2026-05-14T18:52:38.891+0000] {dag.py:3096} INFO - Sync 1 DAGs
[2026-05-14T18:52:38.927+0000] {logging_mixin.py:188} INFO - [2026-05-14T18:52:38.927+0000] {dag.py:3954} INFO - Setting next_dagrun for produce_json to 2026-05-14 13:00:00+00:00, run_after=2026-05-15 13:00:00+00:00
[2026-05-14T18:52:38.955+0000] {processor.py:183} INFO - Processing /opt/airflow/dags/main.py took 0.181 seconds
[2026-05-14T18:53:09.199+0000] {processor.py:161} INFO - Started process (PID=4047) to work on /opt/airflow/dags/main.py
[2026-05-14T18:53:09.201+0000] {processor.py:830} INFO - Processing file /opt/airflow/dags/main.py for tasks to queue
[2026-05-14T18:53:09.205+0000] {logging_mixin.py:188} INFO - [2026-05-14T18:53:09.204+0000] {dagbag.py:545} INFO - Filling up the DagBag from /opt/airflow/dags/main.py
[2026-05-14T18:53:09.269+0000] {processor.py:840} INFO - DAG(s) 'produce_json' retrieved from /opt/airflow/dags/main.py
[2026-05-14T18:53:09.293+0000] {logging_mixin.py:188} INFO - [2026-05-14T18:53:09.293+0000] {dag.py:3096} INFO - Sync 1 DAGs
[2026-05-14T18:53:09.317+0000] {logging_mixin.py:188} INFO - [2026-05-14T18:53:09.317+0000] {dag.py:3954} INFO - Setting next_dagrun for produce_json to 2026-05-14 13:00:00+00:00, run_after=2026-05-15 13:00:00+00:00
[2026-05-14T18:53:09.341+0000] {processor.py:183} INFO - Processing /opt/airflow/dags/main.py took 0.150 seconds
[2026-05-14T18:53:39.533+0000] {processor.py:161} INFO - Started process (PID=4054) to work on /opt/airflow/dags/main.py
[2026-05-14T18:53:39.535+0000] {processor.py:830} INFO - Processing file /opt/airflow/dags/main.py for tasks to queue
[2026-05-14T18:53:39.538+0000] {logging_mixin.py:188} INFO - [2026-05-14T18:53:39.538+0000] {dagbag.py:545} INFO - Filling up the DagBag from /opt/airflow/dags/main.py
[2026-05-14T18:53:39.614+0000] {processor.py:840} INFO - DAG(s) 'produce_json' retrieved from /opt/airflow/dags/main.py
[2026-05-14T18:53:39.640+0000] {logging_mixin.py:188} INFO - [2026-05-14T18:53:39.640+0000] {dag.py:3096} INFO - Sync 1 DAGs
[2026-05-14T18:53:39.665+0000] {logging_mixin.py:188} INFO - [2026-05-14T18:53:39.664+0000] {dag.py:3954} INFO - Setting next_dagrun for produce_json to 2026-05-14 13:00:00+00:00, run_after=2026-05-15 13:00:00+00:00
[2026-05-14T18:53:39.699+0000] {processor.py:183} INFO - Processing /opt/airflow/dags/main.py took 0.174 seconds
[2026-05-14T18:54:09.934+0000] {processor.py:161} INFO - Started process (PID=4061) to work on /opt/airflow/dags/main.py
[2026-05-14T18:54:09.935+0000] {processor.py:830} INFO - Processing file /opt/airflow/dags/main.py for tasks to queue
[2026-05-14T18:54:09.939+0000] {logging_mixin.py:188} INFO - [2026-05-14T18:54:09.938+0000] {dagbag.py:545} INFO - Filling up the DagBag from /opt/airflow/dags/main.py
[2026-05-14T18:54:09.999+0000] {processor.py:840} INFO - DAG(s) 'produce_json' retrieved from /opt/airflow/dags/main.py
[2026-05-14T18:54:10.023+0000] {logging_mixin.py:188} INFO - [2026-05-14T18:54:10.023+0000] {dag.py:3096} INFO - Sync 1 DAGs
[2026-05-14T18:54:10.053+0000] {logging_mixin.py:188} INFO - [2026-05-14T18:54:10.053+0000] {dag.py:3954} INFO - Setting next_dagrun for produce_json to 2026-05-14 13:00:00+00:00, run_after=2026-05-15 13:00:00+00:00
[2026-05-14T18:54:10.090+0000] {processor.py:183} INFO - Processing /opt/airflow/dags/main.py took 0.163 seconds
[2026-05-14T18:54:40.278+0000] {processor.py:161} INFO - Started process (PID=4068) to work on /opt/airflow/dags/main.py
[2026-05-14T18:54:40.280+0000] {processor.py:830} INFO - Processing file /opt/airflow/dags/main.py for tasks to queue
[2026-05-14T18:54:40.282+0000] {logging_mixin.py:188} INFO - [2026-05-14T18:54:40.282+0000] {dagbag.py:545} INFO - Filling up the DagBag from /opt/airflow/dags/main.py
[2026-05-14T18:54:40.341+0000] {processor.py:840} INFO - DAG(s) 'produce_json' retrieved from /opt/airflow/dags/main.py
[2026-05-14T18:54:40.367+0000] {logging_mixin.py:188} INFO - [2026-05-14T18:54:40.367+0000] {dag.py:3096} INFO - Sync 1 DAGs
[2026-05-14T18:54:40.391+0000] {logging_mixin.py:188} INFO - [2026-05-14T18:54:40.391+0000] {dag.py:3954} INFO - Setting next_dagrun for produce_json to 2026-05-14 13:00:00+00:00, run_after=2026-05-15 13:00:00+00:00
[2026-05-14T18:54:40.415+0000] {processor.py:183} INFO - Processing /opt/airflow/dags/main.py took 0.144 seconds
[2026-05-14T18:55:10.803+0000] {processor.py:161} INFO - Started process (PID=4075) to work on /opt/airflow/dags/main.py
[2026-05-14T18:55:10.805+0000] {processor.py:830} INFO - Processing file /opt/airflow/dags/main.py for tasks to queue
[2026-05-14T18:55:10.807+0000] {logging_mixin.py:188} INFO - [2026-05-14T18:55:10.806+0000] {dagbag.py:545} INFO - Filling up the DagBag from /opt/airflow/dags/main.py
[2026-05-14T18:55:10.869+0000] {processor.py:840} INFO - DAG(s) 'produce_json' retrieved from /opt/airflow/dags/main.py
[2026-05-14T18:55:10.896+0000] {logging_mixin.py:188} INFO - [2026-05-14T18:55:10.895+0000] {dag.py:3096} INFO - Sync 1 DAGs
[2026-05-14T18:55:10.931+0000] {logging_mixin.py:188} INFO - [2026-05-14T18:55:10.930+0000] {dag.py:3954} INFO - Setting next_dagrun for produce_json to 2026-05-14 13:00:00+00:00, run_after=2026-05-15 13:00:00+00:00
[2026-05-14T18:55:10.960+0000] {processor.py:183} INFO - Processing /opt/airflow/dags/main.py took 0.164 seconds
[2026-05-14T18:55:41.134+0000] {processor.py:161} INFO - Started process (PID=4082) to work on /opt/airflow/dags/main.py
[2026-05-14T18:55:41.137+0000] {processor.py:830} INFO - Processing file /opt/airflow/dags/main.py for tasks to queue
[2026-05-14T18:55:41.141+0000] {logging_mixin.py:188} INFO - [2026-05-14T18:55:41.141+0000] {dagbag.py:545} INFO - Filling up the DagBag from /opt/airflow/dags/main.py
[2026-05-14T18:55:41.264+0000] {processor.py:840} INFO - DAG(s) 'produce_json' retrieved from /opt/airflow/dags/main.py
[2026-05-14T18:55:41.288+0000] {logging_mixin.py:188} INFO - [2026-05-14T18:55:41.288+0000] {dag.py:3096} INFO - Sync 1 DAGs
[2026-05-14T18:55:41.317+0000] {logging_mixin.py:188} INFO - [2026-05-14T18:55:41.317+0000] {dag.py:3954} INFO - Setting next_dagrun for produce_json to 2026-05-14 13:00:00+00:00, run_after=2026-05-15 13:00:00+00:00
[2026-05-14T18:55:41.393+0000] {processor.py:183} INFO - Processing /opt/airflow/dags/main.py took 0.270 seconds
[2026-05-14T18:56:11.572+0000] {processor.py:161} INFO - Started process (PID=4089) to work on /opt/airflow/dags/main.py
[2026-05-14T18:56:11.574+0000] {processor.py:830} INFO - Processing file /opt/airflow/dags/main.py for tasks to queue
[2026-05-14T18:56:11.577+0000] {logging_mixin.py:188} INFO - [2026-05-14T18:56:11.576+0000] {dagbag.py:545} INFO - Filling up the DagBag from /opt/airflow/dags/main.py
[2026-05-14T18:56:11.660+0000] {processor.py:840} INFO - DAG(s) 'produce_json' retrieved from /opt/airflow/dags/main.py
[2026-05-14T18:56:11.686+0000] {logging_mixin.py:188} INFO - [2026-05-14T18:56:11.686+0000] {dag.py:3096} INFO - Sync 1 DAGs
[2026-05-14T18:56:11.714+0000] {logging_mixin.py:188} INFO - [2026-05-14T18:56:11.713+0000] {dag.py:3954} INFO - Setting next_dagrun for produce_json to 2026-05-14 13:00:00+00:00, run_after=2026-05-15 13:00:00+00:00
[2026-05-14T18:56:11.797+0000] {processor.py:183} INFO - Processing /opt/airflow/dags/main.py took 0.234 seconds
[2026-05-14T18:56:41.973+0000] {processor.py:161} INFO - Started process (PID=4096) to work on /opt/airflow/dags/main.py
[2026-05-14T18:56:41.975+0000] {processor.py:830} INFO - Processing file /opt/airflow/dags/main.py for tasks to queue
[2026-05-14T18:56:41.977+0000] {logging_mixin.py:188} INFO - [2026-05-14T18:56:41.977+0000] {dagbag.py:545} INFO - Filling up the DagBag from /opt/airflow/dags/main.py
[2026-05-14T18:56:42.038+0000] {processor.py:840} INFO - DAG(s) 'produce_json' retrieved from /opt/airflow/dags/main.py
[2026-05-14T18:56:42.066+0000] {logging_mixin.py:188} INFO - [2026-05-14T18:56:42.066+0000] {dag.py:3096} INFO - Sync 1 DAGs
[2026-05-14T18:56:42.094+0000] {logging_mixin.py:188} INFO - [2026-05-14T18:56:42.093+0000] {dag.py:3954} INFO - Setting next_dagrun for produce_json to 2026-05-14 13:00:00+00:00, run_after=2026-05-15 13:00:00+00:00
[2026-05-14T18:56:42.164+0000] {processor.py:183} INFO - Processing /opt/airflow/dags/main.py took 0.197 seconds
[2026-05-14T18:57:12.437+0000] {processor.py:161} INFO - Started process (PID=4103) to work on /opt/airflow/dags/main.py
[2026-05-14T18:57:12.439+0000] {processor.py:830} INFO - Processing file /opt/airflow/dags/main.py for tasks to queue
[2026-05-14T18:57:12.441+0000] {logging_mixin.py:188} INFO - [2026-05-14T18:57:12.441+0000] {dagbag.py:545} INFO - Filling up the DagBag from /opt/airflow/dags/main.py
[2026-05-14T18:57:12.500+0000] {processor.py:840} INFO - DAG(s) 'produce_json' retrieved from /opt/airflow/dags/main.py
[2026-05-14T18:57:12.523+0000] {logging_mixin.py:188} INFO - [2026-05-14T18:57:12.523+0000] {dag.py:3096} INFO - Sync 1 DAGs
[2026-05-14T18:57:12.549+0000] {logging_mixin.py:188} INFO - [2026-05-14T18:57:12.549+0000] {dag.py:3954} INFO - Setting next_dagrun for produce_json to 2026-05-14 13:00:00+00:00, run_after=2026-05-15 13:00:00+00:00
[2026-05-14T18:57:12.620+0000] {processor.py:183} INFO - Processing /opt/airflow/dags/main.py took 0.191 seconds
[2026-05-14T18:57:42.757+0000] {processor.py:161} INFO - Started process (PID=4110) to work on /opt/airflow/dags/main.py
[2026-05-14T18:57:42.758+0000] {processor.py:830} INFO - Processing file /opt/airflow/dags/main.py for tasks to queue
[2026-05-14T18:57:42.760+0000] {logging_mixin.py:188} INFO - [2026-05-14T18:57:42.760+0000] {dagbag.py:545} INFO - Filling up the DagBag from /opt/airflow/dags/main.py
[2026-05-14T18:57:42.820+0000] {processor.py:840} INFO - DAG(s) 'produce_json' retrieved from /opt/airflow/dags/main.py
[2026-05-14T18:57:42.849+0000] {logging_mixin.py:188} INFO - [2026-05-14T18:57:42.849+0000] {dag.py:3096} INFO - Sync 1 DAGs
[2026-05-14T18:57:42.880+0000] {logging_mixin.py:188} INFO - [2026-05-14T18:57:42.880+0000] {dag.py:3954} INFO - Setting next_dagrun for produce_json to 2026-05-14 13:00:00+00:00, run_after=2026-05-15 13:00:00+00:00
[2026-05-14T18:57:42.943+0000] {processor.py:183} INFO - Processing /opt/airflow/dags/main.py took 0.194 seconds
[2026-05-14T18:58:13.231+0000] {processor.py:161} INFO - Started process (PID=4117) to work on /opt/airflow/dags/main.py
[2026-05-14T18:58:13.233+0000] {processor.py:830} INFO - Processing file /opt/airflow/dags/main.py for tasks to queue
[2026-05-14T18:58:13.235+0000] {logging_mixin.py:188} INFO - [2026-05-14T18:58:13.235+0000] {dagbag.py:545} INFO - Filling up the DagBag from /opt/airflow/dags/main.py
[2026-05-14T18:58:13.300+0000] {processor.py:840} INFO - DAG(s) 'produce_json' retrieved from /opt/airflow/dags/main.py
[2026-05-14T18:58:13.328+0000] {logging_mixin.py:188} INFO - [2026-05-14T18:58:13.328+0000] {dag.py:3096} INFO - Sync 1 DAGs
[2026-05-14T18:58:13.354+0000] {logging_mixin.py:188} INFO - [2026-05-14T18:58:13.354+0000] {dag.py:3954} INFO - Setting next_dagrun for produce_json to 2026-05-14 13:00:00+00:00, run_after=2026-05-15 13:00:00+00:00
[2026-05-14T18:58:13.427+0000] {processor.py:183} INFO - Processing /opt/airflow/dags/main.py took 0.202 seconds
[2026-05-14T18:58:43.564+0000] {processor.py:161} INFO - Started process (PID=4124) to work on /opt/airflow/dags/main.py
[2026-05-14T18:58:43.566+0000] {processor.py:830} INFO - Processing file /opt/airflow/dags/main.py for tasks to queue
[2026-05-14T18:58:43.568+0000] {logging_mixin.py:188} INFO - [2026-05-14T18:58:43.568+0000] {dagbag.py:545} INFO - Filling up the DagBag from /opt/airflow/dags/main.py
[2026-05-14T18:58:43.630+0000] {processor.py:840} INFO - DAG(s) 'produce_json' retrieved from /opt/airflow/dags/main.py
[2026-05-14T18:58:43.655+0000] {logging_mixin.py:188} INFO - [2026-05-14T18:58:43.655+0000] {dag.py:3096} INFO - Sync 1 DAGs
[2026-05-14T18:58:43.679+0000] {logging_mixin.py:188} INFO - [2026-05-14T18:58:43.679+0000] {dag.py:3954} INFO - Setting next_dagrun for produce_json to 2026-05-14 13:00:00+00:00, run_after=2026-05-15 13:00:00+00:00
[2026-05-14T18:58:43.748+0000] {processor.py:183} INFO - Processing /opt/airflow/dags/main.py took 0.194 seconds
[2026-05-14T18:59:14.038+0000] {processor.py:161} INFO - Started process (PID=4131) to work on /opt/airflow/dags/main.py
[2026-05-14T18:59:14.040+0000] {processor.py:830} INFO - Processing file /opt/airflow/dags/main.py for tasks to queue
[2026-05-14T18:59:14.042+0000] {logging_mixin.py:188} INFO - [2026-05-14T18:59:14.042+0000] {dagbag.py:545} INFO - Filling up the DagBag from /opt/airflow/dags/main.py
[2026-05-14T18:59:14.105+0000] {processor.py:840} INFO - DAG(s) 'produce_json' retrieved from /opt/airflow/dags/main.py
[2026-05-14T18:59:14.128+0000] {logging_mixin.py:188} INFO - [2026-05-14T18:59:14.127+0000] {dag.py:3096} INFO - Sync 1 DAGs
[2026-05-14T18:59:14.150+0000] {logging_mixin.py:188} INFO - [2026-05-14T18:59:14.150+0000] {dag.py:3954} INFO - Setting next_dagrun for produce_json to 2026-05-14 13:00:00+00:00, run_after=2026-05-15 13:00:00+00:00
[2026-05-14T18:59:14.173+0000] {processor.py:183} INFO - Processing /opt/airflow/dags/main.py took 0.143 seconds
[2026-05-14T18:59:44.337+0000] {processor.py:161} INFO - Started process (PID=4138) to work on /opt/airflow/dags/main.py
[2026-05-14T18:59:44.339+0000] {processor.py:830} INFO - Processing file /opt/airflow/dags/main.py for tasks to queue
[2026-05-14T18:59:44.341+0000] {logging_mixin.py:188} INFO - [2026-05-14T18:59:44.341+0000] {dagbag.py:545} INFO - Filling up the DagBag from /opt/airflow/dags/main.py
[2026-05-14T18:59:44.402+0000] {processor.py:840} INFO - DAG(s) 'produce_json' retrieved from /opt/airflow/dags/main.py
[2026-05-14T18:59:44.428+0000] {logging_mixin.py:188} INFO - [2026-05-14T18:59:44.428+0000] {dag.py:3096} INFO - Sync 1 DAGs
[2026-05-14T18:59:44.456+0000] {logging_mixin.py:188} INFO - [2026-05-14T18:59:44.456+0000] {dag.py:3954} INFO - Setting next_dagrun for produce_json to 2026-05-14 13:00:00+00:00, run_after=2026-05-15 13:00:00+00:00
[2026-05-14T18:59:44.527+0000] {processor.py:183} INFO - Processing /opt/airflow/dags/main.py took 0.199 seconds
[2026-05-14T19:00:15.029+0000] {processor.py:161} INFO - Started process (PID=4145) to work on /opt/airflow/dags/main.py
[2026-05-14T19:00:15.031+0000] {processor.py:830} INFO - Processing file /opt/airflow/dags/main.py for tasks to queue
[2026-05-14T19:00:15.035+0000] {logging_mixin.py:188} INFO - [2026-05-14T19:00:15.035+0000] {dagbag.py:545} INFO - Filling up the DagBag from /opt/airflow/dags/main.py
[2026-05-14T19:00:15.133+0000] {processor.py:840} INFO - DAG(s) 'produce_json' retrieved from /opt/airflow/dags/main.py
[2026-05-14T19:00:15.162+0000] {logging_mixin.py:188} INFO - [2026-05-14T19:00:15.162+0000] {dag.py:3096} INFO - Sync 1 DAGs
[2026-05-14T19:00:15.201+0000] {logging_mixin.py:188} INFO - [2026-05-14T19:00:15.200+0000] {dag.py:3954} INFO - Setting next_dagrun for produce_json to 2026-05-14 13:00:00+00:00, run_after=2026-05-15 13:00:00+00:00
[2026-05-14T19:00:15.287+0000] {processor.py:183} INFO - Processing /opt/airflow/dags/main.py took 0.266 seconds
[2026-05-14T19:00:45.611+0000] {processor.py:161} INFO - Started process (PID=4152) to work on /opt/airflow/dags/main.py
[2026-05-14T19:00:45.614+0000] {processor.py:830} INFO - Processing file /opt/airflow/dags/main.py for tasks to queue
[2026-05-14T19:00:45.617+0000] {logging_mixin.py:188} INFO - [2026-05-14T19:00:45.617+0000] {dagbag.py:545} INFO - Filling up the DagBag from /opt/airflow/dags/main.py
[2026-05-14T19:00:45.686+0000] {processor.py:840} INFO - DAG(s) 'produce_json' retrieved from /opt/airflow/dags/main.py
[2026-05-14T19:00:45.724+0000] {logging_mixin.py:188} INFO - [2026-05-14T19:00:45.724+0000] {dag.py:3096} INFO - Sync 1 DAGs
[2026-05-14T19:00:45.775+0000] {logging_mixin.py:188} INFO - [2026-05-14T19:00:45.775+0000] {dag.py:3954} INFO - Setting next_dagrun for produce_json to 2026-05-14 13:00:00+00:00, run_after=2026-05-15 13:00:00+00:00
[2026-05-14T19:00:45.849+0000] {processor.py:183} INFO - Processing /opt/airflow/dags/main.py took 0.254 seconds
[2026-05-14T19:18:02.402+0000] {processor.py:161} INFO - Started process (PID=4159) to work on /opt/airflow/dags/main.py
[2026-05-14T19:18:02.404+0000] {processor.py:830} INFO - Processing file /opt/airflow/dags/main.py for tasks to queue
[2026-05-14T19:18:02.407+0000] {logging_mixin.py:188} INFO - [2026-05-14T19:18:02.406+0000] {dagbag.py:545} INFO - Filling up the DagBag from /opt/airflow/dags/main.py
[2026-05-14T19:18:02.504+0000] {processor.py:840} INFO - DAG(s) 'produce_json' retrieved from /opt/airflow/dags/main.py
[2026-05-14T19:18:02.533+0000] {logging_mixin.py:188} INFO - [2026-05-14T19:18:02.533+0000] {dag.py:3096} INFO - Sync 1 DAGs
[2026-05-14T19:18:02.559+0000] {logging_mixin.py:188} INFO - [2026-05-14T19:18:02.559+0000] {dag.py:3954} INFO - Setting next_dagrun for produce_json to 2026-05-14 13:00:00+00:00, run_after=2026-05-15 13:00:00+00:00
[2026-05-14T19:18:02.585+0000] {processor.py:183} INFO - Processing /opt/airflow/dags/main.py took 0.197 seconds
[2026-05-14T19:18:32.660+0000] {processor.py:161} INFO - Started process (PID=4166) to work on /opt/airflow/dags/main.py
[2026-05-14T19:18:32.662+0000] {processor.py:830} INFO - Processing file /opt/airflow/dags/main.py for tasks to queue
[2026-05-14T19:18:32.665+0000] {logging_mixin.py:188} INFO - [2026-05-14T19:18:32.664+0000] {dagbag.py:545} INFO - Filling up the DagBag from /opt/airflow/dags/main.py
[2026-05-14T19:18:32.718+0000] {processor.py:840} INFO - DAG(s) 'produce_json' retrieved from /opt/airflow/dags/main.py
[2026-05-14T19:18:32.739+0000] {logging_mixin.py:188} INFO - [2026-05-14T19:18:32.739+0000] {dag.py:3096} INFO - Sync 1 DAGs
[2026-05-14T19:18:32.765+0000] {logging_mixin.py:188} INFO - [2026-05-14T19:18:32.764+0000] {dag.py:3954} INFO - Setting next_dagrun for produce_json to 2026-05-14 13:00:00+00:00, run_after=2026-05-15 13:00:00+00:00
[2026-05-14T19:18:32.786+0000] {processor.py:183} INFO - Processing /opt/airflow/dags/main.py took 0.135 seconds
[2026-05-14T19:19:02.994+0000] {processor.py:161} INFO - Started process (PID=4173) to work on /opt/airflow/dags/main.py
[2026-05-14T19:19:02.996+0000] {processor.py:830} INFO - Processing file /opt/airflow/dags/main.py for tasks to queue
[2026-05-14T19:19:02.998+0000] {logging_mixin.py:188} INFO - [2026-05-14T19:19:02.998+0000] {dagbag.py:545} INFO - Filling up the DagBag from /opt/airflow/dags/main.py
[2026-05-14T19:19:03.075+0000] {processor.py:840} INFO - DAG(s) 'produce_json' retrieved from /opt/airflow/dags/main.py
[2026-05-14T19:19:03.099+0000] {logging_mixin.py:188} INFO - [2026-05-14T19:19:03.099+0000] {dag.py:3096} INFO - Sync 1 DAGs
[2026-05-14T19:19:03.123+0000] {logging_mixin.py:188} INFO - [2026-05-14T19:19:03.123+0000] {dag.py:3954} INFO - Setting next_dagrun for produce_json to 2026-05-14 13:00:00+00:00, run_after=2026-05-15 13:00:00+00:00
[2026-05-14T19:19:03.144+0000] {processor.py:183} INFO - Processing /opt/airflow/dags/main.py took 0.156 seconds
[2026-05-14T19:19:33.347+0000] {processor.py:161} INFO - Started process (PID=4180) to work on /opt/airflow/dags/main.py
[2026-05-14T19:19:33.349+0000] {processor.py:830} INFO - Processing file /opt/airflow/dags/main.py for tasks to queue
[2026-05-14T19:19:33.351+0000] {logging_mixin.py:188} INFO - [2026-05-14T19:19:33.351+0000] {dagbag.py:545} INFO - Filling up the DagBag from /opt/airflow/dags/main.py
[2026-05-14T19:19:33.411+0000] {processor.py:840} INFO - DAG(s) 'produce_json' retrieved from /opt/airflow/dags/main.py
[2026-05-14T19:19:33.440+0000] {logging_mixin.py:188} INFO - [2026-05-14T19:19:33.439+0000] {dag.py:3096} INFO - Sync 1 DAGs
[2026-05-14T19:19:33.476+0000] {logging_mixin.py:188} INFO - [2026-05-14T19:19:33.475+0000] {dag.py:3954} INFO - Setting next_dagrun for produce_json to 2026-05-14 13:00:00+00:00, run_after=2026-05-15 13:00:00+00:00
[2026-05-14T19:19:33.524+0000] {processor.py:183} INFO - Processing /opt/airflow/dags/main.py took 0.183 seconds
[2026-05-14T19:20:03.662+0000] {processor.py:161} INFO - Started process (PID=4187) to work on /opt/airflow/dags/main.py
[2026-05-14T19:20:03.664+0000] {processor.py:830} INFO - Processing file /opt/airflow/dags/main.py for tasks to queue
[2026-05-14T19:20:03.667+0000] {logging_mixin.py:188} INFO - [2026-05-14T19:20:03.666+0000] {dagbag.py:545} INFO - Filling up the DagBag from /opt/airflow/dags/main.py
[2026-05-14T19:20:03.730+0000] {processor.py:840} INFO - DAG(s) 'produce_json' retrieved from /opt/airflow/dags/main.py
[2026-05-14T19:20:03.760+0000] {logging_mixin.py:188} INFO - [2026-05-14T19:20:03.760+0000] {dag.py:3096} INFO - Sync 1 DAGs
[2026-05-14T19:20:03.787+0000] {logging_mixin.py:188} INFO - [2026-05-14T19:20:03.787+0000] {dag.py:3954} INFO - Setting next_dagrun for produce_json to 2026-05-14 13:00:00+00:00, run_after=2026-05-15 13:00:00+00:00
[2026-05-14T19:20:03.861+0000] {processor.py:183} INFO - Processing /opt/airflow/dags/main.py took 0.206 seconds
[2026-05-14T19:20:34.163+0000] {processor.py:161} INFO - Started process (PID=4194) to work on /opt/airflow/dags/main.py
[2026-05-14T19:20:34.165+0000] {processor.py:830} INFO - Processing file /opt/airflow/dags/main.py for tasks to queue
[2026-05-14T19:20:34.168+0000] {logging_mixin.py:188} INFO - [2026-05-14T19:20:34.168+0000] {dagbag.py:545} INFO - Filling up the DagBag from /opt/airflow/dags/main.py
[2026-05-14T19:20:34.269+0000] {processor.py:840} INFO - DAG(s) 'produce_json' retrieved from /opt/airflow/dags/main.py
[2026-05-14T19:20:34.296+0000] {logging_mixin.py:188} INFO - [2026-05-14T19:20:34.296+0000] {dag.py:3096} INFO - Sync 1 DAGs
[2026-05-14T19:20:34.331+0000] {logging_mixin.py:188} INFO - [2026-05-14T19:20:34.330+0000] {dag.py:3954} INFO - Setting next_dagrun for produce_json to 2026-05-14 13:00:00+00:00, run_after=2026-05-15 13:00:00+00:00
[2026-05-14T19:20:34.414+0000] {processor.py:183} INFO - Processing /opt/airflow/dags/main.py took 0.262 seconds
[2026-05-14T19:21:04.489+0000] {processor.py:161} INFO - Started process (PID=4201) to work on /opt/airflow/dags/main.py
[2026-05-14T19:21:04.491+0000] {processor.py:830} INFO - Processing file /opt/airflow/dags/main.py for tasks to queue
[2026-05-14T19:21:04.493+0000] {logging_mixin.py:188} INFO - [2026-05-14T19:21:04.493+0000] {dagbag.py:545} INFO - Filling up the DagBag from /opt/airflow/dags/main.py
[2026-05-14T19:21:04.553+0000] {processor.py:840} INFO - DAG(s) 'produce_json' retrieved from /opt/airflow/dags/main.py
[2026-05-14T19:21:04.578+0000] {logging_mixin.py:188} INFO - [2026-05-14T19:21:04.578+0000] {dag.py:3096} INFO - Sync 1 DAGs
[2026-05-14T19:21:04.610+0000] {logging_mixin.py:188} INFO - [2026-05-14T19:21:04.610+0000] {dag.py:3954} INFO - Setting next_dagrun for produce_json to 2026-05-14 13:00:00+00:00, run_after=2026-05-15 13:00:00+00:00
[2026-05-14T19:21:04.686+0000] {processor.py:183} INFO - Processing /opt/airflow/dags/main.py took 0.205 seconds
[2026-05-14T19:21:34.799+0000] {processor.py:161} INFO - Started process (PID=4208) to work on /opt/airflow/dags/main.py
[2026-05-14T19:21:34.801+0000] {processor.py:830} INFO - Processing file /opt/airflow/dags/main.py for tasks to queue
[2026-05-14T19:21:34.803+0000] {logging_mixin.py:188} INFO - [2026-05-14T19:21:34.803+0000] {dagbag.py:545} INFO - Filling up the DagBag from /opt/airflow/dags/main.py
[2026-05-14T19:21:34.860+0000] {processor.py:840} INFO - DAG(s) 'produce_json' retrieved from /opt/airflow/dags/main.py
[2026-05-14T19:21:34.886+0000] {logging_mixin.py:188} INFO - [2026-05-14T19:21:34.885+0000] {dag.py:3096} INFO - Sync 1 DAGs
[2026-05-14T19:21:34.908+0000] {logging_mixin.py:188} INFO - [2026-05-14T19:21:34.908+0000] {dag.py:3954} INFO - Setting next_dagrun for produce_json to 2026-05-14 13:00:00+00:00, run_after=2026-05-15 13:00:00+00:00
[2026-05-14T19:21:34.974+0000] {processor.py:183} INFO - Processing /opt/airflow/dags/main.py took 0.183 seconds
[2026-05-14T19:22:05.320+0000] {processor.py:161} INFO - Started process (PID=4215) to work on /opt/airflow/dags/main.py
[2026-05-14T19:22:05.324+0000] {processor.py:830} INFO - Processing file /opt/airflow/dags/main.py for tasks to queue
[2026-05-14T19:22:05.329+0000] {logging_mixin.py:188} INFO - [2026-05-14T19:22:05.329+0000] {dagbag.py:545} INFO - Filling up the DagBag from /opt/airflow/dags/main.py
[2026-05-14T19:22:05.456+0000] {processor.py:840} INFO - DAG(s) 'produce_json' retrieved from /opt/airflow/dags/main.py
[2026-05-14T19:22:05.488+0000] {logging_mixin.py:188} INFO - [2026-05-14T19:22:05.488+0000] {dag.py:3096} INFO - Sync 1 DAGs
[2026-05-14T19:22:05.523+0000] {logging_mixin.py:188} INFO - [2026-05-14T19:22:05.522+0000] {dag.py:3954} INFO - Setting next_dagrun for produce_json to 2026-05-14 13:00:00+00:00, run_after=2026-05-15 13:00:00+00:00
[2026-05-14T19:22:05.599+0000] {processor.py:183} INFO - Processing /opt/airflow/dags/main.py took 0.291 seconds
[2026-05-14T19:22:35.938+0000] {processor.py:161} INFO - Started process (PID=4222) to work on /opt/airflow/dags/main.py
[2026-05-14T19:22:35.940+0000] {processor.py:830} INFO - Processing file /opt/airflow/dags/main.py for tasks to queue
[2026-05-14T19:22:35.942+0000] {logging_mixin.py:188} INFO - [2026-05-14T19:22:35.942+0000] {dagbag.py:545} INFO - Filling up the DagBag from /opt/airflow/dags/main.py
[2026-05-14T19:22:36.007+0000] {processor.py:840} INFO - DAG(s) 'produce_json' retrieved from /opt/airflow/dags/main.py
[2026-05-14T19:22:36.034+0000] {logging_mixin.py:188} INFO - [2026-05-14T19:22:36.034+0000] {dag.py:3096} INFO - Sync 1 DAGs
[2026-05-14T19:22:36.058+0000] {logging_mixin.py:188} INFO - [2026-05-14T19:22:36.058+0000] {dag.py:3954} INFO - Setting next_dagrun for produce_json to 2026-05-14 13:00:00+00:00, run_after=2026-05-15 13:00:00+00:00
[2026-05-14T19:22:36.081+0000] {processor.py:183} INFO - Processing /opt/airflow/dags/main.py took 0.151 seconds
[2026-05-14T19:23:06.470+0000] {processor.py:161} INFO - Started process (PID=4229) to work on /opt/airflow/dags/main.py
[2026-05-14T19:23:06.471+0000] {processor.py:830} INFO - Processing file /opt/airflow/dags/main.py for tasks to queue
[2026-05-14T19:23:06.475+0000] {logging_mixin.py:188} INFO - [2026-05-14T19:23:06.474+0000] {dagbag.py:545} INFO - Filling up the DagBag from /opt/airflow/dags/main.py
[2026-05-14T19:23:06.573+0000] {processor.py:840} INFO - DAG(s) 'produce_json' retrieved from /opt/airflow/dags/main.py
[2026-05-14T19:23:06.609+0000] {logging_mixin.py:188} INFO - [2026-05-14T19:23:06.609+0000] {dag.py:3096} INFO - Sync 1 DAGs
[2026-05-14T19:23:06.642+0000] {logging_mixin.py:188} INFO - [2026-05-14T19:23:06.642+0000] {dag.py:3954} INFO - Setting next_dagrun for produce_json to 2026-05-14 13:00:00+00:00, run_after=2026-05-15 13:00:00+00:00
[2026-05-14T19:23:06.711+0000] {processor.py:183} INFO - Processing /opt/airflow/dags/main.py took 0.253 seconds
[2026-05-14T19:23:36.785+0000] {processor.py:161} INFO - Started process (PID=4236) to work on /opt/airflow/dags/main.py
[2026-05-14T19:23:36.789+0000] {processor.py:830} INFO - Processing file /opt/airflow/dags/main.py for tasks to queue
[2026-05-14T19:23:36.792+0000] {logging_mixin.py:188} INFO - [2026-05-14T19:23:36.791+0000] {dagbag.py:545} INFO - Filling up the DagBag from /opt/airflow/dags/main.py
[2026-05-14T19:23:36.863+0000] {processor.py:840} INFO - DAG(s) 'produce_json' retrieved from /opt/airflow/dags/main.py
[2026-05-14T19:23:36.894+0000] {logging_mixin.py:188} INFO - [2026-05-14T19:23:36.893+0000] {dag.py:3096} INFO - Sync 1 DAGs
[2026-05-14T19:23:36.922+0000] {logging_mixin.py:188} INFO - [2026-05-14T19:23:36.921+0000] {dag.py:3954} INFO - Setting next_dagrun for produce_json to 2026-05-14 13:00:00+00:00, run_after=2026-05-15 13:00:00+00:00
[2026-05-14T19:23:37.000+0000] {processor.py:183} INFO - Processing /opt/airflow/dags/main.py took 0.229 seconds
[2026-05-14T19:24:07.311+0000] {processor.py:161} INFO - Started process (PID=4244) to work on /opt/airflow/dags/main.py
[2026-05-14T19:24:07.312+0000] {processor.py:830} INFO - Processing file /opt/airflow/dags/main.py for tasks to queue
[2026-05-14T19:24:07.316+0000] {logging_mixin.py:188} INFO - [2026-05-14T19:24:07.316+0000] {dagbag.py:545} INFO - Filling up the DagBag from /opt/airflow/dags/main.py
[2026-05-14T19:24:07.406+0000] {processor.py:840} INFO - DAG(s) 'produce_json' retrieved from /opt/airflow/dags/main.py
[2026-05-14T19:24:07.433+0000] {logging_mixin.py:188} INFO - [2026-05-14T19:24:07.433+0000] {dag.py:3096} INFO - Sync 1 DAGs
[2026-05-14T19:24:07.458+0000] {logging_mixin.py:188} INFO - [2026-05-14T19:24:07.457+0000] {dag.py:3954} INFO - Setting next_dagrun for produce_json to 2026-05-14 13:00:00+00:00, run_after=2026-05-15 13:00:00+00:00
[2026-05-14T19:24:07.483+0000] {processor.py:183} INFO - Processing /opt/airflow/dags/main.py took 0.180 seconds
[2026-05-14T19:24:37.615+0000] {processor.py:161} INFO - Started process (PID=4251) to work on /opt/airflow/dags/main.py
[2026-05-14T19:24:37.616+0000] {processor.py:830} INFO - Processing file /opt/airflow/dags/main.py for tasks to queue
[2026-05-14T19:24:37.620+0000] {logging_mixin.py:188} INFO - [2026-05-14T19:24:37.619+0000] {dagbag.py:545} INFO - Filling up the DagBag from /opt/airflow/dags/main.py
[2026-05-14T19:24:37.684+0000] {processor.py:840} INFO - DAG(s) 'produce_json' retrieved from /opt/airflow/dags/main.py
[2026-05-14T19:24:37.708+0000] {logging_mixin.py:188} INFO - [2026-05-14T19:24:37.707+0000] {dag.py:3096} INFO - Sync 1 DAGs
[2026-05-14T19:24:37.731+0000] {logging_mixin.py:188} INFO - [2026-05-14T19:24:37.731+0000] {dag.py:3954} INFO - Setting next_dagrun for produce_json to 2026-05-14 13:00:00+00:00, run_after=2026-05-15 13:00:00+00:00
[2026-05-14T19:24:37.808+0000] {processor.py:183} INFO - Processing /opt/airflow/dags/main.py took 0.203 seconds
[2026-05-14T19:25:08.089+0000] {processor.py:161} INFO - Started process (PID=4257) to work on /opt/airflow/dags/main.py
[2026-05-14T19:25:08.090+0000] {processor.py:830} INFO - Processing file /opt/airflow/dags/main.py for tasks to queue
[2026-05-14T19:25:08.093+0000] {logging_mixin.py:188} INFO - [2026-05-14T19:25:08.093+0000] {dagbag.py:545} INFO - Filling up the DagBag from /opt/airflow/dags/main.py
[2026-05-14T19:25:08.158+0000] {processor.py:840} INFO - DAG(s) 'produce_json' retrieved from /opt/airflow/dags/main.py
[2026-05-14T19:25:08.183+0000] {logging_mixin.py:188} INFO - [2026-05-14T19:25:08.183+0000] {dag.py:3096} INFO - Sync 1 DAGs
[2026-05-14T19:25:08.210+0000] {logging_mixin.py:188} INFO - [2026-05-14T19:25:08.209+0000] {dag.py:3954} INFO - Setting next_dagrun for produce_json to 2026-05-14 13:00:00+00:00, run_after=2026-05-15 13:00:00+00:00
[2026-05-14T19:25:08.282+0000] {processor.py:183} INFO - Processing /opt/airflow/dags/main.py took 0.202 seconds
[2026-05-14T19:25:38.427+0000] {processor.py:161} INFO - Started process (PID=4264) to work on /opt/airflow/dags/main.py
[2026-05-14T19:25:38.428+0000] {processor.py:830} INFO - Processing file /opt/airflow/dags/main.py for tasks to queue
[2026-05-14T19:25:38.431+0000] {logging_mixin.py:188} INFO - [2026-05-14T19:25:38.430+0000] {dagbag.py:545} INFO - Filling up the DagBag from /opt/airflow/dags/main.py
[2026-05-14T19:25:38.493+0000] {processor.py:840} INFO - DAG(s) 'produce_json' retrieved from /opt/airflow/dags/main.py
[2026-05-14T19:25:38.526+0000] {logging_mixin.py:188} INFO - [2026-05-14T19:25:38.525+0000] {dag.py:3096} INFO - Sync 1 DAGs
[2026-05-14T19:25:38.551+0000] {logging_mixin.py:188} INFO - [2026-05-14T19:25:38.551+0000] {dag.py:3954} INFO - Setting next_dagrun for produce_json to 2026-05-14 13:00:00+00:00, run_after=2026-05-15 13:00:00+00:00
[2026-05-14T19:25:38.575+0000] {processor.py:183} INFO - Processing /opt/airflow/dags/main.py took 0.155 seconds
[2026-05-14T19:26:08.906+0000] {processor.py:161} INFO - Started process (PID=4271) to work on /opt/airflow/dags/main.py
[2026-05-14T19:26:08.907+0000] {processor.py:830} INFO - Processing file /opt/airflow/dags/main.py for tasks to queue
[2026-05-14T19:26:08.910+0000] {logging_mixin.py:188} INFO - [2026-05-14T19:26:08.910+0000] {dagbag.py:545} INFO - Filling up the DagBag from /opt/airflow/dags/main.py
[2026-05-14T19:26:08.971+0000] {processor.py:840} INFO - DAG(s) 'produce_json' retrieved from /opt/airflow/dags/main.py
[2026-05-14T19:26:08.995+0000] {logging_mixin.py:188} INFO - [2026-05-14T19:26:08.994+0000] {dag.py:3096} INFO - Sync 1 DAGs
[2026-05-14T19:26:09.019+0000] {logging_mixin.py:188} INFO - [2026-05-14T19:26:09.019+0000] {dag.py:3954} INFO - Setting next_dagrun for produce_json to 2026-05-14 13:00:00+00:00, run_after=2026-05-15 13:00:00+00:00
[2026-05-14T19:26:09.090+0000] {processor.py:183} INFO - Processing /opt/airflow/dags/main.py took 0.191 seconds
[2026-05-14T19:26:39.254+0000] {processor.py:161} INFO - Started process (PID=4278) to work on /opt/airflow/dags/main.py
[2026-05-14T19:26:39.256+0000] {processor.py:830} INFO - Processing file /opt/airflow/dags/main.py for tasks to queue
[2026-05-14T19:26:39.258+0000] {logging_mixin.py:188} INFO - [2026-05-14T19:26:39.258+0000] {dagbag.py:545} INFO - Filling up the DagBag from /opt/airflow/dags/main.py
[2026-05-14T19:26:39.318+0000] {processor.py:840} INFO - DAG(s) 'produce_json' retrieved from /opt/airflow/dags/main.py
[2026-05-14T19:26:39.342+0000] {logging_mixin.py:188} INFO - [2026-05-14T19:26:39.341+0000] {dag.py:3096} INFO - Sync 1 DAGs
[2026-05-14T19:26:39.369+0000] {logging_mixin.py:188} INFO - [2026-05-14T19:26:39.369+0000] {dag.py:3954} INFO - Setting next_dagrun for produce_json to 2026-05-14 13:00:00+00:00, run_after=2026-05-15 13:00:00+00:00
[2026-05-14T19:26:39.439+0000] {processor.py:183} INFO - Processing /opt/airflow/dags/main.py took 0.192 seconds
[2026-05-14T19:27:09.699+0000] {processor.py:161} INFO - Started process (PID=4285) to work on /opt/airflow/dags/main.py
[2026-05-14T19:27:09.701+0000] {processor.py:830} INFO - Processing file /opt/airflow/dags/main.py for tasks to queue
[2026-05-14T19:27:09.703+0000] {logging_mixin.py:188} INFO - [2026-05-14T19:27:09.702+0000] {dagbag.py:545} INFO - Filling up the DagBag from /opt/airflow/dags/main.py
[2026-05-14T19:27:09.761+0000] {processor.py:840} INFO - DAG(s) 'produce_json' retrieved from /opt/airflow/dags/main.py
[2026-05-14T19:27:09.785+0000] {logging_mixin.py:188} INFO - [2026-05-14T19:27:09.784+0000] {dag.py:3096} INFO - Sync 1 DAGs
[2026-05-14T19:27:09.808+0000] {logging_mixin.py:188} INFO - [2026-05-14T19:27:09.808+0000] {dag.py:3954} INFO - Setting next_dagrun for produce_json to 2026-05-14 13:00:00+00:00, run_after=2026-05-15 13:00:00+00:00
[2026-05-14T19:27:09.856+0000] {processor.py:183} INFO - Processing /opt/airflow/dags/main.py took 0.167 seconds
[2026-05-14T19:27:40.038+0000] {processor.py:161} INFO - Started process (PID=4292) to work on /opt/airflow/dags/main.py
[2026-05-14T19:27:40.039+0000] {processor.py:830} INFO - Processing file /opt/airflow/dags/main.py for tasks to queue
[2026-05-14T19:27:40.041+0000] {logging_mixin.py:188} INFO - [2026-05-14T19:27:40.041+0000] {dagbag.py:545} INFO - Filling up the DagBag from /opt/airflow/dags/main.py
[2026-05-14T19:27:40.101+0000] {processor.py:840} INFO - DAG(s) 'produce_json' retrieved from /opt/airflow/dags/main.py
[2026-05-14T19:27:40.131+0000] {logging_mixin.py:188} INFO - [2026-05-14T19:27:40.131+0000] {dag.py:3096} INFO - Sync 1 DAGs
[2026-05-14T19:27:40.164+0000] {logging_mixin.py:188} INFO - [2026-05-14T19:27:40.163+0000] {dag.py:3954} INFO - Setting next_dagrun for produce_json to 2026-05-14 13:00:00+00:00, run_after=2026-05-15 13:00:00+00:00
[2026-05-14T19:27:40.193+0000] {processor.py:183} INFO - Processing /opt/airflow/dags/main.py took 0.163 seconds
[2026-05-14T19:28:10.715+0000] {processor.py:161} INFO - Started process (PID=4299) to work on /opt/airflow/dags/main.py
[2026-05-14T19:28:10.717+0000] {processor.py:830} INFO - Processing file /opt/airflow/dags/main.py for tasks to queue
[2026-05-14T19:28:10.720+0000] {logging_mixin.py:188} INFO - [2026-05-14T19:28:10.719+0000] {dagbag.py:545} INFO - Filling up the DagBag from /opt/airflow/dags/main.py
[2026-05-14T19:28:10.811+0000] {processor.py:840} INFO - DAG(s) 'produce_json' retrieved from /opt/airflow/dags/main.py
[2026-05-14T19:28:10.840+0000] {logging_mixin.py:188} INFO - [2026-05-14T19:28:10.840+0000] {dag.py:3096} INFO - Sync 1 DAGs
[2026-05-14T19:28:10.872+0000] {logging_mixin.py:188} INFO - [2026-05-14T19:28:10.872+0000] {dag.py:3954} INFO - Setting next_dagrun for produce_json to 2026-05-14 13:00:00+00:00, run_after=2026-05-15 13:00:00+00:00
[2026-05-14T19:28:10.911+0000] {processor.py:183} INFO - Processing /opt/airflow/dags/main.py took 0.203 seconds
[2026-05-14T19:28:41.052+0000] {processor.py:161} INFO - Started process (PID=4306) to work on /opt/airflow/dags/main.py
[2026-05-14T19:28:41.054+0000] {processor.py:830} INFO - Processing file /opt/airflow/dags/main.py for tasks to queue
[2026-05-14T19:28:41.056+0000] {logging_mixin.py:188} INFO - [2026-05-14T19:28:41.056+0000] {dagbag.py:545} INFO - Filling up the DagBag from /opt/airflow/dags/main.py
[2026-05-14T19:28:41.120+0000] {processor.py:840} INFO - DAG(s) 'produce_json' retrieved from /opt/airflow/dags/main.py
[2026-05-14T19:28:41.145+0000] {logging_mixin.py:188} INFO - [2026-05-14T19:28:41.145+0000] {dag.py:3096} INFO - Sync 1 DAGs
[2026-05-14T19:28:41.174+0000] {logging_mixin.py:188} INFO - [2026-05-14T19:28:41.174+0000] {dag.py:3954} INFO - Setting next_dagrun for produce_json to 2026-05-14 13:00:00+00:00, run_after=2026-05-15 13:00:00+00:00
[2026-05-14T19:28:41.197+0000] {processor.py:183} INFO - Processing /opt/airflow/dags/main.py took 0.154 seconds
[2026-05-14T19:29:11.488+0000] {processor.py:161} INFO - Started process (PID=4312) to work on /opt/airflow/dags/main.py
[2026-05-14T19:29:11.489+0000] {processor.py:830} INFO - Processing file /opt/airflow/dags/main.py for tasks to queue
[2026-05-14T19:29:11.491+0000] {logging_mixin.py:188} INFO - [2026-05-14T19:29:11.491+0000] {dagbag.py:545} INFO - Filling up the DagBag from /opt/airflow/dags/main.py
[2026-05-14T19:29:11.550+0000] {processor.py:840} INFO - DAG(s) 'produce_json' retrieved from /opt/airflow/dags/main.py
[2026-05-14T19:29:11.573+0000] {logging_mixin.py:188} INFO - [2026-05-14T19:29:11.572+0000] {dag.py:3096} INFO - Sync 1 DAGs
[2026-05-14T19:29:11.595+0000] {logging_mixin.py:188} INFO - [2026-05-14T19:29:11.595+0000] {dag.py:3954} INFO - Setting next_dagrun for produce_json to 2026-05-14 13:00:00+00:00, run_after=2026-05-15 13:00:00+00:00
[2026-05-14T19:29:11.654+0000] {processor.py:183} INFO - Processing /opt/airflow/dags/main.py took 0.172 seconds
[2026-05-14T19:29:41.825+0000] {processor.py:161} INFO - Started process (PID=4319) to work on /opt/airflow/dags/main.py
[2026-05-14T19:29:41.827+0000] {processor.py:830} INFO - Processing file /opt/airflow/dags/main.py for tasks to queue
[2026-05-14T19:29:41.829+0000] {logging_mixin.py:188} INFO - [2026-05-14T19:29:41.829+0000] {dagbag.py:545} INFO - Filling up the DagBag from /opt/airflow/dags/main.py
[2026-05-14T19:29:41.880+0000] {processor.py:840} INFO - DAG(s) 'produce_json' retrieved from /opt/airflow/dags/main.py
[2026-05-14T19:29:41.903+0000] {logging_mixin.py:188} INFO - [2026-05-14T19:29:41.903+0000] {dag.py:3096} INFO - Sync 1 DAGs
[2026-05-14T19:29:41.930+0000] {logging_mixin.py:188} INFO - [2026-05-14T19:29:41.929+0000] {dag.py:3954} INFO - Setting next_dagrun for produce_json to 2026-05-14 13:00:00+00:00, run_after=2026-05-15 13:00:00+00:00
[2026-05-14T19:29:41.999+0000] {processor.py:183} INFO - Processing /opt/airflow/dags/main.py took 0.183 seconds
[2026-05-14T19:30:12.236+0000] {processor.py:161} INFO - Started process (PID=4326) to work on /opt/airflow/dags/main.py
[2026-05-14T19:30:12.239+0000] {processor.py:830} INFO - Processing file /opt/airflow/dags/main.py for tasks to queue
[2026-05-14T19:30:12.243+0000] {logging_mixin.py:188} INFO - [2026-05-14T19:30:12.243+0000] {dagbag.py:545} INFO - Filling up the DagBag from /opt/airflow/dags/main.py
[2026-05-14T19:30:12.334+0000] {processor.py:840} INFO - DAG(s) 'produce_json' retrieved from /opt/airflow/dags/main.py
[2026-05-14T19:30:12.383+0000] {logging_mixin.py:188} INFO - [2026-05-14T19:30:12.383+0000] {dag.py:3096} INFO - Sync 1 DAGs
[2026-05-14T19:30:12.436+0000] {logging_mixin.py:188} INFO - [2026-05-14T19:30:12.436+0000] {dag.py:3954} INFO - Setting next_dagrun for produce_json to 2026-05-14 13:00:00+00:00, run_after=2026-05-15 13:00:00+00:00
[2026-05-14T19:30:12.487+0000] {processor.py:183} INFO - Processing /opt/airflow/dags/main.py took 0.265 seconds
[2026-05-14T19:30:42.600+0000] {processor.py:161} INFO - Started process (PID=4333) to work on /opt/airflow/dags/main.py
[2026-05-14T19:30:42.604+0000] {processor.py:830} INFO - Processing file /opt/airflow/dags/main.py for tasks to queue
[2026-05-14T19:30:42.608+0000] {logging_mixin.py:188} INFO - [2026-05-14T19:30:42.608+0000] {dagbag.py:545} INFO - Filling up the DagBag from /opt/airflow/dags/main.py
[2026-05-14T19:30:42.727+0000] {processor.py:840} INFO - DAG(s) 'produce_json' retrieved from /opt/airflow/dags/main.py
[2026-05-14T19:30:42.763+0000] {logging_mixin.py:188} INFO - [2026-05-14T19:30:42.763+0000] {dag.py:3096} INFO - Sync 1 DAGs
[2026-05-14T19:30:42.802+0000] {logging_mixin.py:188} INFO - [2026-05-14T19:30:42.802+0000] {dag.py:3954} INFO - Setting next_dagrun for produce_json to 2026-05-14 13:00:00+00:00, run_after=2026-05-15 13:00:00+00:00
[2026-05-14T19:30:42.846+0000] {processor.py:183} INFO - Processing /opt/airflow/dags/main.py took 0.261 seconds
[2026-05-14T19:31:13.084+0000] {processor.py:161} INFO - Started process (PID=4340) to work on /opt/airflow/dags/main.py
[2026-05-14T19:31:13.086+0000] {processor.py:830} INFO - Processing file /opt/airflow/dags/main.py for tasks to queue
[2026-05-14T19:31:13.089+0000] {logging_mixin.py:188} INFO - [2026-05-14T19:31:13.088+0000] {dagbag.py:545} INFO - Filling up the DagBag from /opt/airflow/dags/main.py
[2026-05-14T19:31:13.154+0000] {processor.py:840} INFO - DAG(s) 'produce_json' retrieved from /opt/airflow/dags/main.py
[2026-05-14T19:31:13.179+0000] {logging_mixin.py:188} INFO - [2026-05-14T19:31:13.179+0000] {dag.py:3096} INFO - Sync 1 DAGs
[2026-05-14T19:31:13.215+0000] {logging_mixin.py:188} INFO - [2026-05-14T19:31:13.215+0000] {dag.py:3954} INFO - Setting next_dagrun for produce_json to 2026-05-14 13:00:00+00:00, run_after=2026-05-15 13:00:00+00:00
[2026-05-14T19:31:13.240+0000] {processor.py:183} INFO - Processing /opt/airflow/dags/main.py took 0.163 seconds
[2026-05-14T19:31:43.452+0000] {processor.py:161} INFO - Started process (PID=4347) to work on /opt/airflow/dags/main.py
[2026-05-14T19:31:43.453+0000] {processor.py:830} INFO - Processing file /opt/airflow/dags/main.py for tasks to queue
[2026-05-14T19:31:43.456+0000] {logging_mixin.py:188} INFO - [2026-05-14T19:31:43.455+0000] {dagbag.py:545} INFO - Filling up the DagBag from /opt/airflow/dags/main.py
[2026-05-14T19:31:43.521+0000] {processor.py:840} INFO - DAG(s) 'produce_json' retrieved from /opt/airflow/dags/main.py
[2026-05-14T19:31:43.548+0000] {logging_mixin.py:188} INFO - [2026-05-14T19:31:43.548+0000] {dag.py:3096} INFO - Sync 1 DAGs
[2026-05-14T19:31:43.574+0000] {logging_mixin.py:188} INFO - [2026-05-14T19:31:43.573+0000] {dag.py:3954} INFO - Setting next_dagrun for produce_json to 2026-05-14 13:00:00+00:00, run_after=2026-05-15 13:00:00+00:00
[2026-05-14T19:31:43.597+0000] {processor.py:183} INFO - Processing /opt/airflow/dags/main.py took 0.153 seconds
[2026-05-14T19:32:13.847+0000] {processor.py:161} INFO - Started process (PID=4354) to work on /opt/airflow/dags/main.py
[2026-05-14T19:32:13.849+0000] {processor.py:830} INFO - Processing file /opt/airflow/dags/main.py for tasks to queue
[2026-05-14T19:32:13.853+0000] {logging_mixin.py:188} INFO - [2026-05-14T19:32:13.853+0000] {dagbag.py:545} INFO - Filling up the DagBag from /opt/airflow/dags/main.py
[2026-05-14T19:32:13.914+0000] {processor.py:840} INFO - DAG(s) 'produce_json' retrieved from /opt/airflow/dags/main.py
[2026-05-14T19:32:13.941+0000] {logging_mixin.py:188} INFO - [2026-05-14T19:32:13.941+0000] {dag.py:3096} INFO - Sync 1 DAGs
[2026-05-14T19:32:13.967+0000] {logging_mixin.py:188} INFO - [2026-05-14T19:32:13.966+0000] {dag.py:3954} INFO - Setting next_dagrun for produce_json to 2026-05-14 13:00:00+00:00, run_after=2026-05-15 13:00:00+00:00
[2026-05-14T19:32:14.036+0000] {processor.py:183} INFO - Processing /opt/airflow/dags/main.py took 0.199 seconds
[2026-05-14T19:32:44.193+0000] {processor.py:161} INFO - Started process (PID=4361) to work on /opt/airflow/dags/main.py
[2026-05-14T19:32:44.195+0000] {processor.py:830} INFO - Processing file /opt/airflow/dags/main.py for tasks to queue
[2026-05-14T19:32:44.197+0000] {logging_mixin.py:188} INFO - [2026-05-14T19:32:44.197+0000] {dagbag.py:545} INFO - Filling up the DagBag from /opt/airflow/dags/main.py
[2026-05-14T19:32:44.256+0000] {processor.py:840} INFO - DAG(s) 'produce_json' retrieved from /opt/airflow/dags/main.py
[2026-05-14T19:32:44.287+0000] {logging_mixin.py:188} INFO - [2026-05-14T19:32:44.286+0000] {dag.py:3096} INFO - Sync 1 DAGs
[2026-05-14T19:32:44.321+0000] {logging_mixin.py:188} INFO - [2026-05-14T19:32:44.321+0000] {dag.py:3954} INFO - Setting next_dagrun for produce_json to 2026-05-14 13:00:00+00:00, run_after=2026-05-15 13:00:00+00:00
[2026-05-14T19:32:44.358+0000] {processor.py:183} INFO - Processing /opt/airflow/dags/main.py took 0.172 seconds
[2026-05-14T19:33:14.852+0000] {processor.py:161} INFO - Started process (PID=4368) to work on /opt/airflow/dags/main.py
[2026-05-14T19:33:14.853+0000] {processor.py:830} INFO - Processing file /opt/airflow/dags/main.py for tasks to queue
[2026-05-14T19:33:14.856+0000] {logging_mixin.py:188} INFO - [2026-05-14T19:33:14.855+0000] {dagbag.py:545} INFO - Filling up the DagBag from /opt/airflow/dags/main.py
[2026-05-14T19:33:14.919+0000] {processor.py:840} INFO - DAG(s) 'produce_json' retrieved from /opt/airflow/dags/main.py
[2026-05-14T19:33:14.945+0000] {logging_mixin.py:188} INFO - [2026-05-14T19:33:14.944+0000] {dag.py:3096} INFO - Sync 1 DAGs
[2026-05-14T19:33:14.973+0000] {logging_mixin.py:188} INFO - [2026-05-14T19:33:14.973+0000] {dag.py:3954} INFO - Setting next_dagrun for produce_json to 2026-05-14 13:00:00+00:00, run_after=2026-05-15 13:00:00+00:00
[2026-05-14T19:33:15.043+0000] {processor.py:183} INFO - Processing /opt/airflow/dags/main.py took 0.197 seconds
[2026-05-14T19:33:45.169+0000] {processor.py:161} INFO - Started process (PID=4376) to work on /opt/airflow/dags/main.py
[2026-05-14T19:33:45.170+0000] {processor.py:830} INFO - Processing file /opt/airflow/dags/main.py for tasks to queue
[2026-05-14T19:33:45.173+0000] {logging_mixin.py:188} INFO - [2026-05-14T19:33:45.172+0000] {dagbag.py:545} INFO - Filling up the DagBag from /opt/airflow/dags/main.py
[2026-05-14T19:33:45.238+0000] {processor.py:840} INFO - DAG(s) 'produce_json' retrieved from /opt/airflow/dags/main.py
[2026-05-14T19:33:45.286+0000] {logging_mixin.py:188} INFO - [2026-05-14T19:33:45.285+0000] {dag.py:3096} INFO - Sync 1 DAGs
[2026-05-14T19:33:45.319+0000] {logging_mixin.py:188} INFO - [2026-05-14T19:33:45.319+0000] {dag.py:3954} INFO - Setting next_dagrun for produce_json to 2026-05-14 13:00:00+00:00, run_after=2026-05-15 13:00:00+00:00
[2026-05-14T19:33:45.343+0000] {processor.py:183} INFO - Processing /opt/airflow/dags/main.py took 0.182 seconds
[2026-05-14T19:34:15.632+0000] {processor.py:161} INFO - Started process (PID=4383) to work on /opt/airflow/dags/main.py
[2026-05-14T19:34:15.634+0000] {processor.py:830} INFO - Processing file /opt/airflow/dags/main.py for tasks to queue
[2026-05-14T19:34:15.637+0000] {logging_mixin.py:188} INFO - [2026-05-14T19:34:15.636+0000] {dagbag.py:545} INFO - Filling up the DagBag from /opt/airflow/dags/main.py
[2026-05-14T19:34:15.748+0000] {processor.py:840} INFO - DAG(s) 'produce_json' retrieved from /opt/airflow/dags/main.py
[2026-05-14T19:34:15.802+0000] {logging_mixin.py:188} INFO - [2026-05-14T19:34:15.801+0000] {dag.py:3096} INFO - Sync 1 DAGs
[2026-05-14T19:34:15.862+0000] {logging_mixin.py:188} INFO - [2026-05-14T19:34:15.861+0000] {dag.py:3954} INFO - Setting next_dagrun for produce_json to 2026-05-14 13:00:00+00:00, run_after=2026-05-15 13:00:00+00:00
[2026-05-14T19:34:15.913+0000] {processor.py:183} INFO - Processing /opt/airflow/dags/main.py took 0.288 seconds
[2026-05-14T19:34:46.240+0000] {processor.py:161} INFO - Started process (PID=4390) to work on /opt/airflow/dags/main.py
[2026-05-14T19:34:46.241+0000] {processor.py:830} INFO - Processing file /opt/airflow/dags/main.py for tasks to queue
[2026-05-14T19:34:46.244+0000] {logging_mixin.py:188} INFO - [2026-05-14T19:34:46.243+0000] {dagbag.py:545} INFO - Filling up the DagBag from /opt/airflow/dags/main.py
[2026-05-14T19:34:46.305+0000] {processor.py:840} INFO - DAG(s) 'produce_json' retrieved from /opt/airflow/dags/main.py
[2026-05-14T19:34:46.334+0000] {logging_mixin.py:188} INFO - [2026-05-14T19:34:46.333+0000] {dag.py:3096} INFO - Sync 1 DAGs
[2026-05-14T19:34:46.359+0000] {logging_mixin.py:188} INFO - [2026-05-14T19:34:46.359+0000] {dag.py:3954} INFO - Setting next_dagrun for produce_json to 2026-05-14 13:00:00+00:00, run_after=2026-05-15 13:00:00+00:00
[2026-05-14T19:34:46.428+0000] {processor.py:183} INFO - Processing /opt/airflow/dags/main.py took 0.195 seconds
[2026-05-14T19:35:16.536+0000] {processor.py:161} INFO - Started process (PID=4397) to work on /opt/airflow/dags/main.py
[2026-05-14T19:35:16.538+0000] {processor.py:830} INFO - Processing file /opt/airflow/dags/main.py for tasks to queue
[2026-05-14T19:35:16.540+0000] {logging_mixin.py:188} INFO - [2026-05-14T19:35:16.540+0000] {dagbag.py:545} INFO - Filling up the DagBag from /opt/airflow/dags/main.py
[2026-05-14T19:35:16.617+0000] {processor.py:840} INFO - DAG(s) 'produce_json' retrieved from /opt/airflow/dags/main.py
[2026-05-14T19:35:16.665+0000] {logging_mixin.py:188} INFO - [2026-05-14T19:35:16.665+0000] {dag.py:3096} INFO - Sync 1 DAGs
[2026-05-14T19:35:16.712+0000] {logging_mixin.py:188} INFO - [2026-05-14T19:35:16.712+0000] {dag.py:3954} INFO - Setting next_dagrun for produce_json to 2026-05-14 13:00:00+00:00, run_after=2026-05-15 13:00:00+00:00
[2026-05-14T19:35:16.748+0000] {processor.py:183} INFO - Processing /opt/airflow/dags/main.py took 0.219 seconds
[2026-05-14T19:35:47.011+0000] {processor.py:161} INFO - Started process (PID=4404) to work on /opt/airflow/dags/main.py
[2026-05-14T19:35:47.013+0000] {processor.py:830} INFO - Processing file /opt/airflow/dags/main.py for tasks to queue
[2026-05-14T19:35:47.018+0000] {logging_mixin.py:188} INFO - [2026-05-14T19:35:47.017+0000] {dagbag.py:545} INFO - Filling up the DagBag from /opt/airflow/dags/main.py
[2026-05-14T19:35:47.076+0000] {processor.py:840} INFO - DAG(s) 'produce_json' retrieved from /opt/airflow/dags/main.py
[2026-05-14T19:35:47.099+0000] {logging_mixin.py:188} INFO - [2026-05-14T19:35:47.098+0000] {dag.py:3096} INFO - Sync 1 DAGs
[2026-05-14T19:35:47.121+0000] {logging_mixin.py:188} INFO - [2026-05-14T19:35:47.121+0000] {dag.py:3954} INFO - Setting next_dagrun for produce_json to 2026-05-14 13:00:00+00:00, run_after=2026-05-15 13:00:00+00:00
[2026-05-14T19:35:47.192+0000] {processor.py:183} INFO - Processing /opt/airflow/dags/main.py took 0.189 seconds
[2026-05-14T19:36:17.352+0000] {processor.py:161} INFO - Started process (PID=4411) to work on /opt/airflow/dags/main.py
[2026-05-14T19:36:17.353+0000] {processor.py:830} INFO - Processing file /opt/airflow/dags/main.py for tasks to queue
[2026-05-14T19:36:17.356+0000] {logging_mixin.py:188} INFO - [2026-05-14T19:36:17.355+0000] {dagbag.py:545} INFO - Filling up the DagBag from /opt/airflow/dags/main.py
[2026-05-14T19:36:17.411+0000] {processor.py:840} INFO - DAG(s) 'produce_json' retrieved from /opt/airflow/dags/main.py
[2026-05-14T19:36:17.435+0000] {logging_mixin.py:188} INFO - [2026-05-14T19:36:17.434+0000] {dag.py:3096} INFO - Sync 1 DAGs
[2026-05-14T19:36:17.461+0000] {logging_mixin.py:188} INFO - [2026-05-14T19:36:17.461+0000] {dag.py:3954} INFO - Setting next_dagrun for produce_json to 2026-05-14 13:00:00+00:00, run_after=2026-05-15 13:00:00+00:00
[2026-05-14T19:36:17.529+0000] {processor.py:183} INFO - Processing /opt/airflow/dags/main.py took 0.185 seconds
[2026-05-14T19:36:47.789+0000] {processor.py:161} INFO - Started process (PID=4418) to work on /opt/airflow/dags/main.py
[2026-05-14T19:36:47.791+0000] {processor.py:830} INFO - Processing file /opt/airflow/dags/main.py for tasks to queue
[2026-05-14T19:36:47.794+0000] {logging_mixin.py:188} INFO - [2026-05-14T19:36:47.794+0000] {dagbag.py:545} INFO - Filling up the DagBag from /opt/airflow/dags/main.py
[2026-05-14T19:36:47.885+0000] {processor.py:840} INFO - DAG(s) 'produce_json' retrieved from /opt/airflow/dags/main.py
[2026-05-14T19:36:47.917+0000] {logging_mixin.py:188} INFO - [2026-05-14T19:36:47.916+0000] {dag.py:3096} INFO - Sync 1 DAGs
[2026-05-14T19:36:47.948+0000] {logging_mixin.py:188} INFO - [2026-05-14T19:36:47.948+0000] {dag.py:3954} INFO - Setting next_dagrun for produce_json to 2026-05-14 13:00:00+00:00, run_after=2026-05-15 13:00:00+00:00
[2026-05-14T19:36:48.022+0000] {processor.py:183} INFO - Processing /opt/airflow/dags/main.py took 0.240 seconds
[2026-05-14T19:37:18.149+0000] {processor.py:161} INFO - Started process (PID=4425) to work on /opt/airflow/dags/main.py
[2026-05-14T19:37:18.151+0000] {processor.py:830} INFO - Processing file /opt/airflow/dags/main.py for tasks to queue
[2026-05-14T19:37:18.155+0000] {logging_mixin.py:188} INFO - [2026-05-14T19:37:18.155+0000] {dagbag.py:545} INFO - Filling up the DagBag from /opt/airflow/dags/main.py
[2026-05-14T19:37:18.253+0000] {processor.py:840} INFO - DAG(s) 'produce_json' retrieved from /opt/airflow/dags/main.py
[2026-05-14T19:37:18.294+0000] {logging_mixin.py:188} INFO - [2026-05-14T19:37:18.293+0000] {dag.py:3096} INFO - Sync 1 DAGs
[2026-05-14T19:37:18.327+0000] {logging_mixin.py:188} INFO - [2026-05-14T19:37:18.326+0000] {dag.py:3954} INFO - Setting next_dagrun for produce_json to 2026-05-14 13:00:00+00:00, run_after=2026-05-15 13:00:00+00:00
[2026-05-14T19:37:18.395+0000] {processor.py:183} INFO - Processing /opt/airflow/dags/main.py took 0.259 seconds
[2026-05-14T19:37:48.628+0000] {processor.py:161} INFO - Started process (PID=4431) to work on /opt/airflow/dags/main.py
[2026-05-14T19:37:48.629+0000] {processor.py:830} INFO - Processing file /opt/airflow/dags/main.py for tasks to queue
[2026-05-14T19:37:48.632+0000] {logging_mixin.py:188} INFO - [2026-05-14T19:37:48.631+0000] {dagbag.py:545} INFO - Filling up the DagBag from /opt/airflow/dags/main.py
[2026-05-14T19:37:48.713+0000] {processor.py:840} INFO - DAG(s) 'produce_json' retrieved from /opt/airflow/dags/main.py
[2026-05-14T19:37:48.743+0000] {logging_mixin.py:188} INFO - [2026-05-14T19:37:48.743+0000] {dag.py:3096} INFO - Sync 1 DAGs
[2026-05-14T19:37:48.774+0000] {logging_mixin.py:188} INFO - [2026-05-14T19:37:48.773+0000] {dag.py:3954} INFO - Setting next_dagrun for produce_json to 2026-05-14 13:00:00+00:00, run_after=2026-05-15 13:00:00+00:00
[2026-05-14T19:37:48.857+0000] {processor.py:183} INFO - Processing /opt/airflow/dags/main.py took 0.237 seconds
[2026-05-14T19:38:19.278+0000] {processor.py:161} INFO - Started process (PID=4438) to work on /opt/airflow/dags/main.py
[2026-05-14T19:38:19.280+0000] {processor.py:830} INFO - Processing file /opt/airflow/dags/main.py for tasks to queue
[2026-05-14T19:38:19.283+0000] {logging_mixin.py:188} INFO - [2026-05-14T19:38:19.282+0000] {dagbag.py:545} INFO - Filling up the DagBag from /opt/airflow/dags/main.py
[2026-05-14T19:38:19.348+0000] {processor.py:840} INFO - DAG(s) 'produce_json' retrieved from /opt/airflow/dags/main.py
[2026-05-14T19:38:19.375+0000] {logging_mixin.py:188} INFO - [2026-05-14T19:38:19.375+0000] {dag.py:3096} INFO - Sync 1 DAGs
[2026-05-14T19:38:19.400+0000] {logging_mixin.py:188} INFO - [2026-05-14T19:38:19.400+0000] {dag.py:3954} INFO - Setting next_dagrun for produce_json to 2026-05-14 13:00:00+00:00, run_after=2026-05-15 13:00:00+00:00
[2026-05-14T19:38:19.473+0000] {processor.py:183} INFO - Processing /opt/airflow/dags/main.py took 0.201 seconds
[2026-05-14T19:38:49.608+0000] {processor.py:161} INFO - Started process (PID=4445) to work on /opt/airflow/dags/main.py
[2026-05-14T19:38:49.610+0000] {processor.py:830} INFO - Processing file /opt/airflow/dags/main.py for tasks to queue
[2026-05-14T19:38:49.612+0000] {logging_mixin.py:188} INFO - [2026-05-14T19:38:49.612+0000] {dagbag.py:545} INFO - Filling up the DagBag from /opt/airflow/dags/main.py
[2026-05-14T19:38:49.677+0000] {processor.py:840} INFO - DAG(s) 'produce_json' retrieved from /opt/airflow/dags/main.py
[2026-05-14T19:38:49.704+0000] {logging_mixin.py:188} INFO - [2026-05-14T19:38:49.704+0000] {dag.py:3096} INFO - Sync 1 DAGs
[2026-05-14T19:38:49.730+0000] {logging_mixin.py:188} INFO - [2026-05-14T19:38:49.730+0000] {dag.py:3954} INFO - Setting next_dagrun for produce_json to 2026-05-14 13:00:00+00:00, run_after=2026-05-15 13:00:00+00:00
[2026-05-14T19:38:49.804+0000] {processor.py:183} INFO - Processing /opt/airflow/dags/main.py took 0.203 seconds
[2026-05-14T19:39:20.086+0000] {processor.py:161} INFO - Started process (PID=4452) to work on /opt/airflow/dags/main.py
[2026-05-14T19:39:20.088+0000] {processor.py:830} INFO - Processing file /opt/airflow/dags/main.py for tasks to queue
[2026-05-14T19:39:20.090+0000] {logging_mixin.py:188} INFO - [2026-05-14T19:39:20.089+0000] {dagbag.py:545} INFO - Filling up the DagBag from /opt/airflow/dags/main.py
[2026-05-14T19:39:20.152+0000] {processor.py:840} INFO - DAG(s) 'produce_json' retrieved from /opt/airflow/dags/main.py
[2026-05-14T19:39:20.178+0000] {logging_mixin.py:188} INFO - [2026-05-14T19:39:20.177+0000] {dag.py:3096} INFO - Sync 1 DAGs
[2026-05-14T19:39:20.204+0000] {logging_mixin.py:188} INFO - [2026-05-14T19:39:20.204+0000] {dag.py:3954} INFO - Setting next_dagrun for produce_json to 2026-05-14 13:00:00+00:00, run_after=2026-05-15 13:00:00+00:00
[2026-05-14T19:39:20.274+0000] {processor.py:183} INFO - Processing /opt/airflow/dags/main.py took 0.194 seconds
[2026-05-14T19:39:50.423+0000] {processor.py:161} INFO - Started process (PID=4459) to work on /opt/airflow/dags/main.py
[2026-05-14T19:39:50.425+0000] {processor.py:830} INFO - Processing file /opt/airflow/dags/main.py for tasks to queue
[2026-05-14T19:39:50.427+0000] {logging_mixin.py:188} INFO - [2026-05-14T19:39:50.427+0000] {dagbag.py:545} INFO - Filling up the DagBag from /opt/airflow/dags/main.py
[2026-05-14T19:39:50.489+0000] {processor.py:840} INFO - DAG(s) 'produce_json' retrieved from /opt/airflow/dags/main.py
[2026-05-14T19:39:50.518+0000] {logging_mixin.py:188} INFO - [2026-05-14T19:39:50.517+0000] {dag.py:3096} INFO - Sync 1 DAGs
[2026-05-14T19:39:50.545+0000] {logging_mixin.py:188} INFO - [2026-05-14T19:39:50.545+0000] {dag.py:3954} INFO - Setting next_dagrun for produce_json to 2026-05-14 13:00:00+00:00, run_after=2026-05-15 13:00:00+00:00
[2026-05-14T19:39:50.624+0000] {processor.py:183} INFO - Processing /opt/airflow/dags/main.py took 0.207 seconds
[2026-05-14T19:40:20.894+0000] {processor.py:161} INFO - Started process (PID=4466) to work on /opt/airflow/dags/main.py
[2026-05-14T19:40:20.895+0000] {processor.py:830} INFO - Processing file /opt/airflow/dags/main.py for tasks to queue
[2026-05-14T19:40:20.897+0000] {logging_mixin.py:188} INFO - [2026-05-14T19:40:20.897+0000] {dagbag.py:545} INFO - Filling up the DagBag from /opt/airflow/dags/main.py
[2026-05-14T19:40:20.962+0000] {processor.py:840} INFO - DAG(s) 'produce_json' retrieved from /opt/airflow/dags/main.py
[2026-05-14T19:40:20.988+0000] {logging_mixin.py:188} INFO - [2026-05-14T19:40:20.987+0000] {dag.py:3096} INFO - Sync 1 DAGs
[2026-05-14T19:40:21.013+0000] {logging_mixin.py:188} INFO - [2026-05-14T19:40:21.013+0000] {dag.py:3954} INFO - Setting next_dagrun for produce_json to 2026-05-14 13:00:00+00:00, run_after=2026-05-15 13:00:00+00:00
[2026-05-14T19:40:21.078+0000] {processor.py:183} INFO - Processing /opt/airflow/dags/main.py took 0.191 seconds
[2026-05-14T19:40:51.227+0000] {processor.py:161} INFO - Started process (PID=4473) to work on /opt/airflow/dags/main.py
[2026-05-14T19:40:51.229+0000] {processor.py:830} INFO - Processing file /opt/airflow/dags/main.py for tasks to queue
[2026-05-14T19:40:51.231+0000] {logging_mixin.py:188} INFO - [2026-05-14T19:40:51.231+0000] {dagbag.py:545} INFO - Filling up the DagBag from /opt/airflow/dags/main.py
[2026-05-14T19:40:51.294+0000] {processor.py:840} INFO - DAG(s) 'produce_json' retrieved from /opt/airflow/dags/main.py
[2026-05-14T19:40:51.319+0000] {logging_mixin.py:188} INFO - [2026-05-14T19:40:51.319+0000] {dag.py:3096} INFO - Sync 1 DAGs
[2026-05-14T19:40:51.345+0000] {logging_mixin.py:188} INFO - [2026-05-14T19:40:51.344+0000] {dag.py:3954} INFO - Setting next_dagrun for produce_json to 2026-05-14 13:00:00+00:00, run_after=2026-05-15 13:00:00+00:00
[2026-05-14T19:40:51.415+0000] {processor.py:183} INFO - Processing /opt/airflow/dags/main.py took 0.196 seconds
[2026-05-14T19:41:21.681+0000] {processor.py:161} INFO - Started process (PID=4480) to work on /opt/airflow/dags/main.py
[2026-05-14T19:41:21.683+0000] {processor.py:830} INFO - Processing file /opt/airflow/dags/main.py for tasks to queue
[2026-05-14T19:41:21.685+0000] {logging_mixin.py:188} INFO - [2026-05-14T19:41:21.685+0000] {dagbag.py:545} INFO - Filling up the DagBag from /opt/airflow/dags/main.py
[2026-05-14T19:41:21.746+0000] {processor.py:840} INFO - DAG(s) 'produce_json' retrieved from /opt/airflow/dags/main.py
[2026-05-14T19:41:21.769+0000] {logging_mixin.py:188} INFO - [2026-05-14T19:41:21.769+0000] {dag.py:3096} INFO - Sync 1 DAGs
[2026-05-14T19:41:21.795+0000] {logging_mixin.py:188} INFO - [2026-05-14T19:41:21.795+0000] {dag.py:3954} INFO - Setting next_dagrun for produce_json to 2026-05-14 13:00:00+00:00, run_after=2026-05-15 13:00:00+00:00
[2026-05-14T19:41:21.865+0000] {processor.py:183} INFO - Processing /opt/airflow/dags/main.py took 0.192 seconds
[2026-05-14T19:41:52.000+0000] {processor.py:161} INFO - Started process (PID=4487) to work on /opt/airflow/dags/main.py
[2026-05-14T19:41:52.002+0000] {processor.py:830} INFO - Processing file /opt/airflow/dags/main.py for tasks to queue
[2026-05-14T19:41:52.004+0000] {logging_mixin.py:188} INFO - [2026-05-14T19:41:52.004+0000] {dagbag.py:545} INFO - Filling up the DagBag from /opt/airflow/dags/main.py
[2026-05-14T19:41:52.066+0000] {processor.py:840} INFO - DAG(s) 'produce_json' retrieved from /opt/airflow/dags/main.py
[2026-05-14T19:41:52.092+0000] {logging_mixin.py:188} INFO - [2026-05-14T19:41:52.092+0000] {dag.py:3096} INFO - Sync 1 DAGs
[2026-05-14T19:41:52.118+0000] {logging_mixin.py:188} INFO - [2026-05-14T19:41:52.118+0000] {dag.py:3954} INFO - Setting next_dagrun for produce_json to 2026-05-14 13:00:00+00:00, run_after=2026-05-15 13:00:00+00:00
[2026-05-14T19:41:52.193+0000] {processor.py:183} INFO - Processing /opt/airflow/dags/main.py took 0.200 seconds
[2026-05-14T19:42:22.487+0000] {processor.py:161} INFO - Started process (PID=4494) to work on /opt/airflow/dags/main.py
[2026-05-14T19:42:22.489+0000] {processor.py:830} INFO - Processing file /opt/airflow/dags/main.py for tasks to queue
[2026-05-14T19:42:22.494+0000] {logging_mixin.py:188} INFO - [2026-05-14T19:42:22.493+0000] {dagbag.py:545} INFO - Filling up the DagBag from /opt/airflow/dags/main.py
[2026-05-14T19:42:22.594+0000] {processor.py:840} INFO - DAG(s) 'produce_json' retrieved from /opt/airflow/dags/main.py
[2026-05-14T19:42:22.620+0000] {logging_mixin.py:188} INFO - [2026-05-14T19:42:22.620+0000] {dag.py:3096} INFO - Sync 1 DAGs
[2026-05-14T19:42:22.650+0000] {logging_mixin.py:188} INFO - [2026-05-14T19:42:22.650+0000] {dag.py:3954} INFO - Setting next_dagrun for produce_json to 2026-05-14 13:00:00+00:00, run_after=2026-05-15 13:00:00+00:00
[2026-05-14T19:42:22.679+0000] {processor.py:183} INFO - Processing /opt/airflow/dags/main.py took 0.200 seconds
[2026-05-14T19:42:52.819+0000] {processor.py:161} INFO - Started process (PID=4501) to work on /opt/airflow/dags/main.py
[2026-05-14T19:42:52.821+0000] {processor.py:830} INFO - Processing file /opt/airflow/dags/main.py for tasks to queue
[2026-05-14T19:42:52.826+0000] {logging_mixin.py:188} INFO - [2026-05-14T19:42:52.825+0000] {dagbag.py:545} INFO - Filling up the DagBag from /opt/airflow/dags/main.py
[2026-05-14T19:42:52.952+0000] {processor.py:840} INFO - DAG(s) 'produce_json' retrieved from /opt/airflow/dags/main.py
[2026-05-14T19:42:52.996+0000] {logging_mixin.py:188} INFO - [2026-05-14T19:42:52.996+0000] {dag.py:3096} INFO - Sync 1 DAGs
[2026-05-14T19:42:53.052+0000] {logging_mixin.py:188} INFO - [2026-05-14T19:42:53.052+0000] {dag.py:3954} INFO - Setting next_dagrun for produce_json to 2026-05-14 13:00:00+00:00, run_after=2026-05-15 13:00:00+00:00
[2026-05-14T19:42:53.137+0000] {processor.py:183} INFO - Processing /opt/airflow/dags/main.py took 0.326 seconds
[2026-05-14T19:43:23.516+0000] {processor.py:161} INFO - Started process (PID=4508) to work on /opt/airflow/dags/main.py
[2026-05-14T19:43:23.518+0000] {processor.py:830} INFO - Processing file /opt/airflow/dags/main.py for tasks to queue
[2026-05-14T19:43:23.522+0000] {logging_mixin.py:188} INFO - [2026-05-14T19:43:23.521+0000] {dagbag.py:545} INFO - Filling up the DagBag from /opt/airflow/dags/main.py
[2026-05-14T19:43:23.610+0000] {processor.py:840} INFO - DAG(s) 'produce_json' retrieved from /opt/airflow/dags/main.py
[2026-05-14T19:43:23.638+0000] {logging_mixin.py:188} INFO - [2026-05-14T19:43:23.637+0000] {dag.py:3096} INFO - Sync 1 DAGs
[2026-05-14T19:43:23.665+0000] {logging_mixin.py:188} INFO - [2026-05-14T19:43:23.665+0000] {dag.py:3954} INFO - Setting next_dagrun for produce_json to 2026-05-14 13:00:00+00:00, run_after=2026-05-15 13:00:00+00:00
[2026-05-14T19:43:23.701+0000] {processor.py:183} INFO - Processing /opt/airflow/dags/main.py took 0.192 seconds
[2026-05-14T19:43:53.840+0000] {processor.py:161} INFO - Started process (PID=4514) to work on /opt/airflow/dags/main.py
[2026-05-14T19:43:53.844+0000] {processor.py:830} INFO - Processing file /opt/airflow/dags/main.py for tasks to queue
[2026-05-14T19:43:53.849+0000] {logging_mixin.py:188} INFO - [2026-05-14T19:43:53.848+0000] {dagbag.py:545} INFO - Filling up the DagBag from /opt/airflow/dags/main.py
[2026-05-14T19:43:53.947+0000] {processor.py:840} INFO - DAG(s) 'produce_json' retrieved from /opt/airflow/dags/main.py
[2026-05-14T19:43:53.976+0000] {logging_mixin.py:188} INFO - [2026-05-14T19:43:53.976+0000] {dag.py:3096} INFO - Sync 1 DAGs
[2026-05-14T19:43:54.012+0000] {logging_mixin.py:188} INFO - [2026-05-14T19:43:54.011+0000] {dag.py:3954} INFO - Setting next_dagrun for produce_json to 2026-05-14 13:00:00+00:00, run_after=2026-05-15 13:00:00+00:00
[2026-05-14T19:43:54.097+0000] {processor.py:183} INFO - Processing /opt/airflow/dags/main.py took 0.280 seconds
[2026-05-14T19:44:24.315+0000] {processor.py:161} INFO - Started process (PID=4520) to work on /opt/airflow/dags/main.py
[2026-05-14T19:44:24.316+0000] {processor.py:830} INFO - Processing file /opt/airflow/dags/main.py for tasks to queue
[2026-05-14T19:44:24.319+0000] {logging_mixin.py:188} INFO - [2026-05-14T19:44:24.319+0000] {dagbag.py:545} INFO - Filling up the DagBag from /opt/airflow/dags/main.py
[2026-05-14T19:44:24.384+0000] {processor.py:840} INFO - DAG(s) 'produce_json' retrieved from /opt/airflow/dags/main.py
[2026-05-14T19:44:24.406+0000] {logging_mixin.py:188} INFO - [2026-05-14T19:44:24.405+0000] {dag.py:3096} INFO - Sync 1 DAGs
[2026-05-14T19:44:24.429+0000] {logging_mixin.py:188} INFO - [2026-05-14T19:44:24.429+0000] {dag.py:3954} INFO - Setting next_dagrun for produce_json to 2026-05-14 13:00:00+00:00, run_after=2026-05-15 13:00:00+00:00
[2026-05-14T19:44:24.500+0000] {processor.py:183} INFO - Processing /opt/airflow/dags/main.py took 0.193 seconds
[2026-05-14T19:44:54.711+0000] {processor.py:161} INFO - Started process (PID=4527) to work on /opt/airflow/dags/main.py
[2026-05-14T19:44:54.713+0000] {processor.py:830} INFO - Processing file /opt/airflow/dags/main.py for tasks to queue
[2026-05-14T19:44:54.718+0000] {logging_mixin.py:188} INFO - [2026-05-14T19:44:54.717+0000] {dagbag.py:545} INFO - Filling up the DagBag from /opt/airflow/dags/main.py
[2026-05-14T19:44:54.786+0000] {processor.py:840} INFO - DAG(s) 'produce_json' retrieved from /opt/airflow/dags/main.py
[2026-05-14T19:44:54.808+0000] {logging_mixin.py:188} INFO - [2026-05-14T19:44:54.808+0000] {dag.py:3096} INFO - Sync 1 DAGs
[2026-05-14T19:44:54.833+0000] {logging_mixin.py:188} INFO - [2026-05-14T19:44:54.833+0000] {dag.py:3954} INFO - Setting next_dagrun for produce_json to 2026-05-14 13:00:00+00:00, run_after=2026-05-15 13:00:00+00:00
[2026-05-14T19:44:54.902+0000] {processor.py:183} INFO - Processing /opt/airflow/dags/main.py took 0.198 seconds
[2026-05-14T19:45:25.066+0000] {processor.py:161} INFO - Started process (PID=4534) to work on /opt/airflow/dags/main.py
[2026-05-14T19:45:25.069+0000] {processor.py:830} INFO - Processing file /opt/airflow/dags/main.py for tasks to queue
[2026-05-14T19:45:25.072+0000] {logging_mixin.py:188} INFO - [2026-05-14T19:45:25.072+0000] {dagbag.py:545} INFO - Filling up the DagBag from /opt/airflow/dags/main.py
[2026-05-14T19:45:25.169+0000] {processor.py:840} INFO - DAG(s) 'produce_json' retrieved from /opt/airflow/dags/main.py
[2026-05-14T19:45:25.198+0000] {logging_mixin.py:188} INFO - [2026-05-14T19:45:25.198+0000] {dag.py:3096} INFO - Sync 1 DAGs
[2026-05-14T19:45:25.226+0000] {logging_mixin.py:188} INFO - [2026-05-14T19:45:25.226+0000] {dag.py:3954} INFO - Setting next_dagrun for produce_json to 2026-05-14 13:00:00+00:00, run_after=2026-05-15 13:00:00+00:00
[2026-05-14T19:45:25.253+0000] {processor.py:183} INFO - Processing /opt/airflow/dags/main.py took 0.201 seconds
[2026-05-14T19:45:55.487+0000] {processor.py:161} INFO - Started process (PID=4541) to work on /opt/airflow/dags/main.py
[2026-05-14T19:45:55.489+0000] {processor.py:830} INFO - Processing file /opt/airflow/dags/main.py for tasks to queue
[2026-05-14T19:45:55.492+0000] {logging_mixin.py:188} INFO - [2026-05-14T19:45:55.492+0000] {dagbag.py:545} INFO - Filling up the DagBag from /opt/airflow/dags/main.py
[2026-05-14T19:45:55.562+0000] {processor.py:840} INFO - DAG(s) 'produce_json' retrieved from /opt/airflow/dags/main.py
[2026-05-14T19:45:55.590+0000] {logging_mixin.py:188} INFO - [2026-05-14T19:45:55.589+0000] {dag.py:3096} INFO - Sync 1 DAGs
[2026-05-14T19:45:55.615+0000] {logging_mixin.py:188} INFO - [2026-05-14T19:45:55.615+0000] {dag.py:3954} INFO - Setting next_dagrun for produce_json to 2026-05-14 13:00:00+00:00, run_after=2026-05-15 13:00:00+00:00
[2026-05-14T19:45:55.639+0000] {processor.py:183} INFO - Processing /opt/airflow/dags/main.py took 0.163 seconds
[2026-05-14T19:46:25.866+0000] {processor.py:161} INFO - Started process (PID=4548) to work on /opt/airflow/dags/main.py
[2026-05-14T19:46:25.868+0000] {processor.py:830} INFO - Processing file /opt/airflow/dags/main.py for tasks to queue
[2026-05-14T19:46:25.870+0000] {logging_mixin.py:188} INFO - [2026-05-14T19:46:25.870+0000] {dagbag.py:545} INFO - Filling up the DagBag from /opt/airflow/dags/main.py
[2026-05-14T19:46:25.932+0000] {processor.py:840} INFO - DAG(s) 'produce_json' retrieved from /opt/airflow/dags/main.py
[2026-05-14T19:46:25.958+0000] {logging_mixin.py:188} INFO - [2026-05-14T19:46:25.957+0000] {dag.py:3096} INFO - Sync 1 DAGs
[2026-05-14T19:46:25.994+0000] {logging_mixin.py:188} INFO - [2026-05-14T19:46:25.994+0000] {dag.py:3954} INFO - Setting next_dagrun for produce_json to 2026-05-14 13:00:00+00:00, run_after=2026-05-15 13:00:00+00:00
[2026-05-14T19:46:26.038+0000] {processor.py:183} INFO - Processing /opt/airflow/dags/main.py took 0.179 seconds
[2026-05-14T19:46:56.250+0000] {processor.py:161} INFO - Started process (PID=4555) to work on /opt/airflow/dags/main.py
[2026-05-14T19:46:56.252+0000] {processor.py:830} INFO - Processing file /opt/airflow/dags/main.py for tasks to queue
[2026-05-14T19:46:56.256+0000] {logging_mixin.py:188} INFO - [2026-05-14T19:46:56.256+0000] {dagbag.py:545} INFO - Filling up the DagBag from /opt/airflow/dags/main.py
[2026-05-14T19:46:56.319+0000] {processor.py:840} INFO - DAG(s) 'produce_json' retrieved from /opt/airflow/dags/main.py
[2026-05-14T19:46:56.345+0000] {logging_mixin.py:188} INFO - [2026-05-14T19:46:56.344+0000] {dag.py:3096} INFO - Sync 1 DAGs
[2026-05-14T19:46:56.370+0000] {logging_mixin.py:188} INFO - [2026-05-14T19:46:56.369+0000] {dag.py:3954} INFO - Setting next_dagrun for produce_json to 2026-05-14 13:00:00+00:00, run_after=2026-05-15 13:00:00+00:00
[2026-05-14T19:46:56.444+0000] {processor.py:183} INFO - Processing /opt/airflow/dags/main.py took 0.201 seconds
[2026-05-14T19:47:26.651+0000] {processor.py:161} INFO - Started process (PID=4562) to work on /opt/airflow/dags/main.py
[2026-05-14T19:47:26.652+0000] {processor.py:830} INFO - Processing file /opt/airflow/dags/main.py for tasks to queue
[2026-05-14T19:47:26.654+0000] {logging_mixin.py:188} INFO - [2026-05-14T19:47:26.654+0000] {dagbag.py:545} INFO - Filling up the DagBag from /opt/airflow/dags/main.py
[2026-05-14T19:47:26.721+0000] {processor.py:840} INFO - DAG(s) 'produce_json' retrieved from /opt/airflow/dags/main.py
[2026-05-14T19:47:26.748+0000] {logging_mixin.py:188} INFO - [2026-05-14T19:47:26.748+0000] {dag.py:3096} INFO - Sync 1 DAGs
[2026-05-14T19:47:26.773+0000] {logging_mixin.py:188} INFO - [2026-05-14T19:47:26.773+0000] {dag.py:3954} INFO - Setting next_dagrun for produce_json to 2026-05-14 13:00:00+00:00, run_after=2026-05-15 13:00:00+00:00
[2026-05-14T19:47:26.846+0000] {processor.py:183} INFO - Processing /opt/airflow/dags/main.py took 0.203 seconds
[2026-05-14T19:47:57.036+0000] {processor.py:161} INFO - Started process (PID=4569) to work on /opt/airflow/dags/main.py
[2026-05-14T19:47:57.038+0000] {processor.py:830} INFO - Processing file /opt/airflow/dags/main.py for tasks to queue
[2026-05-14T19:47:57.040+0000] {logging_mixin.py:188} INFO - [2026-05-14T19:47:57.040+0000] {dagbag.py:545} INFO - Filling up the DagBag from /opt/airflow/dags/main.py
[2026-05-14T19:47:57.101+0000] {processor.py:840} INFO - DAG(s) 'produce_json' retrieved from /opt/airflow/dags/main.py
[2026-05-14T19:47:57.133+0000] {logging_mixin.py:188} INFO - [2026-05-14T19:47:57.133+0000] {dag.py:3096} INFO - Sync 1 DAGs
[2026-05-14T19:47:57.164+0000] {logging_mixin.py:188} INFO - [2026-05-14T19:47:57.164+0000] {dag.py:3954} INFO - Setting next_dagrun for produce_json to 2026-05-14 13:00:00+00:00, run_after=2026-05-15 13:00:00+00:00
[2026-05-14T19:47:57.187+0000] {processor.py:183} INFO - Processing /opt/airflow/dags/main.py took 0.158 seconds
[2026-05-14T19:48:27.656+0000] {processor.py:161} INFO - Started process (PID=4576) to work on /opt/airflow/dags/main.py
[2026-05-14T19:48:27.658+0000] {processor.py:830} INFO - Processing file /opt/airflow/dags/main.py for tasks to queue
[2026-05-14T19:48:27.662+0000] {logging_mixin.py:188} INFO - [2026-05-14T19:48:27.661+0000] {dagbag.py:545} INFO - Filling up the DagBag from /opt/airflow/dags/main.py
[2026-05-14T19:48:27.754+0000] {processor.py:840} INFO - DAG(s) 'produce_json' retrieved from /opt/airflow/dags/main.py
[2026-05-14T19:48:27.789+0000] {logging_mixin.py:188} INFO - [2026-05-14T19:48:27.788+0000] {dag.py:3096} INFO - Sync 1 DAGs
[2026-05-14T19:48:27.863+0000] {logging_mixin.py:188} INFO - [2026-05-14T19:48:27.863+0000] {dag.py:3954} INFO - Setting next_dagrun for produce_json to 2026-05-14 13:00:00+00:00, run_after=2026-05-15 13:00:00+00:00
[2026-05-14T19:48:27.912+0000] {processor.py:183} INFO - Processing /opt/airflow/dags/main.py took 0.262 seconds
[2026-05-14T19:48:58.264+0000] {processor.py:161} INFO - Started process (PID=4583) to work on /opt/airflow/dags/main.py
[2026-05-14T19:48:58.266+0000] {processor.py:830} INFO - Processing file /opt/airflow/dags/main.py for tasks to queue
[2026-05-14T19:48:58.268+0000] {logging_mixin.py:188} INFO - [2026-05-14T19:48:58.268+0000] {dagbag.py:545} INFO - Filling up the DagBag from /opt/airflow/dags/main.py
[2026-05-14T19:48:58.331+0000] {processor.py:840} INFO - DAG(s) 'produce_json' retrieved from /opt/airflow/dags/main.py
[2026-05-14T19:48:58.358+0000] {logging_mixin.py:188} INFO - [2026-05-14T19:48:58.358+0000] {dag.py:3096} INFO - Sync 1 DAGs
[2026-05-14T19:48:58.384+0000] {logging_mixin.py:188} INFO - [2026-05-14T19:48:58.384+0000] {dag.py:3954} INFO - Setting next_dagrun for produce_json to 2026-05-14 13:00:00+00:00, run_after=2026-05-15 13:00:00+00:00
[2026-05-14T19:48:58.457+0000] {processor.py:183} INFO - Processing /opt/airflow/dags/main.py took 0.200 seconds
[2026-05-14T19:49:28.574+0000] {processor.py:161} INFO - Started process (PID=4590) to work on /opt/airflow/dags/main.py
[2026-05-14T19:49:28.576+0000] {processor.py:830} INFO - Processing file /opt/airflow/dags/main.py for tasks to queue
[2026-05-14T19:49:28.578+0000] {logging_mixin.py:188} INFO - [2026-05-14T19:49:28.578+0000] {dagbag.py:545} INFO - Filling up the DagBag from /opt/airflow/dags/main.py
[2026-05-14T19:49:28.640+0000] {processor.py:840} INFO - DAG(s) 'produce_json' retrieved from /opt/airflow/dags/main.py
[2026-05-14T19:49:28.667+0000] {logging_mixin.py:188} INFO - [2026-05-14T19:49:28.667+0000] {dag.py:3096} INFO - Sync 1 DAGs
[2026-05-14T19:49:28.693+0000] {logging_mixin.py:188} INFO - [2026-05-14T19:49:28.692+0000] {dag.py:3954} INFO - Setting next_dagrun for produce_json to 2026-05-14 13:00:00+00:00, run_after=2026-05-15 13:00:00+00:00
[2026-05-14T19:49:28.716+0000] {processor.py:183} INFO - Processing /opt/airflow/dags/main.py took 0.149 seconds
[2026-05-14T19:49:58.922+0000] {processor.py:161} INFO - Started process (PID=4597) to work on /opt/airflow/dags/main.py
[2026-05-14T19:49:58.923+0000] {processor.py:830} INFO - Processing file /opt/airflow/dags/main.py for tasks to queue
[2026-05-14T19:49:58.926+0000] {logging_mixin.py:188} INFO - [2026-05-14T19:49:58.926+0000] {dagbag.py:545} INFO - Filling up the DagBag from /opt/airflow/dags/main.py
[2026-05-14T19:49:58.990+0000] {processor.py:840} INFO - DAG(s) 'produce_json' retrieved from /opt/airflow/dags/main.py
[2026-05-14T19:49:59.014+0000] {logging_mixin.py:188} INFO - [2026-05-14T19:49:59.014+0000] {dag.py:3096} INFO - Sync 1 DAGs
[2026-05-14T19:49:59.041+0000] {logging_mixin.py:188} INFO - [2026-05-14T19:49:59.040+0000] {dag.py:3954} INFO - Setting next_dagrun for produce_json to 2026-05-14 13:00:00+00:00, run_after=2026-05-15 13:00:00+00:00
[2026-05-14T19:49:59.112+0000] {processor.py:183} INFO - Processing /opt/airflow/dags/main.py took 0.198 seconds
[2026-05-14T19:50:29.300+0000] {processor.py:161} INFO - Started process (PID=4604) to work on /opt/airflow/dags/main.py
[2026-05-14T19:50:29.302+0000] {processor.py:830} INFO - Processing file /opt/airflow/dags/main.py for tasks to queue
[2026-05-14T19:50:29.304+0000] {logging_mixin.py:188} INFO - [2026-05-14T19:50:29.304+0000] {dagbag.py:545} INFO - Filling up the DagBag from /opt/airflow/dags/main.py
[2026-05-14T19:50:29.374+0000] {processor.py:840} INFO - DAG(s) 'produce_json' retrieved from /opt/airflow/dags/main.py
[2026-05-14T19:50:29.400+0000] {logging_mixin.py:188} INFO - [2026-05-14T19:50:29.400+0000] {dag.py:3096} INFO - Sync 1 DAGs
[2026-05-14T19:50:29.427+0000] {logging_mixin.py:188} INFO - [2026-05-14T19:50:29.427+0000] {dag.py:3954} INFO - Setting next_dagrun for produce_json to 2026-05-14 13:00:00+00:00, run_after=2026-05-15 13:00:00+00:00
[2026-05-14T19:50:29.509+0000] {processor.py:183} INFO - Processing /opt/airflow/dags/main.py took 0.218 seconds
[2026-05-14T19:50:59.704+0000] {processor.py:161} INFO - Started process (PID=4611) to work on /opt/airflow/dags/main.py
[2026-05-14T19:50:59.706+0000] {processor.py:830} INFO - Processing file /opt/airflow/dags/main.py for tasks to queue
[2026-05-14T19:50:59.708+0000] {logging_mixin.py:188} INFO - [2026-05-14T19:50:59.708+0000] {dagbag.py:545} INFO - Filling up the DagBag from /opt/airflow/dags/main.py
[2026-05-14T19:50:59.767+0000] {processor.py:840} INFO - DAG(s) 'produce_json' retrieved from /opt/airflow/dags/main.py
[2026-05-14T19:50:59.793+0000] {logging_mixin.py:188} INFO - [2026-05-14T19:50:59.792+0000] {dag.py:3096} INFO - Sync 1 DAGs
[2026-05-14T19:50:59.819+0000] {logging_mixin.py:188} INFO - [2026-05-14T19:50:59.819+0000] {dag.py:3954} INFO - Setting next_dagrun for produce_json to 2026-05-14 13:00:00+00:00, run_after=2026-05-15 13:00:00+00:00
[2026-05-14T19:50:59.891+0000] {processor.py:183} INFO - Processing /opt/airflow/dags/main.py took 0.194 seconds
[2026-05-14T19:51:30.135+0000] {processor.py:161} INFO - Started process (PID=4618) to work on /opt/airflow/dags/main.py
[2026-05-14T19:51:30.137+0000] {processor.py:830} INFO - Processing file /opt/airflow/dags/main.py for tasks to queue
[2026-05-14T19:51:30.141+0000] {logging_mixin.py:188} INFO - [2026-05-14T19:51:30.140+0000] {dagbag.py:545} INFO - Filling up the DagBag from /opt/airflow/dags/main.py
[2026-05-14T19:51:30.231+0000] {processor.py:840} INFO - DAG(s) 'produce_json' retrieved from /opt/airflow/dags/main.py
[2026-05-14T19:51:30.260+0000] {logging_mixin.py:188} INFO - [2026-05-14T19:51:30.259+0000] {dag.py:3096} INFO - Sync 1 DAGs
[2026-05-14T19:51:30.287+0000] {logging_mixin.py:188} INFO - [2026-05-14T19:51:30.287+0000] {dag.py:3954} INFO - Setting next_dagrun for produce_json to 2026-05-14 13:00:00+00:00, run_after=2026-05-15 13:00:00+00:00
[2026-05-14T19:51:30.370+0000] {processor.py:183} INFO - Processing /opt/airflow/dags/main.py took 0.244 seconds
[2026-05-14T19:52:00.474+0000] {processor.py:161} INFO - Started process (PID=4625) to work on /opt/airflow/dags/main.py
[2026-05-14T19:52:00.476+0000] {processor.py:830} INFO - Processing file /opt/airflow/dags/main.py for tasks to queue
[2026-05-14T19:52:00.479+0000] {logging_mixin.py:188} INFO - [2026-05-14T19:52:00.478+0000] {dagbag.py:545} INFO - Filling up the DagBag from /opt/airflow/dags/main.py
[2026-05-14T19:52:00.538+0000] {processor.py:840} INFO - DAG(s) 'produce_json' retrieved from /opt/airflow/dags/main.py
[2026-05-14T19:52:00.562+0000] {logging_mixin.py:188} INFO - [2026-05-14T19:52:00.562+0000] {dag.py:3096} INFO - Sync 1 DAGs
[2026-05-14T19:52:00.587+0000] {logging_mixin.py:188} INFO - [2026-05-14T19:52:00.587+0000] {dag.py:3954} INFO - Setting next_dagrun for produce_json to 2026-05-14 13:00:00+00:00, run_after=2026-05-15 13:00:00+00:00
[2026-05-14T19:52:00.657+0000] {processor.py:183} INFO - Processing /opt/airflow/dags/main.py took 0.189 seconds
[2026-05-14T19:52:31.010+0000] {processor.py:161} INFO - Started process (PID=4632) to work on /opt/airflow/dags/main.py
[2026-05-14T19:52:31.011+0000] {processor.py:830} INFO - Processing file /opt/airflow/dags/main.py for tasks to queue
[2026-05-14T19:52:31.014+0000] {logging_mixin.py:188} INFO - [2026-05-14T19:52:31.013+0000] {dagbag.py:545} INFO - Filling up the DagBag from /opt/airflow/dags/main.py
[2026-05-14T19:52:31.079+0000] {processor.py:840} INFO - DAG(s) 'produce_json' retrieved from /opt/airflow/dags/main.py
[2026-05-14T19:52:31.102+0000] {logging_mixin.py:188} INFO - [2026-05-14T19:52:31.102+0000] {dag.py:3096} INFO - Sync 1 DAGs
[2026-05-14T19:52:31.131+0000] {logging_mixin.py:188} INFO - [2026-05-14T19:52:31.130+0000] {dag.py:3954} INFO - Setting next_dagrun for produce_json to 2026-05-14 13:00:00+00:00, run_after=2026-05-15 13:00:00+00:00
[2026-05-14T19:52:31.166+0000] {processor.py:183} INFO - Processing /opt/airflow/dags/main.py took 0.162 seconds
[2026-05-14T19:53:01.337+0000] {processor.py:161} INFO - Started process (PID=4639) to work on /opt/airflow/dags/main.py
[2026-05-14T19:53:01.340+0000] {processor.py:830} INFO - Processing file /opt/airflow/dags/main.py for tasks to queue
[2026-05-14T19:53:01.345+0000] {logging_mixin.py:188} INFO - [2026-05-14T19:53:01.345+0000] {dagbag.py:545} INFO - Filling up the DagBag from /opt/airflow/dags/main.py
[2026-05-14T19:53:01.447+0000] {processor.py:840} INFO - DAG(s) 'produce_json' retrieved from /opt/airflow/dags/main.py
[2026-05-14T19:53:01.483+0000] {logging_mixin.py:188} INFO - [2026-05-14T19:53:01.482+0000] {dag.py:3096} INFO - Sync 1 DAGs
[2026-05-14T19:53:01.521+0000] {logging_mixin.py:188} INFO - [2026-05-14T19:53:01.521+0000] {dag.py:3954} INFO - Setting next_dagrun for produce_json to 2026-05-14 13:00:00+00:00, run_after=2026-05-15 13:00:00+00:00
[2026-05-14T19:53:01.593+0000] {processor.py:183} INFO - Processing /opt/airflow/dags/main.py took 0.269 seconds
[2026-05-14T19:53:31.949+0000] {processor.py:161} INFO - Started process (PID=4646) to work on /opt/airflow/dags/main.py
[2026-05-14T19:53:31.952+0000] {processor.py:830} INFO - Processing file /opt/airflow/dags/main.py for tasks to queue
[2026-05-14T19:53:31.956+0000] {logging_mixin.py:188} INFO - [2026-05-14T19:53:31.956+0000] {dagbag.py:545} INFO - Filling up the DagBag from /opt/airflow/dags/main.py
[2026-05-14T19:53:32.056+0000] {processor.py:840} INFO - DAG(s) 'produce_json' retrieved from /opt/airflow/dags/main.py
[2026-05-14T19:53:32.088+0000] {logging_mixin.py:188} INFO - [2026-05-14T19:53:32.088+0000] {dag.py:3096} INFO - Sync 1 DAGs
[2026-05-14T19:53:32.121+0000] {logging_mixin.py:188} INFO - [2026-05-14T19:53:32.121+0000] {dag.py:3954} INFO - Setting next_dagrun for produce_json to 2026-05-14 13:00:00+00:00, run_after=2026-05-15 13:00:00+00:00
[2026-05-14T19:53:32.162+0000] {processor.py:183} INFO - Processing /opt/airflow/dags/main.py took 0.222 seconds
[2026-05-14T19:54:02.276+0000] {processor.py:161} INFO - Started process (PID=4653) to work on /opt/airflow/dags/main.py
[2026-05-14T19:54:02.278+0000] {processor.py:830} INFO - Processing file /opt/airflow/dags/main.py for tasks to queue
[2026-05-14T19:54:02.280+0000] {logging_mixin.py:188} INFO - [2026-05-14T19:54:02.280+0000] {dagbag.py:545} INFO - Filling up the DagBag from /opt/airflow/dags/main.py
[2026-05-14T19:54:02.342+0000] {processor.py:840} INFO - DAG(s) 'produce_json' retrieved from /opt/airflow/dags/main.py
[2026-05-14T19:54:02.366+0000] {logging_mixin.py:188} INFO - [2026-05-14T19:54:02.366+0000] {dag.py:3096} INFO - Sync 1 DAGs
[2026-05-14T19:54:02.393+0000] {logging_mixin.py:188} INFO - [2026-05-14T19:54:02.393+0000] {dag.py:3954} INFO - Setting next_dagrun for produce_json to 2026-05-14 13:00:00+00:00, run_after=2026-05-15 13:00:00+00:00
[2026-05-14T19:54:02.458+0000] {processor.py:183} INFO - Processing /opt/airflow/dags/main.py took 0.189 seconds
[2026-05-14T19:54:32.797+0000] {processor.py:161} INFO - Started process (PID=4660) to work on /opt/airflow/dags/main.py
[2026-05-14T19:54:32.799+0000] {processor.py:830} INFO - Processing file /opt/airflow/dags/main.py for tasks to queue
[2026-05-14T19:54:32.801+0000] {logging_mixin.py:188} INFO - [2026-05-14T19:54:32.801+0000] {dagbag.py:545} INFO - Filling up the DagBag from /opt/airflow/dags/main.py
[2026-05-14T19:54:32.866+0000] {processor.py:840} INFO - DAG(s) 'produce_json' retrieved from /opt/airflow/dags/main.py
[2026-05-14T19:54:32.896+0000] {logging_mixin.py:188} INFO - [2026-05-14T19:54:32.895+0000] {dag.py:3096} INFO - Sync 1 DAGs
[2026-05-14T19:54:32.930+0000] {logging_mixin.py:188} INFO - [2026-05-14T19:54:32.929+0000] {dag.py:3954} INFO - Setting next_dagrun for produce_json to 2026-05-14 13:00:00+00:00, run_after=2026-05-15 13:00:00+00:00
[2026-05-14T19:54:32.953+0000] {processor.py:183} INFO - Processing /opt/airflow/dags/main.py took 0.164 seconds
[2026-05-14T19:55:03.133+0000] {processor.py:161} INFO - Started process (PID=4666) to work on /opt/airflow/dags/main.py
[2026-05-14T19:55:03.135+0000] {processor.py:830} INFO - Processing file /opt/airflow/dags/main.py for tasks to queue
[2026-05-14T19:55:03.138+0000] {logging_mixin.py:188} INFO - [2026-05-14T19:55:03.138+0000] {dagbag.py:545} INFO - Filling up the DagBag from /opt/airflow/dags/main.py
[2026-05-14T19:55:03.233+0000] {processor.py:840} INFO - DAG(s) 'produce_json' retrieved from /opt/airflow/dags/main.py
[2026-05-14T19:55:03.260+0000] {logging_mixin.py:188} INFO - [2026-05-14T19:55:03.259+0000] {dag.py:3096} INFO - Sync 1 DAGs
[2026-05-14T19:55:03.290+0000] {logging_mixin.py:188} INFO - [2026-05-14T19:55:03.290+0000] {dag.py:3954} INFO - Setting next_dagrun for produce_json to 2026-05-14 13:00:00+00:00, run_after=2026-05-15 13:00:00+00:00
[2026-05-14T19:55:03.333+0000] {processor.py:183} INFO - Processing /opt/airflow/dags/main.py took 0.211 seconds
[2026-05-14T19:55:33.568+0000] {processor.py:161} INFO - Started process (PID=4673) to work on /opt/airflow/dags/main.py
[2026-05-14T19:55:33.570+0000] {processor.py:830} INFO - Processing file /opt/airflow/dags/main.py for tasks to queue
[2026-05-14T19:55:33.574+0000] {logging_mixin.py:188} INFO - [2026-05-14T19:55:33.573+0000] {dagbag.py:545} INFO - Filling up the DagBag from /opt/airflow/dags/main.py
[2026-05-14T19:55:33.671+0000] {processor.py:840} INFO - DAG(s) 'produce_json' retrieved from /opt/airflow/dags/main.py
[2026-05-14T19:55:33.706+0000] {logging_mixin.py:188} INFO - [2026-05-14T19:55:33.706+0000] {dag.py:3096} INFO - Sync 1 DAGs
[2026-05-14T19:55:33.743+0000] {logging_mixin.py:188} INFO - [2026-05-14T19:55:33.743+0000] {dag.py:3954} INFO - Setting next_dagrun for produce_json to 2026-05-14 13:00:00+00:00, run_after=2026-05-15 13:00:00+00:00
[2026-05-14T19:55:33.818+0000] {processor.py:183} INFO - Processing /opt/airflow/dags/main.py took 0.261 seconds
[2026-05-14T19:56:03.956+0000] {processor.py:161} INFO - Started process (PID=4680) to work on /opt/airflow/dags/main.py
[2026-05-14T19:56:03.959+0000] {processor.py:830} INFO - Processing file /opt/airflow/dags/main.py for tasks to queue
[2026-05-14T19:56:03.962+0000] {logging_mixin.py:188} INFO - [2026-05-14T19:56:03.962+0000] {dagbag.py:545} INFO - Filling up the DagBag from /opt/airflow/dags/main.py
[2026-05-14T19:56:04.055+0000] {processor.py:840} INFO - DAG(s) 'produce_json' retrieved from /opt/airflow/dags/main.py
[2026-05-14T19:56:04.080+0000] {logging_mixin.py:188} INFO - [2026-05-14T19:56:04.079+0000] {dag.py:3096} INFO - Sync 1 DAGs
[2026-05-14T19:56:04.105+0000] {logging_mixin.py:188} INFO - [2026-05-14T19:56:04.105+0000] {dag.py:3954} INFO - Setting next_dagrun for produce_json to 2026-05-14 13:00:00+00:00, run_after=2026-05-15 13:00:00+00:00
[2026-05-14T19:56:04.137+0000] {processor.py:183} INFO - Processing /opt/airflow/dags/main.py took 0.194 seconds
[2026-05-14T19:56:34.417+0000] {processor.py:161} INFO - Started process (PID=4687) to work on /opt/airflow/dags/main.py
[2026-05-14T19:56:34.419+0000] {processor.py:830} INFO - Processing file /opt/airflow/dags/main.py for tasks to queue
[2026-05-14T19:56:34.422+0000] {logging_mixin.py:188} INFO - [2026-05-14T19:56:34.422+0000] {dagbag.py:545} INFO - Filling up the DagBag from /opt/airflow/dags/main.py
[2026-05-14T19:56:34.513+0000] {processor.py:840} INFO - DAG(s) 'produce_json' retrieved from /opt/airflow/dags/main.py
[2026-05-14T19:56:34.542+0000] {logging_mixin.py:188} INFO - [2026-05-14T19:56:34.541+0000] {dag.py:3096} INFO - Sync 1 DAGs
[2026-05-14T19:56:34.573+0000] {logging_mixin.py:188} INFO - [2026-05-14T19:56:34.573+0000] {dag.py:3954} INFO - Setting next_dagrun for produce_json to 2026-05-14 13:00:00+00:00, run_after=2026-05-15 13:00:00+00:00
[2026-05-14T19:56:34.654+0000] {processor.py:183} INFO - Processing /opt/airflow/dags/main.py took 0.245 seconds
[2026-05-14T19:57:04.991+0000] {processor.py:161} INFO - Started process (PID=4694) to work on /opt/airflow/dags/main.py
[2026-05-14T19:57:04.992+0000] {processor.py:830} INFO - Processing file /opt/airflow/dags/main.py for tasks to queue
[2026-05-14T19:57:04.995+0000] {logging_mixin.py:188} INFO - [2026-05-14T19:57:04.994+0000] {dagbag.py:545} INFO - Filling up the DagBag from /opt/airflow/dags/main.py
[2026-05-14T19:57:05.055+0000] {processor.py:840} INFO - DAG(s) 'produce_json' retrieved from /opt/airflow/dags/main.py
[2026-05-14T19:57:05.078+0000] {logging_mixin.py:188} INFO - [2026-05-14T19:57:05.078+0000] {dag.py:3096} INFO - Sync 1 DAGs
[2026-05-14T19:57:05.115+0000] {logging_mixin.py:188} INFO - [2026-05-14T19:57:05.114+0000] {dag.py:3954} INFO - Setting next_dagrun for produce_json to 2026-05-14 13:00:00+00:00, run_after=2026-05-15 13:00:00+00:00
[2026-05-14T19:57:05.185+0000] {processor.py:183} INFO - Processing /opt/airflow/dags/main.py took 0.202 seconds
[2026-05-14T19:57:35.318+0000] {processor.py:161} INFO - Started process (PID=4701) to work on /opt/airflow/dags/main.py
[2026-05-14T19:57:35.321+0000] {processor.py:830} INFO - Processing file /opt/airflow/dags/main.py for tasks to queue
[2026-05-14T19:57:35.327+0000] {logging_mixin.py:188} INFO - [2026-05-14T19:57:35.326+0000] {dagbag.py:545} INFO - Filling up the DagBag from /opt/airflow/dags/main.py
[2026-05-14T19:57:35.410+0000] {processor.py:840} INFO - DAG(s) 'produce_json' retrieved from /opt/airflow/dags/main.py
[2026-05-14T19:57:35.439+0000] {logging_mixin.py:188} INFO - [2026-05-14T19:57:35.439+0000] {dag.py:3096} INFO - Sync 1 DAGs
[2026-05-14T19:57:35.473+0000] {logging_mixin.py:188} INFO - [2026-05-14T19:57:35.473+0000] {dag.py:3954} INFO - Setting next_dagrun for produce_json to 2026-05-14 13:00:00+00:00, run_after=2026-05-15 13:00:00+00:00
[2026-05-14T19:57:35.554+0000] {processor.py:183} INFO - Processing /opt/airflow/dags/main.py took 0.243 seconds
[2026-05-14T19:58:05.972+0000] {processor.py:161} INFO - Started process (PID=4708) to work on /opt/airflow/dags/main.py
[2026-05-14T19:58:05.974+0000] {processor.py:830} INFO - Processing file /opt/airflow/dags/main.py for tasks to queue
[2026-05-14T19:58:05.977+0000] {logging_mixin.py:188} INFO - [2026-05-14T19:58:05.976+0000] {dagbag.py:545} INFO - Filling up the DagBag from /opt/airflow/dags/main.py
[2026-05-14T19:58:06.044+0000] {processor.py:840} INFO - DAG(s) 'produce_json' retrieved from /opt/airflow/dags/main.py
[2026-05-14T19:58:06.074+0000] {logging_mixin.py:188} INFO - [2026-05-14T19:58:06.074+0000] {dag.py:3096} INFO - Sync 1 DAGs
[2026-05-14T19:58:06.100+0000] {logging_mixin.py:188} INFO - [2026-05-14T19:58:06.100+0000] {dag.py:3954} INFO - Setting next_dagrun for produce_json to 2026-05-14 13:00:00+00:00, run_after=2026-05-15 13:00:00+00:00
[2026-05-14T19:58:06.124+0000] {processor.py:183} INFO - Processing /opt/airflow/dags/main.py took 0.158 seconds
[2026-05-14T19:58:36.313+0000] {processor.py:161} INFO - Started process (PID=4715) to work on /opt/airflow/dags/main.py
[2026-05-14T19:58:36.315+0000] {processor.py:830} INFO - Processing file /opt/airflow/dags/main.py for tasks to queue
[2026-05-14T19:58:36.318+0000] {logging_mixin.py:188} INFO - [2026-05-14T19:58:36.318+0000] {dagbag.py:545} INFO - Filling up the DagBag from /opt/airflow/dags/main.py
[2026-05-14T19:58:36.414+0000] {processor.py:840} INFO - DAG(s) 'produce_json' retrieved from /opt/airflow/dags/main.py
[2026-05-14T19:58:36.450+0000] {logging_mixin.py:188} INFO - [2026-05-14T19:58:36.449+0000] {dag.py:3096} INFO - Sync 1 DAGs
[2026-05-14T19:58:36.486+0000] {logging_mixin.py:188} INFO - [2026-05-14T19:58:36.486+0000] {dag.py:3954} INFO - Setting next_dagrun for produce_json to 2026-05-14 13:00:00+00:00, run_after=2026-05-15 13:00:00+00:00
[2026-05-14T19:58:36.575+0000] {processor.py:183} INFO - Processing /opt/airflow/dags/main.py took 0.270 seconds
[2026-05-14T19:59:06.688+0000] {processor.py:161} INFO - Started process (PID=4722) to work on /opt/airflow/dags/main.py
[2026-05-14T19:59:06.689+0000] {processor.py:830} INFO - Processing file /opt/airflow/dags/main.py for tasks to queue
[2026-05-14T19:59:06.691+0000] {logging_mixin.py:188} INFO - [2026-05-14T19:59:06.691+0000] {dagbag.py:545} INFO - Filling up the DagBag from /opt/airflow/dags/main.py
[2026-05-14T19:59:06.764+0000] {processor.py:840} INFO - DAG(s) 'produce_json' retrieved from /opt/airflow/dags/main.py
[2026-05-14T19:59:06.792+0000] {logging_mixin.py:188} INFO - [2026-05-14T19:59:06.792+0000] {dag.py:3096} INFO - Sync 1 DAGs
[2026-05-14T19:59:06.826+0000] {logging_mixin.py:188} INFO - [2026-05-14T19:59:06.826+0000] {dag.py:3954} INFO - Setting next_dagrun for produce_json to 2026-05-14 13:00:00+00:00, run_after=2026-05-15 13:00:00+00:00
[2026-05-14T19:59:06.856+0000] {processor.py:183} INFO - Processing /opt/airflow/dags/main.py took 0.177 seconds
[2026-05-14T19:59:37.009+0000] {processor.py:161} INFO - Started process (PID=4729) to work on /opt/airflow/dags/main.py
[2026-05-14T19:59:37.011+0000] {processor.py:830} INFO - Processing file /opt/airflow/dags/main.py for tasks to queue
[2026-05-14T19:59:37.015+0000] {logging_mixin.py:188} INFO - [2026-05-14T19:59:37.014+0000] {dagbag.py:545} INFO - Filling up the DagBag from /opt/airflow/dags/main.py
[2026-05-14T19:59:37.125+0000] {processor.py:840} INFO - DAG(s) 'produce_json' retrieved from /opt/airflow/dags/main.py
[2026-05-14T19:59:37.149+0000] {logging_mixin.py:188} INFO - [2026-05-14T19:59:37.148+0000] {dag.py:3096} INFO - Sync 1 DAGs
[2026-05-14T19:59:37.177+0000] {logging_mixin.py:188} INFO - [2026-05-14T19:59:37.176+0000] {dag.py:3954} INFO - Setting next_dagrun for produce_json to 2026-05-14 13:00:00+00:00, run_after=2026-05-15 13:00:00+00:00
[2026-05-14T19:59:37.261+0000] {processor.py:183} INFO - Processing /opt/airflow/dags/main.py took 0.260 seconds
[2026-05-14T20:00:07.434+0000] {processor.py:161} INFO - Started process (PID=4736) to work on /opt/airflow/dags/main.py
[2026-05-14T20:00:07.436+0000] {processor.py:830} INFO - Processing file /opt/airflow/dags/main.py for tasks to queue
[2026-05-14T20:00:07.438+0000] {logging_mixin.py:188} INFO - [2026-05-14T20:00:07.438+0000] {dagbag.py:545} INFO - Filling up the DagBag from /opt/airflow/dags/main.py
[2026-05-14T20:00:07.498+0000] {processor.py:840} INFO - DAG(s) 'produce_json' retrieved from /opt/airflow/dags/main.py
[2026-05-14T20:00:07.525+0000] {logging_mixin.py:188} INFO - [2026-05-14T20:00:07.525+0000] {dag.py:3096} INFO - Sync 1 DAGs
[2026-05-14T20:00:07.547+0000] {logging_mixin.py:188} INFO - [2026-05-14T20:00:07.547+0000] {dag.py:3954} INFO - Setting next_dagrun for produce_json to 2026-05-14 13:00:00+00:00, run_after=2026-05-15 13:00:00+00:00
[2026-05-14T20:00:07.617+0000] {processor.py:183} INFO - Processing /opt/airflow/dags/main.py took 0.190 seconds
[2026-05-14T20:00:37.872+0000] {processor.py:161} INFO - Started process (PID=4743) to work on /opt/airflow/dags/main.py
[2026-05-14T20:00:37.874+0000] {processor.py:830} INFO - Processing file /opt/airflow/dags/main.py for tasks to queue
[2026-05-14T20:00:37.876+0000] {logging_mixin.py:188} INFO - [2026-05-14T20:00:37.875+0000] {dagbag.py:545} INFO - Filling up the DagBag from /opt/airflow/dags/main.py
[2026-05-14T20:00:37.936+0000] {processor.py:840} INFO - DAG(s) 'produce_json' retrieved from /opt/airflow/dags/main.py
[2026-05-14T20:00:37.959+0000] {logging_mixin.py:188} INFO - [2026-05-14T20:00:37.959+0000] {dag.py:3096} INFO - Sync 1 DAGs
[2026-05-14T20:00:37.982+0000] {logging_mixin.py:188} INFO - [2026-05-14T20:00:37.981+0000] {dag.py:3954} INFO - Setting next_dagrun for produce_json to 2026-05-14 13:00:00+00:00, run_after=2026-05-15 13:00:00+00:00
[2026-05-14T20:00:38.050+0000] {processor.py:183} INFO - Processing /opt/airflow/dags/main.py took 0.185 seconds
[2026-05-14T20:01:08.203+0000] {processor.py:161} INFO - Started process (PID=4750) to work on /opt/airflow/dags/main.py
[2026-05-14T20:01:08.205+0000] {processor.py:830} INFO - Processing file /opt/airflow/dags/main.py for tasks to queue
[2026-05-14T20:01:08.210+0000] {logging_mixin.py:188} INFO - [2026-05-14T20:01:08.208+0000] {dagbag.py:545} INFO - Filling up the DagBag from /opt/airflow/dags/main.py
[2026-05-14T20:01:08.302+0000] {processor.py:840} INFO - DAG(s) 'produce_json' retrieved from /opt/airflow/dags/main.py
[2026-05-14T20:01:08.335+0000] {logging_mixin.py:188} INFO - [2026-05-14T20:01:08.335+0000] {dag.py:3096} INFO - Sync 1 DAGs
[2026-05-14T20:01:08.368+0000] {logging_mixin.py:188} INFO - [2026-05-14T20:01:08.368+0000] {dag.py:3954} INFO - Setting next_dagrun for produce_json to 2026-05-14 13:00:00+00:00, run_after=2026-05-15 13:00:00+00:00
[2026-05-14T20:01:08.394+0000] {processor.py:183} INFO - Processing /opt/airflow/dags/main.py took 0.201 seconds
[2026-05-14T20:01:38.725+0000] {processor.py:161} INFO - Started process (PID=4757) to work on /opt/airflow/dags/main.py
[2026-05-14T20:01:38.727+0000] {processor.py:830} INFO - Processing file /opt/airflow/dags/main.py for tasks to queue
[2026-05-14T20:01:38.731+0000] {logging_mixin.py:188} INFO - [2026-05-14T20:01:38.731+0000] {dagbag.py:545} INFO - Filling up the DagBag from /opt/airflow/dags/main.py
[2026-05-14T20:01:38.836+0000] {processor.py:840} INFO - DAG(s) 'produce_json' retrieved from /opt/airflow/dags/main.py
[2026-05-14T20:01:38.870+0000] {logging_mixin.py:188} INFO - [2026-05-14T20:01:38.870+0000] {dag.py:3096} INFO - Sync 1 DAGs
[2026-05-14T20:01:38.906+0000] {logging_mixin.py:188} INFO - [2026-05-14T20:01:38.906+0000] {dag.py:3954} INFO - Setting next_dagrun for produce_json to 2026-05-14 13:00:00+00:00, run_after=2026-05-15 13:00:00+00:00
[2026-05-14T20:01:38.997+0000] {processor.py:183} INFO - Processing /opt/airflow/dags/main.py took 0.281 seconds
[2026-05-14T20:02:09.337+0000] {processor.py:161} INFO - Started process (PID=4764) to work on /opt/airflow/dags/main.py
[2026-05-14T20:02:09.342+0000] {processor.py:830} INFO - Processing file /opt/airflow/dags/main.py for tasks to queue
[2026-05-14T20:02:09.349+0000] {logging_mixin.py:188} INFO - [2026-05-14T20:02:09.348+0000] {dagbag.py:545} INFO - Filling up the DagBag from /opt/airflow/dags/main.py
[2026-05-14T20:02:09.444+0000] {processor.py:840} INFO - DAG(s) 'produce_json' retrieved from /opt/airflow/dags/main.py
[2026-05-14T20:02:09.474+0000] {logging_mixin.py:188} INFO - [2026-05-14T20:02:09.474+0000] {dag.py:3096} INFO - Sync 1 DAGs
[2026-05-14T20:02:09.503+0000] {logging_mixin.py:188} INFO - [2026-05-14T20:02:09.503+0000] {dag.py:3954} INFO - Setting next_dagrun for produce_json to 2026-05-14 13:00:00+00:00, run_after=2026-05-15 13:00:00+00:00
[2026-05-14T20:02:09.585+0000] {processor.py:183} INFO - Processing /opt/airflow/dags/main.py took 0.265 seconds
[2026-05-14T20:02:39.933+0000] {processor.py:161} INFO - Started process (PID=4771) to work on /opt/airflow/dags/main.py
[2026-05-14T20:02:39.934+0000] {processor.py:830} INFO - Processing file /opt/airflow/dags/main.py for tasks to queue
[2026-05-14T20:02:39.937+0000] {logging_mixin.py:188} INFO - [2026-05-14T20:02:39.936+0000] {dagbag.py:545} INFO - Filling up the DagBag from /opt/airflow/dags/main.py
[2026-05-14T20:02:40.001+0000] {processor.py:840} INFO - DAG(s) 'produce_json' retrieved from /opt/airflow/dags/main.py
[2026-05-14T20:02:40.029+0000] {logging_mixin.py:188} INFO - [2026-05-14T20:02:40.029+0000] {dag.py:3096} INFO - Sync 1 DAGs
[2026-05-14T20:02:40.056+0000] {logging_mixin.py:188} INFO - [2026-05-14T20:02:40.055+0000] {dag.py:3954} INFO - Setting next_dagrun for produce_json to 2026-05-14 13:00:00+00:00, run_after=2026-05-15 13:00:00+00:00
[2026-05-14T20:02:40.122+0000] {processor.py:183} INFO - Processing /opt/airflow/dags/main.py took 0.197 seconds
[2026-05-14T20:03:10.388+0000] {processor.py:161} INFO - Started process (PID=4778) to work on /opt/airflow/dags/main.py
[2026-05-14T20:03:10.390+0000] {processor.py:830} INFO - Processing file /opt/airflow/dags/main.py for tasks to queue
[2026-05-14T20:03:10.393+0000] {logging_mixin.py:188} INFO - [2026-05-14T20:03:10.392+0000] {dagbag.py:545} INFO - Filling up the DagBag from /opt/airflow/dags/main.py
[2026-05-14T20:03:10.464+0000] {processor.py:840} INFO - DAG(s) 'produce_json' retrieved from /opt/airflow/dags/main.py
[2026-05-14T20:03:10.500+0000] {logging_mixin.py:188} INFO - [2026-05-14T20:03:10.500+0000] {dag.py:3096} INFO - Sync 1 DAGs
[2026-05-14T20:03:10.527+0000] {logging_mixin.py:188} INFO - [2026-05-14T20:03:10.527+0000] {dag.py:3954} INFO - Setting next_dagrun for produce_json to 2026-05-14 13:00:00+00:00, run_after=2026-05-15 13:00:00+00:00
[2026-05-14T20:03:10.551+0000] {processor.py:183} INFO - Processing /opt/airflow/dags/main.py took 0.172 seconds
[2026-05-14T20:03:40.724+0000] {processor.py:161} INFO - Started process (PID=4785) to work on /opt/airflow/dags/main.py
[2026-05-14T20:03:40.726+0000] {processor.py:830} INFO - Processing file /opt/airflow/dags/main.py for tasks to queue
[2026-05-14T20:03:40.728+0000] {logging_mixin.py:188} INFO - [2026-05-14T20:03:40.728+0000] {dagbag.py:545} INFO - Filling up the DagBag from /opt/airflow/dags/main.py
[2026-05-14T20:03:40.792+0000] {processor.py:840} INFO - DAG(s) 'produce_json' retrieved from /opt/airflow/dags/main.py
[2026-05-14T20:03:40.824+0000] {logging_mixin.py:188} INFO - [2026-05-14T20:03:40.824+0000] {dag.py:3096} INFO - Sync 1 DAGs
[2026-05-14T20:03:40.850+0000] {logging_mixin.py:188} INFO - [2026-05-14T20:03:40.850+0000] {dag.py:3954} INFO - Setting next_dagrun for produce_json to 2026-05-14 13:00:00+00:00, run_after=2026-05-15 13:00:00+00:00
[2026-05-14T20:03:40.919+0000] {processor.py:183} INFO - Processing /opt/airflow/dags/main.py took 0.203 seconds
[2026-05-14T20:04:11.148+0000] {processor.py:161} INFO - Started process (PID=4791) to work on /opt/airflow/dags/main.py
[2026-05-14T20:04:11.151+0000] {processor.py:830} INFO - Processing file /opt/airflow/dags/main.py for tasks to queue
[2026-05-14T20:04:11.156+0000] {logging_mixin.py:188} INFO - [2026-05-14T20:04:11.155+0000] {dagbag.py:545} INFO - Filling up the DagBag from /opt/airflow/dags/main.py
[2026-05-14T20:04:11.241+0000] {processor.py:840} INFO - DAG(s) 'produce_json' retrieved from /opt/airflow/dags/main.py
[2026-05-14T20:04:11.270+0000] {logging_mixin.py:188} INFO - [2026-05-14T20:04:11.269+0000] {dag.py:3096} INFO - Sync 1 DAGs
[2026-05-14T20:04:11.305+0000] {logging_mixin.py:188} INFO - [2026-05-14T20:04:11.305+0000] {dag.py:3954} INFO - Setting next_dagrun for produce_json to 2026-05-14 13:00:00+00:00, run_after=2026-05-15 13:00:00+00:00
[2026-05-14T20:04:11.346+0000] {processor.py:183} INFO - Processing /opt/airflow/dags/main.py took 0.207 seconds
[2026-05-14T20:04:41.531+0000] {processor.py:161} INFO - Started process (PID=4798) to work on /opt/airflow/dags/main.py
[2026-05-14T20:04:41.533+0000] {processor.py:830} INFO - Processing file /opt/airflow/dags/main.py for tasks to queue
[2026-05-14T20:04:41.535+0000] {logging_mixin.py:188} INFO - [2026-05-14T20:04:41.535+0000] {dagbag.py:545} INFO - Filling up the DagBag from /opt/airflow/dags/main.py
[2026-05-14T20:04:41.600+0000] {processor.py:840} INFO - DAG(s) 'produce_json' retrieved from /opt/airflow/dags/main.py
[2026-05-14T20:04:41.629+0000] {logging_mixin.py:188} INFO - [2026-05-14T20:04:41.628+0000] {dag.py:3096} INFO - Sync 1 DAGs
[2026-05-14T20:04:41.655+0000] {logging_mixin.py:188} INFO - [2026-05-14T20:04:41.655+0000] {dag.py:3954} INFO - Setting next_dagrun for produce_json to 2026-05-14 13:00:00+00:00, run_after=2026-05-15 13:00:00+00:00
[2026-05-14T20:04:41.728+0000] {processor.py:183} INFO - Processing /opt/airflow/dags/main.py took 0.205 seconds
[2026-05-14T20:05:11.952+0000] {processor.py:161} INFO - Started process (PID=4805) to work on /opt/airflow/dags/main.py
[2026-05-14T20:05:11.953+0000] {processor.py:830} INFO - Processing file /opt/airflow/dags/main.py for tasks to queue
[2026-05-14T20:05:11.955+0000] {logging_mixin.py:188} INFO - [2026-05-14T20:05:11.955+0000] {dagbag.py:545} INFO - Filling up the DagBag from /opt/airflow/dags/main.py
[2026-05-14T20:05:12.019+0000] {processor.py:840} INFO - DAG(s) 'produce_json' retrieved from /opt/airflow/dags/main.py
[2026-05-14T20:05:12.044+0000] {logging_mixin.py:188} INFO - [2026-05-14T20:05:12.044+0000] {dag.py:3096} INFO - Sync 1 DAGs
[2026-05-14T20:05:12.071+0000] {logging_mixin.py:188} INFO - [2026-05-14T20:05:12.071+0000] {dag.py:3954} INFO - Setting next_dagrun for produce_json to 2026-05-14 13:00:00+00:00, run_after=2026-05-15 13:00:00+00:00
[2026-05-14T20:05:12.143+0000] {processor.py:183} INFO - Processing /opt/airflow/dags/main.py took 0.200 seconds
[2026-05-14T20:05:42.341+0000] {processor.py:161} INFO - Started process (PID=4811) to work on /opt/airflow/dags/main.py
[2026-05-14T20:05:42.343+0000] {processor.py:830} INFO - Processing file /opt/airflow/dags/main.py for tasks to queue
[2026-05-14T20:05:42.346+0000] {logging_mixin.py:188} INFO - [2026-05-14T20:05:42.346+0000] {dagbag.py:545} INFO - Filling up the DagBag from /opt/airflow/dags/main.py
[2026-05-14T20:05:42.415+0000] {processor.py:840} INFO - DAG(s) 'produce_json' retrieved from /opt/airflow/dags/main.py
[2026-05-14T20:05:42.442+0000] {logging_mixin.py:188} INFO - [2026-05-14T20:05:42.441+0000] {dag.py:3096} INFO - Sync 1 DAGs
[2026-05-14T20:05:42.468+0000] {logging_mixin.py:188} INFO - [2026-05-14T20:05:42.468+0000] {dag.py:3954} INFO - Setting next_dagrun for produce_json to 2026-05-14 13:00:00+00:00, run_after=2026-05-15 13:00:00+00:00
[2026-05-14T20:05:42.542+0000] {processor.py:183} INFO - Processing /opt/airflow/dags/main.py took 0.209 seconds
[2026-05-14T20:06:12.737+0000] {processor.py:161} INFO - Started process (PID=4818) to work on /opt/airflow/dags/main.py
[2026-05-14T20:06:12.738+0000] {processor.py:830} INFO - Processing file /opt/airflow/dags/main.py for tasks to queue
[2026-05-14T20:06:12.741+0000] {logging_mixin.py:188} INFO - [2026-05-14T20:06:12.741+0000] {dagbag.py:545} INFO - Filling up the DagBag from /opt/airflow/dags/main.py
[2026-05-14T20:06:12.805+0000] {processor.py:840} INFO - DAG(s) 'produce_json' retrieved from /opt/airflow/dags/main.py
[2026-05-14T20:06:12.832+0000] {logging_mixin.py:188} INFO - [2026-05-14T20:06:12.831+0000] {dag.py:3096} INFO - Sync 1 DAGs
[2026-05-14T20:06:12.858+0000] {logging_mixin.py:188} INFO - [2026-05-14T20:06:12.858+0000] {dag.py:3954} INFO - Setting next_dagrun for produce_json to 2026-05-14 13:00:00+00:00, run_after=2026-05-15 13:00:00+00:00
[2026-05-14T20:06:12.929+0000] {processor.py:183} INFO - Processing /opt/airflow/dags/main.py took 0.200 seconds
[2026-05-14T20:06:43.152+0000] {processor.py:161} INFO - Started process (PID=4825) to work on /opt/airflow/dags/main.py
[2026-05-14T20:06:43.154+0000] {processor.py:830} INFO - Processing file /opt/airflow/dags/main.py for tasks to queue
[2026-05-14T20:06:43.158+0000] {logging_mixin.py:188} INFO - [2026-05-14T20:06:43.158+0000] {dagbag.py:545} INFO - Filling up the DagBag from /opt/airflow/dags/main.py
[2026-05-14T20:06:43.236+0000] {processor.py:840} INFO - DAG(s) 'produce_json' retrieved from /opt/airflow/dags/main.py
[2026-05-14T20:06:43.260+0000] {logging_mixin.py:188} INFO - [2026-05-14T20:06:43.260+0000] {dag.py:3096} INFO - Sync 1 DAGs
[2026-05-14T20:06:43.287+0000] {logging_mixin.py:188} INFO - [2026-05-14T20:06:43.287+0000] {dag.py:3954} INFO - Setting next_dagrun for produce_json to 2026-05-14 13:00:00+00:00, run_after=2026-05-15 13:00:00+00:00
[2026-05-14T20:06:43.310+0000] {processor.py:183} INFO - Processing /opt/airflow/dags/main.py took 0.170 seconds
[2026-05-14T20:07:13.532+0000] {processor.py:161} INFO - Started process (PID=4832) to work on /opt/airflow/dags/main.py
[2026-05-14T20:07:13.534+0000] {processor.py:830} INFO - Processing file /opt/airflow/dags/main.py for tasks to queue
[2026-05-14T20:07:13.536+0000] {logging_mixin.py:188} INFO - [2026-05-14T20:07:13.536+0000] {dagbag.py:545} INFO - Filling up the DagBag from /opt/airflow/dags/main.py
[2026-05-14T20:07:13.628+0000] {processor.py:840} INFO - DAG(s) 'produce_json' retrieved from /opt/airflow/dags/main.py
[2026-05-14T20:07:13.662+0000] {logging_mixin.py:188} INFO - [2026-05-14T20:07:13.662+0000] {dag.py:3096} INFO - Sync 1 DAGs
[2026-05-14T20:07:13.700+0000] {logging_mixin.py:188} INFO - [2026-05-14T20:07:13.700+0000] {dag.py:3954} INFO - Setting next_dagrun for produce_json to 2026-05-14 13:00:00+00:00, run_after=2026-05-15 13:00:00+00:00
[2026-05-14T20:07:13.778+0000] {processor.py:183} INFO - Processing /opt/airflow/dags/main.py took 0.253 seconds
[2026-05-14T20:07:43.901+0000] {processor.py:161} INFO - Started process (PID=4839) to work on /opt/airflow/dags/main.py
[2026-05-14T20:07:43.903+0000] {processor.py:830} INFO - Processing file /opt/airflow/dags/main.py for tasks to queue
[2026-05-14T20:07:43.905+0000] {logging_mixin.py:188} INFO - [2026-05-14T20:07:43.905+0000] {dagbag.py:545} INFO - Filling up the DagBag from /opt/airflow/dags/main.py
[2026-05-14T20:07:43.964+0000] {processor.py:840} INFO - DAG(s) 'produce_json' retrieved from /opt/airflow/dags/main.py
[2026-05-14T20:07:43.990+0000] {logging_mixin.py:188} INFO - [2026-05-14T20:07:43.989+0000] {dag.py:3096} INFO - Sync 1 DAGs
[2026-05-14T20:07:44.012+0000] {logging_mixin.py:188} INFO - [2026-05-14T20:07:44.012+0000] {dag.py:3954} INFO - Setting next_dagrun for produce_json to 2026-05-14 13:00:00+00:00, run_after=2026-05-15 13:00:00+00:00
[2026-05-14T20:07:44.077+0000] {processor.py:183} INFO - Processing /opt/airflow/dags/main.py took 0.184 seconds
[2026-05-14T20:08:14.597+0000] {processor.py:161} INFO - Started process (PID=4852) to work on /opt/airflow/dags/main.py
[2026-05-14T20:08:14.600+0000] {processor.py:830} INFO - Processing file /opt/airflow/dags/main.py for tasks to queue
[2026-05-14T20:08:14.604+0000] {logging_mixin.py:188} INFO - [2026-05-14T20:08:14.603+0000] {dagbag.py:545} INFO - Filling up the DagBag from /opt/airflow/dags/main.py
[2026-05-14T20:08:14.685+0000] {processor.py:840} INFO - DAG(s) 'produce_json' retrieved from /opt/airflow/dags/main.py
[2026-05-14T20:08:14.707+0000] {logging_mixin.py:188} INFO - [2026-05-14T20:08:14.707+0000] {dag.py:3096} INFO - Sync 1 DAGs
[2026-05-14T20:08:14.732+0000] {logging_mixin.py:188} INFO - [2026-05-14T20:08:14.731+0000] {dag.py:3954} INFO - Setting next_dagrun for produce_json to 2026-05-14 13:00:00+00:00, run_after=2026-05-15 13:00:00+00:00
[2026-05-14T20:08:14.803+0000] {processor.py:183} INFO - Processing /opt/airflow/dags/main.py took 0.217 seconds
[2026-05-14T20:08:44.922+0000] {processor.py:161} INFO - Started process (PID=4860) to work on /opt/airflow/dags/main.py
[2026-05-14T20:08:44.924+0000] {processor.py:830} INFO - Processing file /opt/airflow/dags/main.py for tasks to queue
[2026-05-14T20:08:44.926+0000] {logging_mixin.py:188} INFO - [2026-05-14T20:08:44.926+0000] {dagbag.py:545} INFO - Filling up the DagBag from /opt/airflow/dags/main.py
[2026-05-14T20:08:44.986+0000] {processor.py:840} INFO - DAG(s) 'produce_json' retrieved from /opt/airflow/dags/main.py
[2026-05-14T20:08:45.010+0000] {logging_mixin.py:188} INFO - [2026-05-14T20:08:45.010+0000] {dag.py:3096} INFO - Sync 1 DAGs
[2026-05-14T20:08:45.033+0000] {logging_mixin.py:188} INFO - [2026-05-14T20:08:45.033+0000] {dag.py:3954} INFO - Setting next_dagrun for produce_json to 2026-05-14 13:00:00+00:00, run_after=2026-05-15 13:00:00+00:00
[2026-05-14T20:08:45.102+0000] {processor.py:183} INFO - Processing /opt/airflow/dags/main.py took 0.188 seconds
[2026-05-14T20:09:15.407+0000] {processor.py:161} INFO - Started process (PID=4867) to work on /opt/airflow/dags/main.py
[2026-05-14T20:09:15.409+0000] {processor.py:830} INFO - Processing file /opt/airflow/dags/main.py for tasks to queue
[2026-05-14T20:09:15.412+0000] {logging_mixin.py:188} INFO - [2026-05-14T20:09:15.412+0000] {dagbag.py:545} INFO - Filling up the DagBag from /opt/airflow/dags/main.py
[2026-05-14T20:09:15.505+0000] {processor.py:840} INFO - DAG(s) 'produce_json' retrieved from /opt/airflow/dags/main.py
[2026-05-14T20:09:15.539+0000] {logging_mixin.py:188} INFO - [2026-05-14T20:09:15.538+0000] {dag.py:3096} INFO - Sync 1 DAGs
[2026-05-14T20:09:15.579+0000] {logging_mixin.py:188} INFO - [2026-05-14T20:09:15.579+0000] {dag.py:3954} INFO - Setting next_dagrun for produce_json to 2026-05-14 13:00:00+00:00, run_after=2026-05-15 13:00:00+00:00
[2026-05-14T20:09:15.652+0000] {processor.py:183} INFO - Processing /opt/airflow/dags/main.py took 0.256 seconds
[2026-05-14T20:09:46.004+0000] {processor.py:161} INFO - Started process (PID=4874) to work on /opt/airflow/dags/main.py
[2026-05-14T20:09:46.006+0000] {processor.py:830} INFO - Processing file /opt/airflow/dags/main.py for tasks to queue
[2026-05-14T20:09:46.009+0000] {logging_mixin.py:188} INFO - [2026-05-14T20:09:46.008+0000] {dagbag.py:545} INFO - Filling up the DagBag from /opt/airflow/dags/main.py
[2026-05-14T20:09:46.068+0000] {processor.py:840} INFO - DAG(s) 'produce_json' retrieved from /opt/airflow/dags/main.py
[2026-05-14T20:09:46.091+0000] {logging_mixin.py:188} INFO - [2026-05-14T20:09:46.091+0000] {dag.py:3096} INFO - Sync 1 DAGs
[2026-05-14T20:09:46.115+0000] {logging_mixin.py:188} INFO - [2026-05-14T20:09:46.115+0000] {dag.py:3954} INFO - Setting next_dagrun for produce_json to 2026-05-14 13:00:00+00:00, run_after=2026-05-15 13:00:00+00:00
[2026-05-14T20:09:46.136+0000] {processor.py:183} INFO - Processing /opt/airflow/dags/main.py took 0.141 seconds
[2026-05-14T20:10:16.308+0000] {processor.py:161} INFO - Started process (PID=4881) to work on /opt/airflow/dags/main.py
[2026-05-14T20:10:16.310+0000] {processor.py:830} INFO - Processing file /opt/airflow/dags/main.py for tasks to queue
[2026-05-14T20:10:16.312+0000] {logging_mixin.py:188} INFO - [2026-05-14T20:10:16.312+0000] {dagbag.py:545} INFO - Filling up the DagBag from /opt/airflow/dags/main.py
[2026-05-14T20:10:16.372+0000] {processor.py:840} INFO - DAG(s) 'produce_json' retrieved from /opt/airflow/dags/main.py
[2026-05-14T20:10:16.396+0000] {logging_mixin.py:188} INFO - [2026-05-14T20:10:16.396+0000] {dag.py:3096} INFO - Sync 1 DAGs
[2026-05-14T20:10:16.419+0000] {logging_mixin.py:188} INFO - [2026-05-14T20:10:16.419+0000] {dag.py:3954} INFO - Setting next_dagrun for produce_json to 2026-05-14 13:00:00+00:00, run_after=2026-05-15 13:00:00+00:00
[2026-05-14T20:10:16.490+0000] {processor.py:183} INFO - Processing /opt/airflow/dags/main.py took 0.189 seconds
[2026-05-14T20:10:46.766+0000] {processor.py:161} INFO - Started process (PID=4888) to work on /opt/airflow/dags/main.py
[2026-05-14T20:10:46.767+0000] {processor.py:830} INFO - Processing file /opt/airflow/dags/main.py for tasks to queue
[2026-05-14T20:10:46.769+0000] {logging_mixin.py:188} INFO - [2026-05-14T20:10:46.769+0000] {dagbag.py:545} INFO - Filling up the DagBag from /opt/airflow/dags/main.py
[2026-05-14T20:10:46.867+0000] {processor.py:840} INFO - DAG(s) 'produce_json' retrieved from /opt/airflow/dags/main.py
[2026-05-14T20:10:46.911+0000] {logging_mixin.py:188} INFO - [2026-05-14T20:10:46.911+0000] {dag.py:3096} INFO - Sync 1 DAGs
[2026-05-14T20:10:46.949+0000] {logging_mixin.py:188} INFO - [2026-05-14T20:10:46.949+0000] {dag.py:3954} INFO - Setting next_dagrun for produce_json to 2026-05-14 13:00:00+00:00, run_after=2026-05-15 13:00:00+00:00
[2026-05-14T20:10:46.973+0000] {processor.py:183} INFO - Processing /opt/airflow/dags/main.py took 0.219 seconds
[2026-05-14T20:11:17.114+0000] {processor.py:161} INFO - Started process (PID=4895) to work on /opt/airflow/dags/main.py
[2026-05-14T20:11:17.115+0000] {processor.py:830} INFO - Processing file /opt/airflow/dags/main.py for tasks to queue
[2026-05-14T20:11:17.118+0000] {logging_mixin.py:188} INFO - [2026-05-14T20:11:17.117+0000] {dagbag.py:545} INFO - Filling up the DagBag from /opt/airflow/dags/main.py
[2026-05-14T20:11:17.177+0000] {processor.py:840} INFO - DAG(s) 'produce_json' retrieved from /opt/airflow/dags/main.py
[2026-05-14T20:11:17.201+0000] {logging_mixin.py:188} INFO - [2026-05-14T20:11:17.201+0000] {dag.py:3096} INFO - Sync 1 DAGs
[2026-05-14T20:11:17.225+0000] {logging_mixin.py:188} INFO - [2026-05-14T20:11:17.225+0000] {dag.py:3954} INFO - Setting next_dagrun for produce_json to 2026-05-14 13:00:00+00:00, run_after=2026-05-15 13:00:00+00:00
[2026-05-14T20:11:17.251+0000] {processor.py:183} INFO - Processing /opt/airflow/dags/main.py took 0.144 seconds
[2026-05-14T20:11:47.591+0000] {processor.py:161} INFO - Started process (PID=4902) to work on /opt/airflow/dags/main.py
[2026-05-14T20:11:47.593+0000] {processor.py:830} INFO - Processing file /opt/airflow/dags/main.py for tasks to queue
[2026-05-14T20:11:47.595+0000] {logging_mixin.py:188} INFO - [2026-05-14T20:11:47.595+0000] {dagbag.py:545} INFO - Filling up the DagBag from /opt/airflow/dags/main.py
[2026-05-14T20:11:47.655+0000] {processor.py:840} INFO - DAG(s) 'produce_json' retrieved from /opt/airflow/dags/main.py
[2026-05-14T20:11:47.681+0000] {logging_mixin.py:188} INFO - [2026-05-14T20:11:47.681+0000] {dag.py:3096} INFO - Sync 1 DAGs
[2026-05-14T20:11:47.704+0000] {logging_mixin.py:188} INFO - [2026-05-14T20:11:47.704+0000] {dag.py:3954} INFO - Setting next_dagrun for produce_json to 2026-05-14 13:00:00+00:00, run_after=2026-05-15 13:00:00+00:00
[2026-05-14T20:11:47.773+0000] {processor.py:183} INFO - Processing /opt/airflow/dags/main.py took 0.189 seconds
[2026-05-14T20:12:17.915+0000] {processor.py:161} INFO - Started process (PID=4909) to work on /opt/airflow/dags/main.py
[2026-05-14T20:12:17.917+0000] {processor.py:830} INFO - Processing file /opt/airflow/dags/main.py for tasks to queue
[2026-05-14T20:12:17.919+0000] {logging_mixin.py:188} INFO - [2026-05-14T20:12:17.919+0000] {dagbag.py:545} INFO - Filling up the DagBag from /opt/airflow/dags/main.py
[2026-05-14T20:12:17.979+0000] {processor.py:840} INFO - DAG(s) 'produce_json' retrieved from /opt/airflow/dags/main.py
[2026-05-14T20:12:18.009+0000] {logging_mixin.py:188} INFO - [2026-05-14T20:12:18.008+0000] {dag.py:3096} INFO - Sync 1 DAGs
[2026-05-14T20:12:18.037+0000] {logging_mixin.py:188} INFO - [2026-05-14T20:12:18.037+0000] {dag.py:3954} INFO - Setting next_dagrun for produce_json to 2026-05-14 13:00:00+00:00, run_after=2026-05-15 13:00:00+00:00
[2026-05-14T20:12:18.110+0000] {processor.py:183} INFO - Processing /opt/airflow/dags/main.py took 0.203 seconds
[2026-05-14T20:12:48.371+0000] {processor.py:161} INFO - Started process (PID=4916) to work on /opt/airflow/dags/main.py
[2026-05-14T20:12:48.373+0000] {processor.py:830} INFO - Processing file /opt/airflow/dags/main.py for tasks to queue
[2026-05-14T20:12:48.375+0000] {logging_mixin.py:188} INFO - [2026-05-14T20:12:48.375+0000] {dagbag.py:545} INFO - Filling up the DagBag from /opt/airflow/dags/main.py
[2026-05-14T20:12:48.435+0000] {processor.py:840} INFO - DAG(s) 'produce_json' retrieved from /opt/airflow/dags/main.py
[2026-05-14T20:12:48.462+0000] {logging_mixin.py:188} INFO - [2026-05-14T20:12:48.462+0000] {dag.py:3096} INFO - Sync 1 DAGs
[2026-05-14T20:12:48.489+0000] {logging_mixin.py:188} INFO - [2026-05-14T20:12:48.489+0000] {dag.py:3954} INFO - Setting next_dagrun for produce_json to 2026-05-14 13:00:00+00:00, run_after=2026-05-15 13:00:00+00:00
[2026-05-14T20:12:48.530+0000] {processor.py:183} INFO - Processing /opt/airflow/dags/main.py took 0.167 seconds
[2026-05-14T20:13:18.879+0000] {processor.py:161} INFO - Started process (PID=4923) to work on /opt/airflow/dags/main.py
[2026-05-14T20:13:18.880+0000] {processor.py:830} INFO - Processing file /opt/airflow/dags/main.py for tasks to queue
[2026-05-14T20:13:18.883+0000] {logging_mixin.py:188} INFO - [2026-05-14T20:13:18.883+0000] {dagbag.py:545} INFO - Filling up the DagBag from /opt/airflow/dags/main.py
[2026-05-14T20:13:18.943+0000] {processor.py:840} INFO - DAG(s) 'produce_json' retrieved from /opt/airflow/dags/main.py
[2026-05-14T20:13:18.970+0000] {logging_mixin.py:188} INFO - [2026-05-14T20:13:18.970+0000] {dag.py:3096} INFO - Sync 1 DAGs
[2026-05-14T20:13:18.996+0000] {logging_mixin.py:188} INFO - [2026-05-14T20:13:18.996+0000] {dag.py:3954} INFO - Setting next_dagrun for produce_json to 2026-05-14 13:00:00+00:00, run_after=2026-05-15 13:00:00+00:00
[2026-05-14T20:13:19.071+0000] {processor.py:183} INFO - Processing /opt/airflow/dags/main.py took 0.199 seconds
[2026-05-14T20:13:49.196+0000] {processor.py:161} INFO - Started process (PID=4930) to work on /opt/airflow/dags/main.py
[2026-05-14T20:13:49.197+0000] {processor.py:830} INFO - Processing file /opt/airflow/dags/main.py for tasks to queue
[2026-05-14T20:13:49.200+0000] {logging_mixin.py:188} INFO - [2026-05-14T20:13:49.200+0000] {dagbag.py:545} INFO - Filling up the DagBag from /opt/airflow/dags/main.py
[2026-05-14T20:13:49.263+0000] {processor.py:840} INFO - DAG(s) 'produce_json' retrieved from /opt/airflow/dags/main.py
[2026-05-14T20:13:49.291+0000] {logging_mixin.py:188} INFO - [2026-05-14T20:13:49.291+0000] {dag.py:3096} INFO - Sync 1 DAGs
[2026-05-14T20:13:49.317+0000] {logging_mixin.py:188} INFO - [2026-05-14T20:13:49.317+0000] {dag.py:3954} INFO - Setting next_dagrun for produce_json to 2026-05-14 13:00:00+00:00, run_after=2026-05-15 13:00:00+00:00
[2026-05-14T20:13:49.385+0000] {processor.py:183} INFO - Processing /opt/airflow/dags/main.py took 0.196 seconds
[2026-05-14T20:14:19.652+0000] {processor.py:161} INFO - Started process (PID=4937) to work on /opt/airflow/dags/main.py
[2026-05-14T20:14:19.654+0000] {processor.py:830} INFO - Processing file /opt/airflow/dags/main.py for tasks to queue
[2026-05-14T20:14:19.657+0000] {logging_mixin.py:188} INFO - [2026-05-14T20:14:19.657+0000] {dagbag.py:545} INFO - Filling up the DagBag from /opt/airflow/dags/main.py
[2026-05-14T20:14:19.749+0000] {processor.py:840} INFO - DAG(s) 'produce_json' retrieved from /opt/airflow/dags/main.py
[2026-05-14T20:14:19.780+0000] {logging_mixin.py:188} INFO - [2026-05-14T20:14:19.779+0000] {dag.py:3096} INFO - Sync 1 DAGs
[2026-05-14T20:14:19.811+0000] {logging_mixin.py:188} INFO - [2026-05-14T20:14:19.810+0000] {dag.py:3954} INFO - Setting next_dagrun for produce_json to 2026-05-14 13:00:00+00:00, run_after=2026-05-15 13:00:00+00:00
[2026-05-14T20:14:19.842+0000] {processor.py:183} INFO - Processing /opt/airflow/dags/main.py took 0.199 seconds
[2026-05-14T20:14:49.988+0000] {processor.py:161} INFO - Started process (PID=4944) to work on /opt/airflow/dags/main.py
[2026-05-14T20:14:49.990+0000] {processor.py:830} INFO - Processing file /opt/airflow/dags/main.py for tasks to queue
[2026-05-14T20:14:49.992+0000] {logging_mixin.py:188} INFO - [2026-05-14T20:14:49.992+0000] {dagbag.py:545} INFO - Filling up the DagBag from /opt/airflow/dags/main.py
[2026-05-14T20:14:50.054+0000] {processor.py:840} INFO - DAG(s) 'produce_json' retrieved from /opt/airflow/dags/main.py
[2026-05-14T20:14:50.082+0000] {logging_mixin.py:188} INFO - [2026-05-14T20:14:50.081+0000] {dag.py:3096} INFO - Sync 1 DAGs
[2026-05-14T20:14:50.108+0000] {logging_mixin.py:188} INFO - [2026-05-14T20:14:50.107+0000] {dag.py:3954} INFO - Setting next_dagrun for produce_json to 2026-05-14 13:00:00+00:00, run_after=2026-05-15 13:00:00+00:00
[2026-05-14T20:14:50.180+0000] {processor.py:183} INFO - Processing /opt/airflow/dags/main.py took 0.198 seconds
[2026-05-14T20:15:20.449+0000] {processor.py:161} INFO - Started process (PID=4951) to work on /opt/airflow/dags/main.py
[2026-05-14T20:15:20.450+0000] {processor.py:830} INFO - Processing file /opt/airflow/dags/main.py for tasks to queue
[2026-05-14T20:15:20.453+0000] {logging_mixin.py:188} INFO - [2026-05-14T20:15:20.452+0000] {dagbag.py:545} INFO - Filling up the DagBag from /opt/airflow/dags/main.py
[2026-05-14T20:15:20.511+0000] {processor.py:840} INFO - DAG(s) 'produce_json' retrieved from /opt/airflow/dags/main.py
[2026-05-14T20:15:20.534+0000] {logging_mixin.py:188} INFO - [2026-05-14T20:15:20.534+0000] {dag.py:3096} INFO - Sync 1 DAGs
[2026-05-14T20:15:20.556+0000] {logging_mixin.py:188} INFO - [2026-05-14T20:15:20.556+0000] {dag.py:3954} INFO - Setting next_dagrun for produce_json to 2026-05-14 13:00:00+00:00, run_after=2026-05-15 13:00:00+00:00
[2026-05-14T20:15:20.626+0000] {processor.py:183} INFO - Processing /opt/airflow/dags/main.py took 0.184 seconds
[2026-05-14T20:15:50.787+0000] {processor.py:161} INFO - Started process (PID=4958) to work on /opt/airflow/dags/main.py
[2026-05-14T20:15:50.789+0000] {processor.py:830} INFO - Processing file /opt/airflow/dags/main.py for tasks to queue
[2026-05-14T20:15:50.791+0000] {logging_mixin.py:188} INFO - [2026-05-14T20:15:50.791+0000] {dagbag.py:545} INFO - Filling up the DagBag from /opt/airflow/dags/main.py
[2026-05-14T20:15:50.850+0000] {processor.py:840} INFO - DAG(s) 'produce_json' retrieved from /opt/airflow/dags/main.py
[2026-05-14T20:15:50.875+0000] {logging_mixin.py:188} INFO - [2026-05-14T20:15:50.874+0000] {dag.py:3096} INFO - Sync 1 DAGs
[2026-05-14T20:15:50.900+0000] {logging_mixin.py:188} INFO - [2026-05-14T20:15:50.900+0000] {dag.py:3954} INFO - Setting next_dagrun for produce_json to 2026-05-14 13:00:00+00:00, run_after=2026-05-15 13:00:00+00:00
[2026-05-14T20:15:50.968+0000] {processor.py:183} INFO - Processing /opt/airflow/dags/main.py took 0.187 seconds
[2026-05-14T20:16:21.233+0000] {processor.py:161} INFO - Started process (PID=4965) to work on /opt/airflow/dags/main.py
[2026-05-14T20:16:21.234+0000] {processor.py:830} INFO - Processing file /opt/airflow/dags/main.py for tasks to queue
[2026-05-14T20:16:21.237+0000] {logging_mixin.py:188} INFO - [2026-05-14T20:16:21.236+0000] {dagbag.py:545} INFO - Filling up the DagBag from /opt/airflow/dags/main.py
[2026-05-14T20:16:21.295+0000] {processor.py:840} INFO - DAG(s) 'produce_json' retrieved from /opt/airflow/dags/main.py
[2026-05-14T20:16:21.317+0000] {logging_mixin.py:188} INFO - [2026-05-14T20:16:21.317+0000] {dag.py:3096} INFO - Sync 1 DAGs
[2026-05-14T20:16:21.341+0000] {logging_mixin.py:188} INFO - [2026-05-14T20:16:21.341+0000] {dag.py:3954} INFO - Setting next_dagrun for produce_json to 2026-05-14 13:00:00+00:00, run_after=2026-05-15 13:00:00+00:00
[2026-05-14T20:16:21.409+0000] {processor.py:183} INFO - Processing /opt/airflow/dags/main.py took 0.185 seconds
[2026-05-14T20:16:51.557+0000] {processor.py:161} INFO - Started process (PID=4972) to work on /opt/airflow/dags/main.py
[2026-05-14T20:16:51.558+0000] {processor.py:830} INFO - Processing file /opt/airflow/dags/main.py for tasks to queue
[2026-05-14T20:16:51.561+0000] {logging_mixin.py:188} INFO - [2026-05-14T20:16:51.561+0000] {dagbag.py:545} INFO - Filling up the DagBag from /opt/airflow/dags/main.py
[2026-05-14T20:16:51.630+0000] {processor.py:840} INFO - DAG(s) 'produce_json' retrieved from /opt/airflow/dags/main.py
[2026-05-14T20:16:51.654+0000] {logging_mixin.py:188} INFO - [2026-05-14T20:16:51.654+0000] {dag.py:3096} INFO - Sync 1 DAGs
[2026-05-14T20:16:51.685+0000] {logging_mixin.py:188} INFO - [2026-05-14T20:16:51.684+0000] {dag.py:3954} INFO - Setting next_dagrun for produce_json to 2026-05-14 13:00:00+00:00, run_after=2026-05-15 13:00:00+00:00
[2026-05-14T20:16:51.708+0000] {processor.py:183} INFO - Processing /opt/airflow/dags/main.py took 0.159 seconds
[2026-05-14T20:17:22.039+0000] {processor.py:161} INFO - Started process (PID=4979) to work on /opt/airflow/dags/main.py
[2026-05-14T20:17:22.042+0000] {processor.py:830} INFO - Processing file /opt/airflow/dags/main.py for tasks to queue
[2026-05-14T20:17:22.047+0000] {logging_mixin.py:188} INFO - [2026-05-14T20:17:22.046+0000] {dagbag.py:545} INFO - Filling up the DagBag from /opt/airflow/dags/main.py
[2026-05-14T20:17:22.139+0000] {processor.py:840} INFO - DAG(s) 'produce_json' retrieved from /opt/airflow/dags/main.py
[2026-05-14T20:17:22.170+0000] {logging_mixin.py:188} INFO - [2026-05-14T20:17:22.170+0000] {dag.py:3096} INFO - Sync 1 DAGs
[2026-05-14T20:17:22.208+0000] {logging_mixin.py:188} INFO - [2026-05-14T20:17:22.208+0000] {dag.py:3954} INFO - Setting next_dagrun for produce_json to 2026-05-14 13:00:00+00:00, run_after=2026-05-15 13:00:00+00:00
[2026-05-14T20:17:22.269+0000] {processor.py:183} INFO - Processing /opt/airflow/dags/main.py took 0.242 seconds
[2026-05-14T20:17:52.387+0000] {processor.py:161} INFO - Started process (PID=4986) to work on /opt/airflow/dags/main.py
[2026-05-14T20:17:52.389+0000] {processor.py:830} INFO - Processing file /opt/airflow/dags/main.py for tasks to queue
[2026-05-14T20:17:52.392+0000] {logging_mixin.py:188} INFO - [2026-05-14T20:17:52.391+0000] {dagbag.py:545} INFO - Filling up the DagBag from /opt/airflow/dags/main.py
[2026-05-14T20:17:52.457+0000] {processor.py:840} INFO - DAG(s) 'produce_json' retrieved from /opt/airflow/dags/main.py
[2026-05-14T20:17:52.523+0000] {logging_mixin.py:188} INFO - [2026-05-14T20:17:52.523+0000] {dag.py:3096} INFO - Sync 1 DAGs
[2026-05-14T20:17:52.551+0000] {logging_mixin.py:188} INFO - [2026-05-14T20:17:52.550+0000] {dag.py:3954} INFO - Setting next_dagrun for produce_json to 2026-05-14 13:00:00+00:00, run_after=2026-05-15 13:00:00+00:00
[2026-05-14T20:17:52.576+0000] {processor.py:183} INFO - Processing /opt/airflow/dags/main.py took 0.196 seconds
[2026-05-14T20:18:23.070+0000] {processor.py:161} INFO - Started process (PID=4993) to work on /opt/airflow/dags/main.py
[2026-05-14T20:18:23.071+0000] {processor.py:830} INFO - Processing file /opt/airflow/dags/main.py for tasks to queue
[2026-05-14T20:18:23.074+0000] {logging_mixin.py:188} INFO - [2026-05-14T20:18:23.073+0000] {dagbag.py:545} INFO - Filling up the DagBag from /opt/airflow/dags/main.py
[2026-05-14T20:18:23.147+0000] {processor.py:840} INFO - DAG(s) 'produce_json' retrieved from /opt/airflow/dags/main.py
[2026-05-14T20:18:23.179+0000] {logging_mixin.py:188} INFO - [2026-05-14T20:18:23.178+0000] {dag.py:3096} INFO - Sync 1 DAGs
[2026-05-14T20:18:23.214+0000] {logging_mixin.py:188} INFO - [2026-05-14T20:18:23.213+0000] {dag.py:3954} INFO - Setting next_dagrun for produce_json to 2026-05-14 13:00:00+00:00, run_after=2026-05-15 13:00:00+00:00
[2026-05-14T20:18:23.301+0000] {processor.py:183} INFO - Processing /opt/airflow/dags/main.py took 0.238 seconds
[2026-05-14T20:18:53.390+0000] {processor.py:161} INFO - Started process (PID=5000) to work on /opt/airflow/dags/main.py
[2026-05-14T20:18:53.392+0000] {processor.py:830} INFO - Processing file /opt/airflow/dags/main.py for tasks to queue
[2026-05-14T20:18:53.394+0000] {logging_mixin.py:188} INFO - [2026-05-14T20:18:53.394+0000] {dagbag.py:545} INFO - Filling up the DagBag from /opt/airflow/dags/main.py
[2026-05-14T20:18:53.459+0000] {processor.py:840} INFO - DAG(s) 'produce_json' retrieved from /opt/airflow/dags/main.py
[2026-05-14T20:18:53.486+0000] {logging_mixin.py:188} INFO - [2026-05-14T20:18:53.485+0000] {dag.py:3096} INFO - Sync 1 DAGs
[2026-05-14T20:18:53.513+0000] {logging_mixin.py:188} INFO - [2026-05-14T20:18:53.512+0000] {dag.py:3954} INFO - Setting next_dagrun for produce_json to 2026-05-14 13:00:00+00:00, run_after=2026-05-15 13:00:00+00:00
[2026-05-14T20:18:53.589+0000] {processor.py:183} INFO - Processing /opt/airflow/dags/main.py took 0.205 seconds
[2026-05-14T20:19:23.939+0000] {processor.py:161} INFO - Started process (PID=5007) to work on /opt/airflow/dags/main.py
[2026-05-14T20:19:23.941+0000] {processor.py:830} INFO - Processing file /opt/airflow/dags/main.py for tasks to queue
[2026-05-14T20:19:23.944+0000] {logging_mixin.py:188} INFO - [2026-05-14T20:19:23.943+0000] {dagbag.py:545} INFO - Filling up the DagBag from /opt/airflow/dags/main.py
[2026-05-14T20:19:24.054+0000] {processor.py:840} INFO - DAG(s) 'produce_json' retrieved from /opt/airflow/dags/main.py
[2026-05-14T20:19:24.082+0000] {logging_mixin.py:188} INFO - [2026-05-14T20:19:24.082+0000] {dag.py:3096} INFO - Sync 1 DAGs
[2026-05-14T20:19:24.124+0000] {logging_mixin.py:188} INFO - [2026-05-14T20:19:24.124+0000] {dag.py:3954} INFO - Setting next_dagrun for produce_json to 2026-05-14 13:00:00+00:00, run_after=2026-05-15 13:00:00+00:00
[2026-05-14T20:19:24.208+0000] {processor.py:183} INFO - Processing /opt/airflow/dags/main.py took 0.276 seconds
[2026-05-14T20:19:54.544+0000] {processor.py:161} INFO - Started process (PID=5014) to work on /opt/airflow/dags/main.py
[2026-05-14T20:19:54.546+0000] {processor.py:830} INFO - Processing file /opt/airflow/dags/main.py for tasks to queue
[2026-05-14T20:19:54.548+0000] {logging_mixin.py:188} INFO - [2026-05-14T20:19:54.548+0000] {dagbag.py:545} INFO - Filling up the DagBag from /opt/airflow/dags/main.py
[2026-05-14T20:19:54.611+0000] {processor.py:840} INFO - DAG(s) 'produce_json' retrieved from /opt/airflow/dags/main.py
[2026-05-14T20:19:54.639+0000] {logging_mixin.py:188} INFO - [2026-05-14T20:19:54.638+0000] {dag.py:3096} INFO - Sync 1 DAGs
[2026-05-14T20:19:54.669+0000] {logging_mixin.py:188} INFO - [2026-05-14T20:19:54.669+0000] {dag.py:3954} INFO - Setting next_dagrun for produce_json to 2026-05-14 13:00:00+00:00, run_after=2026-05-15 13:00:00+00:00
[2026-05-14T20:19:54.701+0000] {processor.py:183} INFO - Processing /opt/airflow/dags/main.py took 0.164 seconds
[2026-05-14T20:20:24.829+0000] {processor.py:161} INFO - Started process (PID=5021) to work on /opt/airflow/dags/main.py
[2026-05-14T20:20:24.831+0000] {processor.py:830} INFO - Processing file /opt/airflow/dags/main.py for tasks to queue
[2026-05-14T20:20:24.834+0000] {logging_mixin.py:188} INFO - [2026-05-14T20:20:24.833+0000] {dagbag.py:545} INFO - Filling up the DagBag from /opt/airflow/dags/main.py
[2026-05-14T20:20:24.899+0000] {processor.py:840} INFO - DAG(s) 'produce_json' retrieved from /opt/airflow/dags/main.py
[2026-05-14T20:20:24.926+0000] {logging_mixin.py:188} INFO - [2026-05-14T20:20:24.925+0000] {dag.py:3096} INFO - Sync 1 DAGs
[2026-05-14T20:20:24.952+0000] {logging_mixin.py:188} INFO - [2026-05-14T20:20:24.952+0000] {dag.py:3954} INFO - Setting next_dagrun for produce_json to 2026-05-14 13:00:00+00:00, run_after=2026-05-15 13:00:00+00:00
[2026-05-14T20:20:25.018+0000] {processor.py:183} INFO - Processing /opt/airflow/dags/main.py took 0.196 seconds
[2026-05-14T23:22:22.948+0000] {processor.py:161} INFO - Started process (PID=5028) to work on /opt/airflow/dags/main.py
[2026-05-14T23:22:22.951+0000] {processor.py:830} INFO - Processing file /opt/airflow/dags/main.py for tasks to queue
[2026-05-14T23:22:22.964+0000] {logging_mixin.py:188} INFO - [2026-05-14T23:22:22.963+0000] {dagbag.py:545} INFO - Filling up the DagBag from /opt/airflow/dags/main.py
[2026-05-14T23:22:23.200+0000] {processor.py:840} INFO - DAG(s) 'produce_json' retrieved from /opt/airflow/dags/main.py
[2026-05-14T23:22:23.354+0000] {logging_mixin.py:188} INFO - [2026-05-14T23:22:23.353+0000] {dag.py:3096} INFO - Sync 1 DAGs
[2026-05-14T23:22:23.582+0000] {logging_mixin.py:188} INFO - [2026-05-14T23:22:23.581+0000] {dag.py:3954} INFO - Setting next_dagrun for produce_json to 2026-05-14 13:00:00+00:00, run_after=2026-05-15 13:00:00+00:00
[2026-05-14T23:22:23.711+0000] {processor.py:183} INFO - Processing /opt/airflow/dags/main.py took 0.798 seconds
[2026-05-14T23:22:54.001+0000] {processor.py:161} INFO - Started process (PID=5035) to work on /opt/airflow/dags/main.py
[2026-05-14T23:22:54.002+0000] {processor.py:830} INFO - Processing file /opt/airflow/dags/main.py for tasks to queue
[2026-05-14T23:22:54.005+0000] {logging_mixin.py:188} INFO - [2026-05-14T23:22:54.005+0000] {dagbag.py:545} INFO - Filling up the DagBag from /opt/airflow/dags/main.py
[2026-05-14T23:22:54.055+0000] {processor.py:840} INFO - DAG(s) 'produce_json' retrieved from /opt/airflow/dags/main.py
[2026-05-14T23:22:54.082+0000] {logging_mixin.py:188} INFO - [2026-05-14T23:22:54.082+0000] {dag.py:3096} INFO - Sync 1 DAGs
[2026-05-14T23:22:54.108+0000] {logging_mixin.py:188} INFO - [2026-05-14T23:22:54.108+0000] {dag.py:3954} INFO - Setting next_dagrun for produce_json to 2026-05-14 13:00:00+00:00, run_after=2026-05-15 13:00:00+00:00
[2026-05-14T23:22:54.166+0000] {processor.py:183} INFO - Processing /opt/airflow/dags/main.py took 0.171 seconds
[2026-05-14T23:23:24.286+0000] {processor.py:161} INFO - Started process (PID=5042) to work on /opt/airflow/dags/main.py
[2026-05-14T23:23:24.287+0000] {processor.py:830} INFO - Processing file /opt/airflow/dags/main.py for tasks to queue
[2026-05-14T23:23:24.290+0000] {logging_mixin.py:188} INFO - [2026-05-14T23:23:24.289+0000] {dagbag.py:545} INFO - Filling up the DagBag from /opt/airflow/dags/main.py
[2026-05-14T23:23:24.341+0000] {processor.py:840} INFO - DAG(s) 'produce_json' retrieved from /opt/airflow/dags/main.py
[2026-05-14T23:23:24.365+0000] {logging_mixin.py:188} INFO - [2026-05-14T23:23:24.365+0000] {dag.py:3096} INFO - Sync 1 DAGs
[2026-05-14T23:23:24.389+0000] {logging_mixin.py:188} INFO - [2026-05-14T23:23:24.389+0000] {dag.py:3954} INFO - Setting next_dagrun for produce_json to 2026-05-14 13:00:00+00:00, run_after=2026-05-15 13:00:00+00:00
[2026-05-14T23:23:24.449+0000] {processor.py:183} INFO - Processing /opt/airflow/dags/main.py took 0.170 seconds
[2026-05-14T23:23:54.553+0000] {processor.py:161} INFO - Started process (PID=5049) to work on /opt/airflow/dags/main.py
[2026-05-14T23:23:54.555+0000] {processor.py:830} INFO - Processing file /opt/airflow/dags/main.py for tasks to queue
[2026-05-14T23:23:54.557+0000] {logging_mixin.py:188} INFO - [2026-05-14T23:23:54.557+0000] {dagbag.py:545} INFO - Filling up the DagBag from /opt/airflow/dags/main.py
[2026-05-14T23:23:54.616+0000] {processor.py:840} INFO - DAG(s) 'produce_json' retrieved from /opt/airflow/dags/main.py
[2026-05-14T23:23:54.644+0000] {logging_mixin.py:188} INFO - [2026-05-14T23:23:54.644+0000] {dag.py:3096} INFO - Sync 1 DAGs
[2026-05-14T23:23:54.672+0000] {logging_mixin.py:188} INFO - [2026-05-14T23:23:54.672+0000] {dag.py:3954} INFO - Setting next_dagrun for produce_json to 2026-05-14 13:00:00+00:00, run_after=2026-05-15 13:00:00+00:00
[2026-05-14T23:23:54.744+0000] {processor.py:183} INFO - Processing /opt/airflow/dags/main.py took 0.199 seconds
[2026-05-14T23:24:24.962+0000] {processor.py:161} INFO - Started process (PID=5056) to work on /opt/airflow/dags/main.py
[2026-05-14T23:24:24.964+0000] {processor.py:830} INFO - Processing file /opt/airflow/dags/main.py for tasks to queue
[2026-05-14T23:24:24.966+0000] {logging_mixin.py:188} INFO - [2026-05-14T23:24:24.966+0000] {dagbag.py:545} INFO - Filling up the DagBag from /opt/airflow/dags/main.py
[2026-05-14T23:24:25.046+0000] {processor.py:840} INFO - DAG(s) 'produce_json' retrieved from /opt/airflow/dags/main.py
[2026-05-14T23:24:25.074+0000] {logging_mixin.py:188} INFO - [2026-05-14T23:24:25.074+0000] {dag.py:3096} INFO - Sync 1 DAGs
[2026-05-14T23:24:25.105+0000] {logging_mixin.py:188} INFO - [2026-05-14T23:24:25.105+0000] {dag.py:3954} INFO - Setting next_dagrun for produce_json to 2026-05-14 13:00:00+00:00, run_after=2026-05-15 13:00:00+00:00
[2026-05-14T23:24:25.135+0000] {processor.py:183} INFO - Processing /opt/airflow/dags/main.py took 0.182 seconds
[2026-05-14T23:24:55.346+0000] {processor.py:161} INFO - Started process (PID=5063) to work on /opt/airflow/dags/main.py
[2026-05-14T23:24:55.348+0000] {processor.py:830} INFO - Processing file /opt/airflow/dags/main.py for tasks to queue
[2026-05-14T23:24:55.350+0000] {logging_mixin.py:188} INFO - [2026-05-14T23:24:55.350+0000] {dagbag.py:545} INFO - Filling up the DagBag from /opt/airflow/dags/main.py
[2026-05-14T23:24:55.416+0000] {processor.py:840} INFO - DAG(s) 'produce_json' retrieved from /opt/airflow/dags/main.py
[2026-05-14T23:24:55.439+0000] {logging_mixin.py:188} INFO - [2026-05-14T23:24:55.438+0000] {dag.py:3096} INFO - Sync 1 DAGs
[2026-05-14T23:24:55.463+0000] {logging_mixin.py:188} INFO - [2026-05-14T23:24:55.463+0000] {dag.py:3954} INFO - Setting next_dagrun for produce_json to 2026-05-14 13:00:00+00:00, run_after=2026-05-15 13:00:00+00:00
[2026-05-14T23:24:55.524+0000] {processor.py:183} INFO - Processing /opt/airflow/dags/main.py took 0.185 seconds
[2026-05-14T23:25:25.765+0000] {processor.py:161} INFO - Started process (PID=5070) to work on /opt/airflow/dags/main.py
[2026-05-14T23:25:25.767+0000] {processor.py:830} INFO - Processing file /opt/airflow/dags/main.py for tasks to queue
[2026-05-14T23:25:25.770+0000] {logging_mixin.py:188} INFO - [2026-05-14T23:25:25.770+0000] {dagbag.py:545} INFO - Filling up the DagBag from /opt/airflow/dags/main.py
[2026-05-14T23:25:25.833+0000] {processor.py:840} INFO - DAG(s) 'produce_json' retrieved from /opt/airflow/dags/main.py
[2026-05-14T23:25:25.858+0000] {logging_mixin.py:188} INFO - [2026-05-14T23:25:25.858+0000] {dag.py:3096} INFO - Sync 1 DAGs
[2026-05-14T23:25:25.882+0000] {logging_mixin.py:188} INFO - [2026-05-14T23:25:25.881+0000] {dag.py:3954} INFO - Setting next_dagrun for produce_json to 2026-05-14 13:00:00+00:00, run_after=2026-05-15 13:00:00+00:00
[2026-05-14T23:25:25.951+0000] {processor.py:183} INFO - Processing /opt/airflow/dags/main.py took 0.195 seconds
[2026-05-14T23:25:56.115+0000] {processor.py:161} INFO - Started process (PID=5077) to work on /opt/airflow/dags/main.py
[2026-05-14T23:25:56.119+0000] {processor.py:830} INFO - Processing file /opt/airflow/dags/main.py for tasks to queue
[2026-05-14T23:25:56.122+0000] {logging_mixin.py:188} INFO - [2026-05-14T23:25:56.121+0000] {dagbag.py:545} INFO - Filling up the DagBag from /opt/airflow/dags/main.py
[2026-05-14T23:25:56.214+0000] {processor.py:840} INFO - DAG(s) 'produce_json' retrieved from /opt/airflow/dags/main.py
[2026-05-14T23:25:56.243+0000] {logging_mixin.py:188} INFO - [2026-05-14T23:25:56.243+0000] {dag.py:3096} INFO - Sync 1 DAGs
[2026-05-14T23:25:56.272+0000] {logging_mixin.py:188} INFO - [2026-05-14T23:25:56.272+0000] {dag.py:3954} INFO - Setting next_dagrun for produce_json to 2026-05-14 13:00:00+00:00, run_after=2026-05-15 13:00:00+00:00
[2026-05-14T23:25:56.343+0000] {processor.py:183} INFO - Processing /opt/airflow/dags/main.py took 0.240 seconds
[2026-05-14T23:26:26.565+0000] {processor.py:161} INFO - Started process (PID=5084) to work on /opt/airflow/dags/main.py
[2026-05-14T23:26:26.567+0000] {processor.py:830} INFO - Processing file /opt/airflow/dags/main.py for tasks to queue
[2026-05-14T23:26:26.569+0000] {logging_mixin.py:188} INFO - [2026-05-14T23:26:26.569+0000] {dagbag.py:545} INFO - Filling up the DagBag from /opt/airflow/dags/main.py
[2026-05-14T23:26:26.632+0000] {processor.py:840} INFO - DAG(s) 'produce_json' retrieved from /opt/airflow/dags/main.py
[2026-05-14T23:26:26.655+0000] {logging_mixin.py:188} INFO - [2026-05-14T23:26:26.655+0000] {dag.py:3096} INFO - Sync 1 DAGs
[2026-05-14T23:26:26.684+0000] {logging_mixin.py:188} INFO - [2026-05-14T23:26:26.684+0000] {dag.py:3954} INFO - Setting next_dagrun for produce_json to 2026-05-14 13:00:00+00:00, run_after=2026-05-15 13:00:00+00:00
[2026-05-14T23:26:26.757+0000] {processor.py:183} INFO - Processing /opt/airflow/dags/main.py took 0.199 seconds
[2026-05-14T23:26:56.945+0000] {processor.py:161} INFO - Started process (PID=5091) to work on /opt/airflow/dags/main.py
[2026-05-14T23:26:56.947+0000] {processor.py:830} INFO - Processing file /opt/airflow/dags/main.py for tasks to queue
[2026-05-14T23:26:56.949+0000] {logging_mixin.py:188} INFO - [2026-05-14T23:26:56.949+0000] {dagbag.py:545} INFO - Filling up the DagBag from /opt/airflow/dags/main.py
[2026-05-14T23:26:57.010+0000] {processor.py:840} INFO - DAG(s) 'produce_json' retrieved from /opt/airflow/dags/main.py
[2026-05-14T23:26:57.035+0000] {logging_mixin.py:188} INFO - [2026-05-14T23:26:57.035+0000] {dag.py:3096} INFO - Sync 1 DAGs
[2026-05-14T23:26:57.060+0000] {logging_mixin.py:188} INFO - [2026-05-14T23:26:57.059+0000] {dag.py:3954} INFO - Setting next_dagrun for produce_json to 2026-05-14 13:00:00+00:00, run_after=2026-05-15 13:00:00+00:00
[2026-05-14T23:26:57.132+0000] {processor.py:183} INFO - Processing /opt/airflow/dags/main.py took 0.195 seconds
[2026-05-14T23:27:27.368+0000] {processor.py:161} INFO - Started process (PID=5098) to work on /opt/airflow/dags/main.py
[2026-05-14T23:27:27.370+0000] {processor.py:830} INFO - Processing file /opt/airflow/dags/main.py for tasks to queue
[2026-05-14T23:27:27.373+0000] {logging_mixin.py:188} INFO - [2026-05-14T23:27:27.373+0000] {dagbag.py:545} INFO - Filling up the DagBag from /opt/airflow/dags/main.py
[2026-05-14T23:27:27.474+0000] {processor.py:840} INFO - DAG(s) 'produce_json' retrieved from /opt/airflow/dags/main.py
[2026-05-14T23:27:27.511+0000] {logging_mixin.py:188} INFO - [2026-05-14T23:27:27.510+0000] {dag.py:3096} INFO - Sync 1 DAGs
[2026-05-14T23:27:27.560+0000] {logging_mixin.py:188} INFO - [2026-05-14T23:27:27.560+0000] {dag.py:3954} INFO - Setting next_dagrun for produce_json to 2026-05-14 13:00:00+00:00, run_after=2026-05-15 13:00:00+00:00
[2026-05-14T23:27:27.645+0000] {processor.py:183} INFO - Processing /opt/airflow/dags/main.py took 0.285 seconds
[2026-05-14T23:27:57.959+0000] {processor.py:161} INFO - Started process (PID=5105) to work on /opt/airflow/dags/main.py
[2026-05-14T23:27:57.960+0000] {processor.py:830} INFO - Processing file /opt/airflow/dags/main.py for tasks to queue
[2026-05-14T23:27:57.963+0000] {logging_mixin.py:188} INFO - [2026-05-14T23:27:57.962+0000] {dagbag.py:545} INFO - Filling up the DagBag from /opt/airflow/dags/main.py
[2026-05-14T23:27:58.071+0000] {processor.py:840} INFO - DAG(s) 'produce_json' retrieved from /opt/airflow/dags/main.py
[2026-05-14T23:27:58.117+0000] {logging_mixin.py:188} INFO - [2026-05-14T23:27:58.117+0000] {dag.py:3096} INFO - Sync 1 DAGs
[2026-05-14T23:27:58.149+0000] {logging_mixin.py:188} INFO - [2026-05-14T23:27:58.149+0000] {dag.py:3954} INFO - Setting next_dagrun for produce_json to 2026-05-14 13:00:00+00:00, run_after=2026-05-15 13:00:00+00:00
[2026-05-14T23:27:58.224+0000] {processor.py:183} INFO - Processing /opt/airflow/dags/main.py took 0.272 seconds
[2026-05-14T23:28:28.545+0000] {processor.py:161} INFO - Started process (PID=5112) to work on /opt/airflow/dags/main.py
[2026-05-14T23:28:28.546+0000] {processor.py:830} INFO - Processing file /opt/airflow/dags/main.py for tasks to queue
[2026-05-14T23:28:28.549+0000] {logging_mixin.py:188} INFO - [2026-05-14T23:28:28.548+0000] {dagbag.py:545} INFO - Filling up the DagBag from /opt/airflow/dags/main.py
[2026-05-14T23:28:28.613+0000] {processor.py:840} INFO - DAG(s) 'produce_json' retrieved from /opt/airflow/dags/main.py
[2026-05-14T23:28:28.636+0000] {logging_mixin.py:188} INFO - [2026-05-14T23:28:28.636+0000] {dag.py:3096} INFO - Sync 1 DAGs
[2026-05-14T23:28:28.662+0000] {logging_mixin.py:188} INFO - [2026-05-14T23:28:28.662+0000] {dag.py:3954} INFO - Setting next_dagrun for produce_json to 2026-05-14 13:00:00+00:00, run_after=2026-05-15 13:00:00+00:00
[2026-05-14T23:28:28.732+0000] {processor.py:183} INFO - Processing /opt/airflow/dags/main.py took 0.195 seconds
[2026-05-14T23:28:58.852+0000] {processor.py:161} INFO - Started process (PID=5119) to work on /opt/airflow/dags/main.py
[2026-05-14T23:28:58.854+0000] {processor.py:830} INFO - Processing file /opt/airflow/dags/main.py for tasks to queue
[2026-05-14T23:28:58.856+0000] {logging_mixin.py:188} INFO - [2026-05-14T23:28:58.856+0000] {dagbag.py:545} INFO - Filling up the DagBag from /opt/airflow/dags/main.py
[2026-05-14T23:28:58.941+0000] {processor.py:840} INFO - DAG(s) 'produce_json' retrieved from /opt/airflow/dags/main.py
[2026-05-14T23:28:58.987+0000] {logging_mixin.py:188} INFO - [2026-05-14T23:28:58.987+0000] {dag.py:3096} INFO - Sync 1 DAGs
[2026-05-14T23:28:59.043+0000] {logging_mixin.py:188} INFO - [2026-05-14T23:28:59.043+0000] {dag.py:3954} INFO - Setting next_dagrun for produce_json to 2026-05-14 13:00:00+00:00, run_after=2026-05-15 13:00:00+00:00
[2026-05-14T23:28:59.070+0000] {processor.py:183} INFO - Processing /opt/airflow/dags/main.py took 0.227 seconds
[2026-05-14T23:29:29.375+0000] {processor.py:161} INFO - Started process (PID=5126) to work on /opt/airflow/dags/main.py
[2026-05-14T23:29:29.377+0000] {processor.py:830} INFO - Processing file /opt/airflow/dags/main.py for tasks to queue
[2026-05-14T23:29:29.379+0000] {logging_mixin.py:188} INFO - [2026-05-14T23:29:29.379+0000] {dagbag.py:545} INFO - Filling up the DagBag from /opt/airflow/dags/main.py
[2026-05-14T23:29:29.441+0000] {processor.py:840} INFO - DAG(s) 'produce_json' retrieved from /opt/airflow/dags/main.py
[2026-05-14T23:29:29.478+0000] {logging_mixin.py:188} INFO - [2026-05-14T23:29:29.477+0000] {dag.py:3096} INFO - Sync 1 DAGs
[2026-05-14T23:29:29.525+0000] {logging_mixin.py:188} INFO - [2026-05-14T23:29:29.525+0000] {dag.py:3954} INFO - Setting next_dagrun for produce_json to 2026-05-14 13:00:00+00:00, run_after=2026-05-15 13:00:00+00:00
[2026-05-14T23:29:29.565+0000] {processor.py:183} INFO - Processing /opt/airflow/dags/main.py took 0.195 seconds
[2026-05-14T23:29:59.695+0000] {processor.py:161} INFO - Started process (PID=5133) to work on /opt/airflow/dags/main.py
[2026-05-14T23:29:59.697+0000] {processor.py:830} INFO - Processing file /opt/airflow/dags/main.py for tasks to queue
[2026-05-14T23:29:59.700+0000] {logging_mixin.py:188} INFO - [2026-05-14T23:29:59.700+0000] {dagbag.py:545} INFO - Filling up the DagBag from /opt/airflow/dags/main.py
[2026-05-14T23:29:59.797+0000] {processor.py:840} INFO - DAG(s) 'produce_json' retrieved from /opt/airflow/dags/main.py
[2026-05-14T23:29:59.828+0000] {logging_mixin.py:188} INFO - [2026-05-14T23:29:59.827+0000] {dag.py:3096} INFO - Sync 1 DAGs
[2026-05-14T23:29:59.870+0000] {logging_mixin.py:188} INFO - [2026-05-14T23:29:59.869+0000] {dag.py:3954} INFO - Setting next_dagrun for produce_json to 2026-05-14 13:00:00+00:00, run_after=2026-05-15 13:00:00+00:00
[2026-05-14T23:29:59.955+0000] {processor.py:183} INFO - Processing /opt/airflow/dags/main.py took 0.274 seconds
[2026-05-14T23:30:30.166+0000] {processor.py:161} INFO - Started process (PID=5140) to work on /opt/airflow/dags/main.py
[2026-05-14T23:30:30.167+0000] {processor.py:830} INFO - Processing file /opt/airflow/dags/main.py for tasks to queue
[2026-05-14T23:30:30.170+0000] {logging_mixin.py:188} INFO - [2026-05-14T23:30:30.169+0000] {dagbag.py:545} INFO - Filling up the DagBag from /opt/airflow/dags/main.py
[2026-05-14T23:30:30.239+0000] {processor.py:840} INFO - DAG(s) 'produce_json' retrieved from /opt/airflow/dags/main.py
[2026-05-14T23:30:30.266+0000] {logging_mixin.py:188} INFO - [2026-05-14T23:30:30.265+0000] {dag.py:3096} INFO - Sync 1 DAGs
[2026-05-14T23:30:30.291+0000] {logging_mixin.py:188} INFO - [2026-05-14T23:30:30.291+0000] {dag.py:3954} INFO - Setting next_dagrun for produce_json to 2026-05-14 13:00:00+00:00, run_after=2026-05-15 13:00:00+00:00
[2026-05-14T23:30:30.314+0000] {processor.py:183} INFO - Processing /opt/airflow/dags/main.py took 0.155 seconds
[2026-05-14T23:31:00.562+0000] {processor.py:161} INFO - Started process (PID=5147) to work on /opt/airflow/dags/main.py
[2026-05-14T23:31:00.565+0000] {processor.py:830} INFO - Processing file /opt/airflow/dags/main.py for tasks to queue
[2026-05-14T23:31:00.569+0000] {logging_mixin.py:188} INFO - [2026-05-14T23:31:00.568+0000] {dagbag.py:545} INFO - Filling up the DagBag from /opt/airflow/dags/main.py
[2026-05-14T23:31:00.674+0000] {processor.py:840} INFO - DAG(s) 'produce_json' retrieved from /opt/airflow/dags/main.py
[2026-05-14T23:31:00.699+0000] {logging_mixin.py:188} INFO - [2026-05-14T23:31:00.699+0000] {dag.py:3096} INFO - Sync 1 DAGs
[2026-05-14T23:31:00.739+0000] {logging_mixin.py:188} INFO - [2026-05-14T23:31:00.739+0000] {dag.py:3954} INFO - Setting next_dagrun for produce_json to 2026-05-14 13:00:00+00:00, run_after=2026-05-15 13:00:00+00:00
[2026-05-14T23:31:00.821+0000] {processor.py:183} INFO - Processing /opt/airflow/dags/main.py took 0.272 seconds
[2026-05-14T23:31:30.921+0000] {processor.py:161} INFO - Started process (PID=5154) to work on /opt/airflow/dags/main.py
[2026-05-14T23:31:30.923+0000] {processor.py:830} INFO - Processing file /opt/airflow/dags/main.py for tasks to queue
[2026-05-14T23:31:30.926+0000] {logging_mixin.py:188} INFO - [2026-05-14T23:31:30.925+0000] {dagbag.py:545} INFO - Filling up the DagBag from /opt/airflow/dags/main.py
[2026-05-14T23:31:30.986+0000] {processor.py:840} INFO - DAG(s) 'produce_json' retrieved from /opt/airflow/dags/main.py
[2026-05-14T23:31:31.010+0000] {logging_mixin.py:188} INFO - [2026-05-14T23:31:31.010+0000] {dag.py:3096} INFO - Sync 1 DAGs
[2026-05-14T23:31:31.037+0000] {logging_mixin.py:188} INFO - [2026-05-14T23:31:31.037+0000] {dag.py:3954} INFO - Setting next_dagrun for produce_json to 2026-05-14 13:00:00+00:00, run_after=2026-05-15 13:00:00+00:00
[2026-05-14T23:31:31.110+0000] {processor.py:183} INFO - Processing /opt/airflow/dags/main.py took 0.196 seconds
[2026-05-14T23:32:01.443+0000] {processor.py:161} INFO - Started process (PID=5161) to work on /opt/airflow/dags/main.py
[2026-05-14T23:32:01.445+0000] {processor.py:830} INFO - Processing file /opt/airflow/dags/main.py for tasks to queue
[2026-05-14T23:32:01.448+0000] {logging_mixin.py:188} INFO - [2026-05-14T23:32:01.448+0000] {dagbag.py:545} INFO - Filling up the DagBag from /opt/airflow/dags/main.py
[2026-05-14T23:32:01.541+0000] {processor.py:840} INFO - DAG(s) 'produce_json' retrieved from /opt/airflow/dags/main.py
[2026-05-14T23:32:01.569+0000] {logging_mixin.py:188} INFO - [2026-05-14T23:32:01.568+0000] {dag.py:3096} INFO - Sync 1 DAGs
[2026-05-14T23:32:01.596+0000] {logging_mixin.py:188} INFO - [2026-05-14T23:32:01.596+0000] {dag.py:3954} INFO - Setting next_dagrun for produce_json to 2026-05-14 13:00:00+00:00, run_after=2026-05-15 13:00:00+00:00
[2026-05-14T23:32:01.628+0000] {processor.py:183} INFO - Processing /opt/airflow/dags/main.py took 0.191 seconds
[2026-05-14T23:32:31.958+0000] {processor.py:161} INFO - Started process (PID=5168) to work on /opt/airflow/dags/main.py
[2026-05-14T23:32:31.959+0000] {processor.py:830} INFO - Processing file /opt/airflow/dags/main.py for tasks to queue
[2026-05-14T23:32:31.961+0000] {logging_mixin.py:188} INFO - [2026-05-14T23:32:31.961+0000] {dagbag.py:545} INFO - Filling up the DagBag from /opt/airflow/dags/main.py
[2026-05-14T23:32:32.025+0000] {processor.py:840} INFO - DAG(s) 'produce_json' retrieved from /opt/airflow/dags/main.py
[2026-05-14T23:32:32.048+0000] {logging_mixin.py:188} INFO - [2026-05-14T23:32:32.048+0000] {dag.py:3096} INFO - Sync 1 DAGs
[2026-05-14T23:32:32.071+0000] {logging_mixin.py:188} INFO - [2026-05-14T23:32:32.071+0000] {dag.py:3954} INFO - Setting next_dagrun for produce_json to 2026-05-14 13:00:00+00:00, run_after=2026-05-15 13:00:00+00:00
[2026-05-14T23:32:32.147+0000] {processor.py:183} INFO - Processing /opt/airflow/dags/main.py took 0.196 seconds
